title,company,sector,location,work_mode,description,eligibility,required_skills,preferred_skills,education_requirements,duration,stipend,application_url,source
Data Science Intern,Oracle India,Artificial Intelligence,Delhi NCR,Hybrid,"Apply statistical methods and machine learning techniques to solve business problems for Oracle India. You'll work with large datasets, build predictive models, and communicate insights to stakeholders.","Open to BCA, B.Tech students (2026, 2028 batches)","[""Statistics"", ""Pandas"", ""Python""]","[""scikit-learn"", ""AWS"", ""TensorFlow""]","[""B.Sc CS"", ""B.Tech"", ""BCA""]",1 Month,"₹15,000 / Month",https://careers.oracle-india.com/apply/internship-1,Demo Dataset
Data Science Intern,Swiggy,E-commerce,Mumbai,Hybrid,"Apply statistical methods and machine learning techniques to solve business problems for Swiggy. You'll work with large datasets, build predictive models, and communicate insights to stakeholders.","Open to B.Tech, MCA, B.Sc CS students (2026, 2027, 2028 batches)","[""Python"", ""Machine Learning"", ""Pandas""]","[""R"", ""AWS"", ""TensorFlow""]","[""MCA"", ""B.Tech"", ""BCA""]",3 Months,"₹12,000 / Month",https://careers.swiggy.com/apply/internship-2,Demo Dataset
Product Manager Intern,DeepMind India,Cybersecurity,Remote,Hybrid,"Support DeepMind India's product team in developing and launching successful products. You'll conduct market research, analyze user feedback, and contribute to product strategy.","Open to MCA, B.Tech, BCA students (2026, 2027, 2028 batches)","[""Communication"", ""Market Analysis"", ""Excel""]","[""Analytics"", ""A/B Testing"", ""User Research""]","[""BCA"", ""B.Sc CS"", ""MCA""]",1 Month,"₹15,000 / Month",https://careers.deepmind-india.com/apply/internship-3,Demo Dataset
Solutions Architect Intern,Infosys,FinTech,Hyderabad,Remote,"Design comprehensive IT solutions for Infosys's clients and internal needs. You'll evaluate technologies, create architecture diagrams, and present recommendations.","Open to MCA, B.Tech students (2025, 2026, 2028 batches)","[""SQL"", ""System Design"", ""Cloud Architecture""]","[""Docker"", ""Python"", ""Kubernetes""]","[""BCA"", ""B.Sc CS""]",6 Months,"₹18,000 / Month",https://careers.infosys.com/apply/internship-4,Demo Dataset
Solutions Architect Intern,QuantumLeap AI,EdTech,Mumbai,Remote,"Design comprehensive IT solutions for QuantumLeap AI's clients and internal needs. You'll evaluate technologies, create architecture diagrams, and present recommendations.","Open to B.Sc CS, BCA students (2026, 2028 batches)","[""Cloud Architecture"", ""System Design"", ""AWS""]","[""Azure"", ""GCP"", ""Docker""]","[""B.Sc CS"", ""BCA""]",2 Months,"₹20,000 / Month",https://careers.quantumleap-ai.com/apply/internship-5,Demo Dataset
Cybersecurity Analyst Intern,Cognizant,Data Analytics,Hyderabad,Remote,"Help Cognizant protect its digital assets by analyzing security threats and implementing protective measures. You'll participate in security audits, vulnerability assessments, and incident response activities.","Open to B.Sc CS, MCA students (2025, 2027 batches)","[""Python"", ""Network Security"", ""Encryption""]","[""SIEM"", ""Penetration Testing"", ""Metasploit""]","[""B.Tech"", ""B.Sc CS"", ""BCA""]",1 Month,"₹5,000 / Month",https://careers.cognizant.com/apply/internship-6,Demo Dataset
Software Development Intern,Apple India,Artificial Intelligence,Remote,On-site,"Join Apple India's development team and contribute to building scalable software solutions using modern technologies. You will work on real-world projects, collaborate with experienced engineers, and gain hands-on experience in the full software development lifecycle.","Open to B.Sc CS, MCA students (2025, 2026, 2027 batches)","[""Data Structures"", ""Python"", ""Java""]","[""SQL"", ""Docker"", ""AWS""]","[""BCA"", ""B.Tech"", ""MCA""]",1 Month,"₹10,000 / Month",https://careers.apple-india.com/apply/internship-7,Demo Dataset
Full Stack Developer Intern,QuantumLeap AI,Cloud Computing,Delhi NCR,On-site,Build complete web applications at QuantumLeap AI by working on both frontend and backend technologies. You'll gain experience across the entire development stack and learn best practices in web development.,"Open to MCA, B.Sc CS students (2026, 2027, 2028 batches)","[""Git"", ""Node.js"", ""SQL""]","[""Express.js"", ""REST APIs"", ""AWS""]","[""BCA"", ""B.Tech"", ""MCA""]",6 Months,"₹18,000 / Month",https://careers.quantumleap-ai.com/apply/internship-8,Demo Dataset
Data Analyst Intern,Microsoft India,E-commerce,Delhi NCR,Remote,"Work with Microsoft India's data team to analyze business metrics and create actionable insights. You'll develop data visualizations, write SQL queries, and support data-driven decision-making across the organization.","Open to B.Sc CS, BCA students (2025, 2026, 2028 batches)","[""Excel"", ""Python"", ""Data Visualization""]","[""Power BI"", ""R"", ""Python""]","[""BCA"", ""B.Sc CS"", ""MCA""]",6 Months,"₹10,000 / Month",https://careers.microsoft-india.com/apply/internship-9,Demo Dataset
Data Science Intern,Amazon India,IT & Software,Chennai,Hybrid,"Apply statistical methods and machine learning techniques to solve business problems for Amazon India. You'll work with large datasets, build predictive models, and communicate insights to stakeholders.","Open to MCA, BCA, B.Tech students (2026, 2027 batches)","[""Machine Learning"", ""Statistics"", ""Python""]","[""R"", ""scikit-learn"", ""TensorFlow""]","[""B.Tech"", ""BCA""]",3 Months,"₹25,000 / Month",https://careers.amazon-india.com/apply/internship-10,Demo Dataset
Data Science Intern,TechVision Labs,Cloud Computing,Delhi NCR,Hybrid,"Apply statistical methods and machine learning techniques to solve business problems for TechVision Labs. You'll work with large datasets, build predictive models, and communicate insights to stakeholders.","Open to BCA, B.Tech, B.Sc CS students (2025, 2026, 2027 batches)","[""Pandas"", ""Machine Learning"", ""Statistics""]","[""R"", ""scikit-learn"", ""AWS""]","[""BCA"", ""B.Tech""]",1 Month,"₹18,000 / Month",https://careers.techvision-labs.com/apply/internship-11,Demo Dataset
UI/UX Design Intern,Razorpay,Cybersecurity,Chennai,Remote,"Create beautiful and intuitive user interfaces for Razorpay's digital products. You'll conduct user research, create prototypes, and collaborate with developers to bring designs to life.","Open to BCA, MCA, B.Tech students (2026, 2027, 2028 batches)","[""Prototyping"", ""Wireframing"", ""UX Research""]","[""Sketch"", ""CSS"", ""Adobe XD""]","[""MCA"", ""B.Tech"", ""BCA""]",6 Months,"₹18,000 / Month",https://careers.razorpay.com/apply/internship-12,Demo Dataset
Solutions Architect Intern,DataDrive Solutions,Data Analytics,Bengaluru,Remote,"Design comprehensive IT solutions for DataDrive Solutions's clients and internal needs. You'll evaluate technologies, create architecture diagrams, and present recommendations.","Open to MCA, BCA students (2026, 2027, 2028 batches)","[""Cloud Architecture"", ""System Design"", ""SQL""]","[""Azure"", ""Docker"", ""Python""]","[""BCA"", ""B.Tech"", ""B.Sc CS""]",2 Months,"₹30,000 / Month",https://careers.datadrive-solutions.com/apply/internship-13,Demo Dataset
AI/ML Engineer Intern,Flipkart,FinTech,Chennai,Remote,"Advance Flipkart's AI capabilities by developing intelligent systems and algorithms. You'll experiment with new techniques, optimize models, and solve complex AI problems.","Open to B.Tech, B.Sc CS students (2025, 2027 batches)","[""Statistics"", ""Deep Learning"", ""Python""]","[""NLP"", ""PyTorch"", ""Computer Vision""]","[""B.Tech"", ""BCA"", ""MCA""]",2 Months,"₹5,000 / Month",https://careers.flipkart.com/apply/internship-14,Demo Dataset
Backend Developer Intern,Swiggy,EdTech,Remote,Remote,"Design and develop server-side logic and APIs for Swiggy's applications. You'll work with databases, optimize performance, and ensure scalability of backend systems.","Open to B.Tech, BCA, MCA students (2025, 2026, 2027 batches)","[""Git"", ""Java"", ""Python""]","[""Express.js"", ""MongoDB"", ""Docker""]","[""B.Tech"", ""MCA""]",1 Month,"₹20,000 / Month",https://careers.swiggy.com/apply/internship-15,Demo Dataset
Product Manager Intern,Cognizant,Artificial Intelligence,Bengaluru,On-site,"Support Cognizant's product team in developing and launching successful products. You'll conduct market research, analyze user feedback, and contribute to product strategy.","Open to MCA, B.Tech students (2025, 2026 batches)","[""Product Strategy"", ""SQL"", ""Communication""]","[""User Research"", ""A/B Testing"", ""Analytics""]","[""B.Sc CS"", ""B.Tech""]",2 Months,"₹15,000 / Month",https://careers.cognizant.com/apply/internship-16,Demo Dataset
Cybersecurity Analyst Intern,Amazon India,Cloud Computing,Hyderabad,Hybrid,"Help Amazon India protect its digital assets by analyzing security threats and implementing protective measures. You'll participate in security audits, vulnerability assessments, and incident response activities.","Open to BCA, B.Tech students (2027, 2028 batches)","[""Linux"", ""Network Security"", ""Python""]","[""Penetration Testing"", ""Metasploit"", ""SIEM""]","[""MCA"", ""BCA"", ""B.Sc CS""]",1 Month,"₹10,000 / Month",https://careers.amazon-india.com/apply/internship-17,Demo Dataset
Python Developer Intern,SmartAI Innovations,Data Analytics,Hyderabad,Remote,Write clean and efficient Python code for SmartAI Innovations's projects and applications. You'll learn Python best practices and contribute to building robust software solutions.,"Open to B.Sc CS, B.Tech, MCA students (2026, 2027, 2028 batches)","[""Data Structures"", ""Git"", ""Python""]","[""PostgreSQL"", ""FastAPI"", ""Django""]","[""B.Tech"", ""BCA""]",2 Months,"₹15,000 / Month",https://careers.smartai-innovations.com/apply/internship-18,Demo Dataset
Python Developer Intern,Apple India,Cybersecurity,Hyderabad,On-site,Write clean and efficient Python code for Apple India's projects and applications. You'll learn Python best practices and contribute to building robust software solutions.,"Open to B.Sc CS, MCA students (2026, 2028 batches)","[""SQL"", ""Data Structures"", ""Python""]","[""PostgreSQL"", ""Flask"", ""Django""]","[""B.Tech"", ""MCA"", ""BCA""]",2 Months,"₹12,000 / Month",https://careers.apple-india.com/apply/internship-19,Demo Dataset
Product Manager Intern,Infosys,IT & Software,Delhi NCR,Hybrid,"Support Infosys's product team in developing and launching successful products. You'll conduct market research, analyze user feedback, and contribute to product strategy.","Open to B.Sc CS, MCA, B.Tech students (2026, 2027, 2028 batches)","[""SQL"", ""Market Analysis"", ""Product Strategy""]","[""A/B Testing"", ""User Research"", ""Python""]","[""B.Sc CS"", ""MCA"", ""B.Tech""]",2 Months,"₹15,000 / Month",https://careers.infosys.com/apply/internship-20,Demo Dataset
Product Manager Intern,Cisco Systems India,IT & Software,Hyderabad,Remote,"Support Cisco Systems India's product team in developing and launching successful products. You'll conduct market research, analyze user feedback, and contribute to product strategy.","Open to BCA, B.Sc CS, MCA students (2027, 2028 batches)","[""Market Analysis"", ""Product Strategy"", ""SQL""]","[""Roadmapping"", ""Analytics"", ""Python""]","[""BCA"", ""B.Sc CS"", ""B.Tech""]",2 Months,"₹12,000 / Month",https://careers.cisco-systems-india.com/apply/internship-21,Demo Dataset
Backend Developer Intern,ProdigyTech Labs,Cybersecurity,Remote,Remote,"Design and develop server-side logic and APIs for ProdigyTech Labs's applications. You'll work with databases, optimize performance, and ensure scalability of backend systems.","Open to B.Sc CS, B.Tech, BCA students (2025, 2027, 2028 batches)","[""Python"", ""Java"", ""Git""]","[""Docker"", ""Node.js"", ""PostgreSQL""]","[""BCA"", ""B.Sc CS""]",6 Months,"₹12,000 / Month",https://careers.prodigytech-labs.com/apply/internship-22,Demo Dataset
Solutions Architect Intern,Wipro,FinTech,Delhi NCR,Hybrid,"Design comprehensive IT solutions for Wipro's clients and internal needs. You'll evaluate technologies, create architecture diagrams, and present recommendations.","Open to BCA, B.Sc CS, B.Tech students (2025, 2027, 2028 batches)","[""Documentation"", ""Cloud Architecture"", ""AWS""]","[""Docker"", ""Azure"", ""GCP""]","[""BCA"", ""B.Sc CS""]",3 Months,"₹10,000 / Month",https://careers.wipro.com/apply/internship-23,Demo Dataset
Software Development Intern,PolicyBazaar,Artificial Intelligence,Pune,Remote,"Join PolicyBazaar's development team and contribute to building scalable software solutions using modern technologies. You will work on real-world projects, collaborate with experienced engineers, and gain hands-on experience in the full software development lifecycle.","Open to BCA, MCA, B.Tech students (2025, 2026, 2027 batches)","[""Git"", ""Data Structures"", ""C++""]","[""Docker"", ""Linux"", ""AWS""]","[""MCA"", ""B.Tech"", ""BCA""]",2 Months,"₹15,000 / Month",https://careers.policybazaar.com/apply/internship-24,Demo Dataset
Software Development Intern,TechVision Labs,Cloud Computing,Chennai,On-site,"Join TechVision Labs's development team and contribute to building scalable software solutions using modern technologies. You will work on real-world projects, collaborate with experienced engineers, and gain hands-on experience in the full software development lifecycle.","Open to MCA, B.Sc CS students (2025, 2027, 2028 batches)","[""Git"", ""C++"", ""Java""]","[""SQL"", ""REST APIs"", ""Docker""]","[""BCA"", ""B.Tech""]",2 Months,"₹20,000 / Month",https://careers.techvision-labs.com/apply/internship-25,Demo Dataset
Cloud Architect Intern,ByteForce Labs,Artificial Intelligence,Kolkata,Remote,"Design scalable and secure cloud solutions for ByteForce Labs's applications and infrastructure. You'll work with cloud platforms, optimize costs, and ensure high availability.","Open to B.Tech, B.Sc CS students (2026, 2028 batches)","[""Cloud Architecture"", ""System Design"", ""AWS""]","[""Docker"", ""Azure"", ""GCP""]","[""MCA"", ""BCA"", ""B.Tech""]",1 Month,"₹30,000 / Month",https://careers.byteforce-labs.com/apply/internship-26,Demo Dataset
UI/UX Design Intern,ProdigyTech Labs,Cloud Computing,Kolkata,On-site,"Create beautiful and intuitive user interfaces for ProdigyTech Labs's digital products. You'll conduct user research, create prototypes, and collaborate with developers to bring designs to life.","Open to B.Tech, MCA, B.Sc CS students (2026, 2027 batches)","[""Wireframing"", ""Prototyping"", ""UX Research""]","[""Adobe XD"", ""CSS"", ""Sketch""]","[""MCA"", ""B.Tech""]",3 Months,"₹12,000 / Month",https://careers.prodigytech-labs.com/apply/internship-27,Demo Dataset
Cloud Architect Intern,HCL Technologies,E-commerce,Hyderabad,On-site,"Design scalable and secure cloud solutions for HCL Technologies's applications and infrastructure. You'll work with cloud platforms, optimize costs, and ensure high availability.","Open to MCA, B.Tech students (2026, 2027, 2028 batches)","[""AWS"", ""System Design"", ""Linux""]","[""Azure"", ""Docker"", ""GCP""]","[""B.Tech"", ""MCA"", ""BCA""]",3 Months,"₹10,000 / Month",https://careers.hcl-technologies.com/apply/internship-28,Demo Dataset
Python Developer Intern,NeuroTech Solutions,Data Analytics,Remote,Remote,Write clean and efficient Python code for NeuroTech Solutions's projects and applications. You'll learn Python best practices and contribute to building robust software solutions.,"Open to BCA, MCA, B.Sc CS students (2026, 2027, 2028 batches)","[""Git"", ""Python"", ""SQL""]","[""Docker"", ""Flask"", ""FastAPI""]","[""MCA"", ""B.Sc CS"", ""B.Tech""]",6 Months,"₹10,000 / Month",https://careers.neurotech-solutions.com/apply/internship-29,Demo Dataset
AI/ML Engineer Intern,Ola Electric,Data Analytics,Chennai,On-site,"Advance Ola Electric's AI capabilities by developing intelligent systems and algorithms. You'll experiment with new techniques, optimize models, and solve complex AI problems.","Open to B.Sc CS, B.Tech, BCA students (2025, 2026 batches)","[""Machine Learning"", ""Statistics"", ""Python""]","[""NLP"", ""Reinforcement Learning"", ""Computer Vision""]","[""B.Tech"", ""BCA"", ""MCA""]",2 Months,"₹12,000 / Month",https://careers.ola-electric.com/apply/internship-30,Demo Dataset
Cloud Architect Intern,VectorShift AI,IT & Software,Remote,Hybrid,"Design scalable and secure cloud solutions for VectorShift AI's applications and infrastructure. You'll work with cloud platforms, optimize costs, and ensure high availability.","Open to BCA, MCA students (2025, 2027, 2028 batches)","[""Networking"", ""Cloud Architecture"", ""AWS""]","[""Kubernetes"", ""Terraform"", ""Azure""]","[""B.Sc CS"", ""MCA"", ""BCA""]",2 Months,"₹25,000 / Month",https://careers.vectorshift-ai.com/apply/internship-31,Demo Dataset
UI/UX Design Intern,Flipkart,IT & Software,Mumbai,Remote,"Create beautiful and intuitive user interfaces for Flipkart's digital products. You'll conduct user research, create prototypes, and collaborate with developers to bring designs to life.","Open to B.Sc CS, MCA students (2026, 2028 batches)","[""Prototyping"", ""UI Design"", ""UX Research""]","[""CSS"", ""Sketch"", ""Design Systems""]","[""BCA"", ""B.Tech""]",3 Months,"₹18,000 / Month",https://careers.flipkart.com/apply/internship-32,Demo Dataset
Cloud & DevOps Intern,SmartAI Innovations,E-commerce,Delhi NCR,Hybrid,"Support SmartAI Innovations's cloud infrastructure and deployment pipelines using DevOps best practices. You'll work on containerization, CI/CD automation, and cloud platform management.","Open to B.Tech, MCA students (2025, 2027, 2028 batches)","[""Docker"", ""Linux"", ""Git""]","[""Terraform"", ""Kubernetes"", ""Azure""]","[""BCA"", ""B.Sc CS"", ""B.Tech""]",6 Months,"₹25,000 / Month",https://careers.smartai-innovations.com/apply/internship-33,Demo Dataset
Database Administrator Intern,SmartAI Innovations,FinTech,Chennai,Remote,"Manage and optimize SmartAI Innovations's databases to ensure performance and reliability. You'll handle backups, security, and database maintenance tasks.","Open to BCA, MCA, B.Sc CS students (2025, 2027 batches)","[""MySQL"", ""PostgreSQL"", ""SQL""]","[""Oracle"", ""Performance Tuning"", ""MongoDB""]","[""BCA"", ""B.Sc CS"", ""MCA""]",3 Months,"₹5,000 / Month",https://careers.smartai-innovations.com/apply/internship-34,Demo Dataset
Database Administrator Intern,Cognizant,Cloud Computing,Mumbai,Hybrid,"Manage and optimize Cognizant's databases to ensure performance and reliability. You'll handle backups, security, and database maintenance tasks.","Open to MCA, BCA students (2026, 2027 batches)","[""MySQL"", ""Database Design"", ""PostgreSQL""]","[""MongoDB"", ""AWS"", ""Oracle""]","[""B.Tech"", ""MCA"", ""BCA""]",6 Months,"₹12,000 / Month",https://careers.cognizant.com/apply/internship-35,Demo Dataset
Machine Learning Intern,Apple India,IT & Software,Remote,Hybrid,Contribute to Apple India's AI initiatives by developing and training machine learning models on real datasets. You'll work alongside ML engineers to solve complex problems and implement cutting-edge algorithms.,"Open to BCA, B.Tech students (2025, 2026 batches)","[""TensorFlow"", ""Statistics"", ""Python""]","[""Computer Vision"", ""PyTorch"", ""NLP""]","[""BCA"", ""B.Tech"", ""MCA""]",3 Months,"₹25,000 / Month",https://careers.apple-india.com/apply/internship-36,Demo Dataset
Backend Developer Intern,Intel India,EdTech,Mumbai,On-site,"Design and develop server-side logic and APIs for Intel India's applications. You'll work with databases, optimize performance, and ensure scalability of backend systems.","Open to MCA, BCA students (2025, 2026 batches)","[""SQL"", ""Java"", ""Python""]","[""Node.js"", ""Express.js"", ""MongoDB""]","[""B.Tech"", ""BCA""]",6 Months,"₹25,000 / Month",https://careers.intel-india.com/apply/internship-37,Demo Dataset
Data Science Intern,Apple India,Artificial Intelligence,Bengaluru,Remote,"Apply statistical methods and machine learning techniques to solve business problems for Apple India. You'll work with large datasets, build predictive models, and communicate insights to stakeholders.","Open to B.Sc CS, BCA, MCA students (2026, 2027 batches)","[""SQL"", ""Statistics"", ""Pandas""]","[""Tableau"", ""AWS"", ""R""]","[""B.Tech"", ""B.Sc CS""]",2 Months,"₹20,000 / Month",https://careers.apple-india.com/apply/internship-38,Demo Dataset
Cybersecurity Analyst Intern,ProdigyTech Labs,FinTech,Pune,Hybrid,"Help ProdigyTech Labs protect its digital assets by analyzing security threats and implementing protective measures. You'll participate in security audits, vulnerability assessments, and incident response activities.","Open to BCA, B.Tech, B.Sc CS students (2025, 2026, 2027 batches)","[""Firewall"", ""Linux"", ""Python""]","[""Metasploit"", ""SIEM"", ""Penetration Testing""]","[""B.Sc CS"", ""BCA""]",3 Months,"₹12,000 / Month",https://careers.prodigytech-labs.com/apply/internship-39,Demo Dataset
Data Analyst Intern,Cognizant,Cloud Computing,Mumbai,Hybrid,"Work with Cognizant's data team to analyze business metrics and create actionable insights. You'll develop data visualizations, write SQL queries, and support data-driven decision-making across the organization.","Open to B.Tech, MCA students (2026, 2027, 2028 batches)","[""SQL"", ""Excel"", ""Python""]","[""Python"", ""Apache Spark"", ""R""]","[""B.Tech"", ""B.Sc CS""]",3 Months,"₹5,000 / Month",https://careers.cognizant.com/apply/internship-40,Demo Dataset
Data Analyst Intern,ABC Tech,Cybersecurity,Mumbai,Hybrid,"Work with ABC Tech's data team to analyze business metrics and create actionable insights. You'll develop data visualizations, write SQL queries, and support data-driven decision-making across the organization.","Open to B.Tech, B.Sc CS, BCA students (2026, 2027, 2028 batches)","[""Excel"", ""Data Visualization"", ""Python""]","[""R"", ""Python"", ""Tableau""]","[""B.Tech"", ""MCA""]",1 Month,"₹18,000 / Month",https://careers.abc-tech.com/apply/internship-41,Demo Dataset
Cloud Architect Intern,Wipro,Data Analytics,Kolkata,On-site,"Design scalable and secure cloud solutions for Wipro's applications and infrastructure. You'll work with cloud platforms, optimize costs, and ensure high availability.","Open to BCA, B.Tech, B.Sc CS students (2025, 2027, 2028 batches)","[""Linux"", ""Networking"", ""Cloud Architecture""]","[""Kubernetes"", ""GCP"", ""Azure""]","[""B.Sc CS"", ""BCA"", ""B.Tech""]",1 Month,"₹15,000 / Month",https://careers.wipro.com/apply/internship-42,Demo Dataset
Product Manager Intern,Flipkart,IT & Software,Mumbai,Hybrid,"Support Flipkart's product team in developing and launching successful products. You'll conduct market research, analyze user feedback, and contribute to product strategy.","Open to B.Sc CS, MCA, BCA students (2025, 2026 batches)","[""Market Analysis"", ""Excel"", ""Product Strategy""]","[""Roadmapping"", ""Python"", ""A/B Testing""]","[""BCA"", ""MCA"", ""B.Sc CS""]",1 Month,"₹12,000 / Month",https://careers.flipkart.com/apply/internship-43,Demo Dataset
Machine Learning Intern,TCS (Tata Consultancy Services),IT & Software,Mumbai,Hybrid,Contribute to TCS (Tata Consultancy Services)'s AI initiatives by developing and training machine learning models on real datasets. You'll work alongside ML engineers to solve complex problems and implement cutting-edge algorithms.,"Open to MCA, B.Tech, B.Sc CS students (2025, 2026, 2028 batches)","[""scikit-learn"", ""TensorFlow"", ""Machine Learning""]","[""PyTorch"", ""NLP"", ""AWS""]","[""BCA"", ""MCA""]",6 Months,"₹18,000 / Month",https://careers.tcs-tata-consultancy-services.com/apply/internship-44,Demo Dataset
Frontend Developer Intern,TechVision Labs,FinTech,Chennai,Hybrid,Build responsive and interactive user interfaces for TechVision Labs's web applications using modern frameworks. You'll collaborate with designers and backend developers to deliver engaging user experiences.,"Open to B.Sc CS, MCA, BCA students (2026, 2027, 2028 batches)","[""HTML"", ""Git"", ""CSS""]","[""Redux"", ""TypeScript"", ""Figma""]","[""MCA"", ""B.Tech"", ""B.Sc CS""]",2 Months,"₹10,000 / Month",https://careers.techvision-labs.com/apply/internship-45,Demo Dataset
Network Engineer Intern,VectorShift AI,IT & Software,Kolkata,Remote,"Support VectorShift AI's network infrastructure by configuring and maintaining network systems. You'll work on network security, connectivity, and performance optimization.","Open to B.Sc CS, MCA, BCA students (2025, 2028 batches)","[""Linux"", ""Networking"", ""Switching""]","[""Firewalls"", ""Python"", ""Cisco IOS""]","[""B.Tech"", ""BCA"", ""B.Sc CS""]",6 Months,"₹12,000 / Month",https://careers.vectorshift-ai.com/apply/internship-46,Demo Dataset
Cloud Architect Intern,CloudStack Infra,E-commerce,Pune,On-site,"Design scalable and secure cloud solutions for CloudStack Infra's applications and infrastructure. You'll work with cloud platforms, optimize costs, and ensure high availability.","Open to B.Sc CS, B.Tech students (2025, 2026, 2028 batches)","[""Linux"", ""AWS"", ""System Design""]","[""Docker"", ""Terraform"", ""GCP""]","[""MCA"", ""B.Tech"", ""B.Sc CS""]",6 Months,"₹12,000 / Month",https://careers.cloudstack-infra.com/apply/internship-47,Demo Dataset
Product Manager Intern,ByteForce Labs,Cybersecurity,Chennai,Hybrid,"Support ByteForce Labs's product team in developing and launching successful products. You'll conduct market research, analyze user feedback, and contribute to product strategy.","Open to MCA, B.Sc CS students (2025, 2026, 2028 batches)","[""SQL"", ""Market Analysis"", ""Excel""]","[""Roadmapping"", ""A/B Testing"", ""Python""]","[""MCA"", ""B.Tech""]",1 Month,"₹18,000 / Month",https://careers.byteforce-labs.com/apply/internship-48,Demo Dataset
Machine Learning Intern,CloudStack Infra,Data Analytics,Pune,Hybrid,Contribute to CloudStack Infra's AI initiatives by developing and training machine learning models on real datasets. You'll work alongside ML engineers to solve complex problems and implement cutting-edge algorithms.,"Open to MCA, BCA, B.Sc CS students (2025, 2028 batches)","[""Statistics"", ""scikit-learn"", ""TensorFlow""]","[""PyTorch"", ""Computer Vision"", ""NLP""]","[""BCA"", ""B.Tech""]",2 Months,"₹30,000 / Month",https://careers.cloudstack-infra.com/apply/internship-49,Demo Dataset
Cybersecurity Analyst Intern,CloudNine Dynamics,EdTech,Mumbai,On-site,"Help CloudNine Dynamics protect its digital assets by analyzing security threats and implementing protective measures. You'll participate in security audits, vulnerability assessments, and incident response activities.","Open to BCA, MCA students (2026, 2028 batches)","[""Python"", ""Linux"", ""Encryption""]","[""Metasploit"", ""Penetration Testing"", ""Wireshark""]","[""MCA"", ""BCA"", ""B.Sc CS""]",6 Months,"₹15,000 / Month",https://careers.cloudnine-dynamics.com/apply/internship-50,Demo Dataset
Quality Assurance Intern,TechVision Labs,Cloud Computing,Hyderabad,On-site,"Ensure software quality at TechVision Labs by designing test cases and identifying bugs before release. You'll perform manual testing, create automation scripts, and maintain quality standards.","Open to MCA, B.Sc CS, B.Tech students (2025, 2026, 2028 batches)","[""Python"", ""Bug Tracking"", ""Test Cases""]","[""LoadRunner"", ""Selenium"", ""Automation Testing""]","[""MCA"", ""B.Tech"", ""BCA""]",2 Months,"₹15,000 / Month",https://careers.techvision-labs.com/apply/internship-51,Demo Dataset
Backend Developer Intern,FutureCode Systems,Cloud Computing,Mumbai,Remote,"Design and develop server-side logic and APIs for FutureCode Systems's applications. You'll work with databases, optimize performance, and ensure scalability of backend systems.","Open to B.Sc CS, BCA, B.Tech students (2027, 2028 batches)","[""Java"", ""Git"", ""REST APIs""]","[""MongoDB"", ""Docker"", ""PostgreSQL""]","[""B.Tech"", ""MCA""]",3 Months,"₹30,000 / Month",https://careers.futurecode-systems.com/apply/internship-52,Demo Dataset
Data Analyst Intern,Infosys,Cloud Computing,Kolkata,Remote,"Work with Infosys's data team to analyze business metrics and create actionable insights. You'll develop data visualizations, write SQL queries, and support data-driven decision-making across the organization.","Open to MCA, BCA students (2025, 2026 batches)","[""Data Visualization"", ""Statistics"", ""Excel""]","[""Apache Spark"", ""Tableau"", ""Power BI""]","[""BCA"", ""B.Tech"", ""MCA""]",6 Months,"₹5,000 / Month",https://careers.infosys.com/apply/internship-53,Demo Dataset
Data Analyst Intern,TCS (Tata Consultancy Services),Cloud Computing,Pune,Hybrid,"Work with TCS (Tata Consultancy Services)'s data team to analyze business metrics and create actionable insights. You'll develop data visualizations, write SQL queries, and support data-driven decision-making across the organization.","Open to MCA, BCA, B.Sc CS students (2026, 2027, 2028 batches)","[""SQL"", ""Data Visualization"", ""Python""]","[""Apache Spark"", ""Power BI"", ""R""]","[""BCA"", ""B.Tech""]",6 Months,"₹18,000 / Month",https://careers.tcs-tata-consultancy-services.com/apply/internship-54,Demo Dataset
Backend Developer Intern,Accenture India,FinTech,Remote,Hybrid,"Design and develop server-side logic and APIs for Accenture India's applications. You'll work with databases, optimize performance, and ensure scalability of backend systems.","Open to B.Tech, BCA students (2025, 2026, 2028 batches)","[""SQL"", ""Git"", ""Python""]","[""Node.js"", ""MongoDB"", ""Express.js""]","[""MCA"", ""B.Tech"", ""B.Sc CS""]",1 Month,"₹18,000 / Month",https://careers.accenture-india.com/apply/internship-55,Demo Dataset
Software Development Intern,HCL Technologies,E-commerce,Pune,Hybrid,"Join HCL Technologies's development team and contribute to building scalable software solutions using modern technologies. You will work on real-world projects, collaborate with experienced engineers, and gain hands-on experience in the full software development lifecycle.","Open to BCA, B.Tech, MCA students (2025, 2026 batches)","[""Data Structures"", ""Python"", ""Git""]","[""REST APIs"", ""Docker"", ""SQL""]","[""B.Tech"", ""BCA""]",2 Months,"₹30,000 / Month",https://careers.hcl-technologies.com/apply/internship-56,Demo Dataset
Frontend Developer Intern,SecureNet India,Cloud Computing,Pune,Remote,Build responsive and interactive user interfaces for SecureNet India's web applications using modern frameworks. You'll collaborate with designers and backend developers to deliver engaging user experiences.,"Open to BCA, MCA, B.Tech students (2025, 2027 batches)","[""React"", ""Git"", ""HTML""]","[""Redux"", ""TypeScript"", ""REST APIs""]","[""MCA"", ""BCA"", ""B.Tech""]",3 Months,"₹5,000 / Month",https://careers.securenet-india.com/apply/internship-57,Demo Dataset
UI/UX Design Intern,DataDrive Solutions,Data Analytics,Hyderabad,On-site,"Create beautiful and intuitive user interfaces for DataDrive Solutions's digital products. You'll conduct user research, create prototypes, and collaborate with developers to bring designs to life.","Open to B.Tech, B.Sc CS, BCA students (2025, 2027, 2028 batches)","[""UI Design"", ""Figma"", ""UX Research""]","[""User Testing"", ""Design Systems"", ""Adobe XD""]","[""MCA"", ""BCA""]",6 Months,"₹12,000 / Month",https://careers.datadrive-solutions.com/apply/internship-58,Demo Dataset
Python Developer Intern,Wipro,E-commerce,Mumbai,On-site,Write clean and efficient Python code for Wipro's projects and applications. You'll learn Python best practices and contribute to building robust software solutions.,"Open to B.Sc CS, B.Tech students (2025, 2028 batches)","[""SQL"", ""Data Structures"", ""Python""]","[""Django"", ""FastAPI"", ""PostgreSQL""]","[""B.Tech"", ""BCA""]",2 Months,"₹30,000 / Month",https://careers.wipro.com/apply/internship-59,Demo Dataset
Quality Assurance Intern,Cognizant,Cybersecurity,Mumbai,Hybrid,"Ensure software quality at Cognizant by designing test cases and identifying bugs before release. You'll perform manual testing, create automation scripts, and maintain quality standards.","Open to BCA, MCA students (2026, 2027, 2028 batches)","[""Manual Testing"", ""Bug Tracking"", ""Python""]","[""Automation Testing"", ""Linux"", ""Selenium""]","[""B.Tech"", ""MCA"", ""B.Sc CS""]",3 Months,"₹30,000 / Month",https://careers.cognizant.com/apply/internship-60,Demo Dataset
Cybersecurity Analyst Intern,Razorpay,Cloud Computing,Bengaluru,Hybrid,"Help Razorpay protect its digital assets by analyzing security threats and implementing protective measures. You'll participate in security audits, vulnerability assessments, and incident response activities.","Open to BCA, B.Sc CS students (2026, 2027 batches)","[""Python"", ""Encryption"", ""Firewall""]","[""Metasploit"", ""Penetration Testing"", ""Wireshark""]","[""BCA"", ""B.Sc CS""]",3 Months,"₹10,000 / Month",https://careers.razorpay.com/apply/internship-61,Demo Dataset
Solutions Architect Intern,Cisco Systems India,Cybersecurity,Remote,Hybrid,"Design comprehensive IT solutions for Cisco Systems India's clients and internal needs. You'll evaluate technologies, create architecture diagrams, and present recommendations.","Open to B.Sc CS, B.Tech, MCA students (2025, 2027, 2028 batches)","[""Cloud Architecture"", ""Documentation"", ""SQL""]","[""Azure"", ""Kubernetes"", ""Docker""]","[""BCA"", ""B.Sc CS"", ""B.Tech""]",6 Months,"₹5,000 / Month",https://careers.cisco-systems-india.com/apply/internship-62,Demo Dataset
Machine Learning Intern,InnovateTech,E-commerce,Pune,On-site,Contribute to InnovateTech's AI initiatives by developing and training machine learning models on real datasets. You'll work alongside ML engineers to solve complex problems and implement cutting-edge algorithms.,"Open to BCA, B.Sc CS, B.Tech students (2025, 2026, 2028 batches)","[""Machine Learning"", ""Statistics"", ""scikit-learn""]","[""Computer Vision"", ""PyTorch"", ""Deep Learning""]","[""MCA"", ""BCA""]",2 Months,"₹30,000 / Month",https://careers.innovatetech.com/apply/internship-63,Demo Dataset
Data Science Intern,Infosys,EdTech,Chennai,Remote,"Apply statistical methods and machine learning techniques to solve business problems for Infosys. You'll work with large datasets, build predictive models, and communicate insights to stakeholders.","Open to B.Sc CS, MCA students (2025, 2027 batches)","[""SQL"", ""Machine Learning"", ""Python""]","[""scikit-learn"", ""Tableau"", ""AWS""]","[""BCA"", ""B.Tech""]",1 Month,"₹15,000 / Month",https://careers.infosys.com/apply/internship-64,Demo Dataset
Software Development Intern,Amazon India,EdTech,Pune,On-site,"Join Amazon India's development team and contribute to building scalable software solutions using modern technologies. You will work on real-world projects, collaborate with experienced engineers, and gain hands-on experience in the full software development lifecycle.","Open to B.Sc CS, B.Tech students (2025, 2028 batches)","[""Data Structures"", ""C++"", ""Python""]","[""Docker"", ""AWS"", ""Linux""]","[""BCA"", ""B.Tech"", ""MCA""]",3 Months,"₹5,000 / Month",https://careers.amazon-india.com/apply/internship-65,Demo Dataset
Backend Developer Intern,CloudStack Infra,Data Analytics,Pune,Remote,"Design and develop server-side logic and APIs for CloudStack Infra's applications. You'll work with databases, optimize performance, and ensure scalability of backend systems.","Open to B.Sc CS, B.Tech, BCA students (2025, 2026 batches)","[""Git"", ""Python"", ""SQL""]","[""Docker"", ""MongoDB"", ""PostgreSQL""]","[""BCA"", ""B.Tech"", ""MCA""]",3 Months,"₹10,000 / Month",https://careers.cloudstack-infra.com/apply/internship-66,Demo Dataset
Full Stack Developer Intern,Flipkart,IT & Software,Kolkata,Hybrid,Build complete web applications at Flipkart by working on both frontend and backend technologies. You'll gain experience across the entire development stack and learn best practices in web development.,"Open to B.Sc CS, B.Tech students (2025, 2028 batches)","[""SQL"", ""JavaScript"", ""Git""]","[""AWS"", ""REST APIs"", ""Docker""]","[""BCA"", ""MCA"", ""B.Sc CS""]",3 Months,"₹10,000 / Month",https://careers.flipkart.com/apply/internship-67,Demo Dataset
Cybersecurity Analyst Intern,ByteForce Labs,Cloud Computing,Mumbai,Hybrid,"Help ByteForce Labs protect its digital assets by analyzing security threats and implementing protective measures. You'll participate in security audits, vulnerability assessments, and incident response activities.","Open to B.Sc CS, MCA, BCA students (2025, 2027, 2028 batches)","[""Network Security"", ""Encryption"", ""Python""]","[""Penetration Testing"", ""Wireshark"", ""SIEM""]","[""B.Sc CS"", ""MCA""]",6 Months,"₹5,000 / Month",https://careers.byteforce-labs.com/apply/internship-68,Demo Dataset
UI/UX Design Intern,Intel India,IT & Software,Kolkata,On-site,"Create beautiful and intuitive user interfaces for Intel India's digital products. You'll conduct user research, create prototypes, and collaborate with developers to bring designs to life.","Open to BCA, MCA, B.Tech students (2026, 2027, 2028 batches)","[""UX Research"", ""UI Design"", ""Figma""]","[""CSS"", ""Sketch"", ""Adobe XD""]","[""BCA"", ""MCA"", ""B.Tech""]",1 Month,"₹5,000 / Month",https://careers.intel-india.com/apply/internship-69,Demo Dataset
Product Manager Intern,NeuroTech Solutions,EdTech,Pune,On-site,"Support NeuroTech Solutions's product team in developing and launching successful products. You'll conduct market research, analyze user feedback, and contribute to product strategy.","Open to B.Sc CS, MCA students (2026, 2028 batches)","[""Product Strategy"", ""SQL"", ""Communication""]","[""Python"", ""A/B Testing"", ""User Research""]","[""B.Tech"", ""B.Sc CS"", ""BCA""]",2 Months,"₹30,000 / Month",https://careers.neurotech-solutions.com/apply/internship-70,Demo Dataset
Machine Learning Intern,Ola Electric,Cybersecurity,Delhi NCR,On-site,Contribute to Ola Electric's AI initiatives by developing and training machine learning models on real datasets. You'll work alongside ML engineers to solve complex problems and implement cutting-edge algorithms.,"Open to B.Sc CS, MCA students (2025, 2027, 2028 batches)","[""Machine Learning"", ""Statistics"", ""Python""]","[""Computer Vision"", ""NLP"", ""Deep Learning""]","[""B.Tech"", ""MCA"", ""B.Sc CS""]",1 Month,"₹18,000 / Month",https://careers.ola-electric.com/apply/internship-71,Demo Dataset
Cloud & DevOps Intern,ByteForce Labs,EdTech,Hyderabad,Remote,"Support ByteForce Labs's cloud infrastructure and deployment pipelines using DevOps best practices. You'll work on containerization, CI/CD automation, and cloud platform management.","Open to MCA, BCA students (2025, 2026 batches)","[""AWS"", ""Git"", ""Python""]","[""Jenkins"", ""CI/CD"", ""Kubernetes""]","[""B.Tech"", ""BCA"", ""MCA""]",6 Months,"₹15,000 / Month",https://careers.byteforce-labs.com/apply/internship-72,Demo Dataset
Backend Developer Intern,SynergyAI Systems,Artificial Intelligence,Chennai,On-site,"Design and develop server-side logic and APIs for SynergyAI Systems's applications. You'll work with databases, optimize performance, and ensure scalability of backend systems.","Open to MCA, BCA, B.Tech students (2026, 2027 batches)","[""Java"", ""Git"", ""Python""]","[""Docker"", ""Express.js"", ""MongoDB""]","[""MCA"", ""BCA"", ""B.Tech""]",3 Months,"₹10,000 / Month",https://careers.synergyai-systems.com/apply/internship-73,Demo Dataset
Cloud & DevOps Intern,ProdigyTech Labs,IT & Software,Kolkata,Hybrid,"Support ProdigyTech Labs's cloud infrastructure and deployment pipelines using DevOps best practices. You'll work on containerization, CI/CD automation, and cloud platform management.","Open to B.Sc CS, BCA students (2025, 2028 batches)","[""AWS"", ""Docker"", ""Python""]","[""CI/CD"", ""Azure"", ""Kubernetes""]","[""MCA"", ""BCA"", ""B.Tech""]",1 Month,"₹30,000 / Month",https://careers.prodigytech-labs.com/apply/internship-74,Demo Dataset
UI/UX Design Intern,Cisco Systems India,E-commerce,Hyderabad,On-site,"Create beautiful and intuitive user interfaces for Cisco Systems India's digital products. You'll conduct user research, create prototypes, and collaborate with developers to bring designs to life.","Open to B.Tech, B.Sc CS, MCA students (2026, 2028 batches)","[""Figma"", ""Prototyping"", ""UI Design""]","[""Sketch"", ""CSS"", ""User Testing""]","[""B.Tech"", ""BCA"", ""MCA""]",1 Month,"₹30,000 / Month",https://careers.cisco-systems-india.com/apply/internship-75,Demo Dataset
AI/ML Engineer Intern,DeepMind India,E-commerce,Chennai,Remote,"Advance DeepMind India's AI capabilities by developing intelligent systems and algorithms. You'll experiment with new techniques, optimize models, and solve complex AI problems.","Open to B.Sc CS, B.Tech students (2026, 2027 batches)","[""Machine Learning"", ""Statistics"", ""TensorFlow""]","[""Computer Vision"", ""Reinforcement Learning"", ""AWS""]","[""BCA"", ""MCA"", ""B.Tech""]",3 Months,"₹25,000 / Month",https://careers.deepmind-india.com/apply/internship-76,Demo Dataset
Business Analyst Intern,DeepMind India,Cybersecurity,Hyderabad,Remote,"Work with DeepMind India's stakeholders to gather requirements and improve business processes. You'll create documentation, analyze workflows, and support project implementation.","Open to B.Tech, BCA students (2025, 2028 batches)","[""Communication"", ""Business Analysis"", ""Excel""]","[""Tableau"", ""Python"", ""Process Mapping""]","[""B.Tech"", ""BCA"", ""B.Sc CS""]",2 Months,"₹10,000 / Month",https://careers.deepmind-india.com/apply/internship-77,Demo Dataset
Cybersecurity Analyst Intern,Flipkart,Artificial Intelligence,Hyderabad,On-site,"Help Flipkart protect its digital assets by analyzing security threats and implementing protective measures. You'll participate in security audits, vulnerability assessments, and incident response activities.","Open to MCA, B.Tech students (2025, 2026, 2027 batches)","[""Linux"", ""Network Security"", ""Firewall""]","[""AWS"", ""Wireshark"", ""SIEM""]","[""BCA"", ""B.Sc CS"", ""MCA""]",3 Months,"₹5,000 / Month",https://careers.flipkart.com/apply/internship-78,Demo Dataset
Full Stack Developer Intern,TechVision Labs,Cloud Computing,Pune,Hybrid,Build complete web applications at TechVision Labs by working on both frontend and backend technologies. You'll gain experience across the entire development stack and learn best practices in web development.,"Open to BCA, B.Tech, B.Sc CS students (2025, 2026 batches)","[""JavaScript"", ""Git"", ""React""]","[""Docker"", ""MongoDB"", ""Express.js""]","[""B.Sc CS"", ""BCA""]",6 Months,"₹30,000 / Month",https://careers.techvision-labs.com/apply/internship-79,Demo Dataset
Network Engineer Intern,Razorpay,EdTech,Mumbai,On-site,"Support Razorpay's network infrastructure by configuring and maintaining network systems. You'll work on network security, connectivity, and performance optimization.","Open to B.Sc CS, B.Tech students (2025, 2026, 2027 batches)","[""Networking"", ""Linux"", ""Routing""]","[""Firewalls"", ""VPN"", ""Network Security""]","[""B.Tech"", ""B.Sc CS""]",6 Months,"₹15,000 / Month",https://careers.razorpay.com/apply/internship-80,Demo Dataset
Full Stack Developer Intern,Unacademy,Data Analytics,Pune,Remote,Build complete web applications at Unacademy by working on both frontend and backend technologies. You'll gain experience across the entire development stack and learn best practices in web development.,"Open to B.Sc CS, BCA, MCA students (2027, 2028 batches)","[""React"", ""Git"", ""Node.js""]","[""AWS"", ""REST APIs"", ""Express.js""]","[""B.Sc CS"", ""MCA"", ""B.Tech""]",3 Months,"₹5,000 / Month",https://careers.unacademy.com/apply/internship-81,Demo Dataset
Business Analyst Intern,CloudNine Dynamics,Cybersecurity,Hyderabad,Remote,"Work with CloudNine Dynamics's stakeholders to gather requirements and improve business processes. You'll create documentation, analyze workflows, and support project implementation.","Open to B.Sc CS, BCA students (2025, 2026 batches)","[""Communication"", ""Documentation"", ""Business Analysis""]","[""Tableau"", ""Requirements Gathering"", ""Process Mapping""]","[""BCA"", ""MCA""]",1 Month,"₹20,000 / Month",https://careers.cloudnine-dynamics.com/apply/internship-82,Demo Dataset
Network Engineer Intern,PolicyBazaar,Cybersecurity,Pune,On-site,"Support PolicyBazaar's network infrastructure by configuring and maintaining network systems. You'll work on network security, connectivity, and performance optimization.","Open to B.Tech, BCA students (2025, 2028 batches)","[""Networking"", ""TCP/IP"", ""Routing""]","[""Cisco IOS"", ""Python"", ""Network Security""]","[""B.Sc CS"", ""BCA"", ""MCA""]",1 Month,"₹25,000 / Month",https://careers.policybazaar.com/apply/internship-83,Demo Dataset
Frontend Developer Intern,SmartAI Innovations,EdTech,Delhi NCR,On-site,Build responsive and interactive user interfaces for SmartAI Innovations's web applications using modern frameworks. You'll collaborate with designers and backend developers to deliver engaging user experiences.,"Open to BCA, MCA, B.Tech students (2025, 2027 batches)","[""Git"", ""JavaScript"", ""HTML""]","[""TypeScript"", ""REST APIs"", ""Redux""]","[""B.Sc CS"", ""BCA""]",6 Months,"₹18,000 / Month",https://careers.smartai-innovations.com/apply/internship-84,Demo Dataset
Cloud & DevOps Intern,CloudNine Dynamics,Cloud Computing,Kolkata,Remote,"Support CloudNine Dynamics's cloud infrastructure and deployment pipelines using DevOps best practices. You'll work on containerization, CI/CD automation, and cloud platform management.","Open to B.Tech, MCA, BCA students (2025, 2026 batches)","[""Git"", ""AWS"", ""Linux""]","[""Azure"", ""Kubernetes"", ""CI/CD""]","[""B.Sc CS"", ""B.Tech""]",6 Months,"₹30,000 / Month",https://careers.cloudnine-dynamics.com/apply/internship-85,Demo Dataset
AI/ML Engineer Intern,Tech Mahindra,Data Analytics,Bengaluru,On-site,"Advance Tech Mahindra's AI capabilities by developing intelligent systems and algorithms. You'll experiment with new techniques, optimize models, and solve complex AI problems.","Open to B.Tech, BCA students (2025, 2026, 2028 batches)","[""Python"", ""TensorFlow"", ""Machine Learning""]","[""Reinforcement Learning"", ""NLP"", ""PyTorch""]","[""B.Sc CS"", ""MCA""]",2 Months,"₹30,000 / Month",https://careers.tech-mahindra.com/apply/internship-86,Demo Dataset
Quality Assurance Intern,Razorpay,Data Analytics,Remote,Remote,"Ensure software quality at Razorpay by designing test cases and identifying bugs before release. You'll perform manual testing, create automation scripts, and maintain quality standards.","Open to BCA, B.Tech, MCA students (2025, 2027, 2028 batches)","[""SQL"", ""Test Cases"", ""Manual Testing""]","[""Linux"", ""LoadRunner"", ""JIRA""]","[""BCA"", ""B.Sc CS""]",1 Month,"₹12,000 / Month",https://careers.razorpay.com/apply/internship-87,Demo Dataset
Backend Developer Intern,SynergyAI Systems,FinTech,Kolkata,Remote,"Design and develop server-side logic and APIs for SynergyAI Systems's applications. You'll work with databases, optimize performance, and ensure scalability of backend systems.","Open to B.Tech, MCA, BCA students (2026, 2027, 2028 batches)","[""SQL"", ""Java"", ""Python""]","[""PostgreSQL"", ""Express.js"", ""Docker""]","[""BCA"", ""MCA"", ""B.Sc CS""]",3 Months,"₹10,000 / Month",https://careers.synergyai-systems.com/apply/internship-88,Demo Dataset
Python Developer Intern,Flipkart,Cloud Computing,Kolkata,On-site,Write clean and efficient Python code for Flipkart's projects and applications. You'll learn Python best practices and contribute to building robust software solutions.,"Open to B.Tech, BCA, MCA students (2027, 2028 batches)","[""Data Structures"", ""Python"", ""OOP""]","[""Docker"", ""Flask"", ""Django""]","[""B.Sc CS"", ""BCA"", ""B.Tech""]",2 Months,"₹5,000 / Month",https://careers.flipkart.com/apply/internship-89,Demo Dataset
Full Stack Developer Intern,SecureNet India,Artificial Intelligence,Kolkata,Hybrid,Build complete web applications at SecureNet India by working on both frontend and backend technologies. You'll gain experience across the entire development stack and learn best practices in web development.,"Open to B.Sc CS, B.Tech students (2025, 2026, 2028 batches)","[""SQL"", ""Node.js"", ""React""]","[""Express.js"", ""REST APIs"", ""MongoDB""]","[""B.Sc CS"", ""B.Tech"", ""BCA""]",2 Months,"₹25,000 / Month",https://careers.securenet-india.com/apply/internship-90,Demo Dataset
Network Engineer Intern,InnovateTech,Cloud Computing,Chennai,On-site,"Support InnovateTech's network infrastructure by configuring and maintaining network systems. You'll work on network security, connectivity, and performance optimization.","Open to B.Sc CS, B.Tech students (2025, 2027, 2028 batches)","[""TCP/IP"", ""Routing"", ""Switching""]","[""Firewalls"", ""VPN"", ""Cisco IOS""]","[""B.Sc CS"", ""MCA"", ""B.Tech""]",3 Months,"₹12,000 / Month",https://careers.innovatetech.com/apply/internship-91,Demo Dataset
Machine Learning Intern,Ola Electric,Data Analytics,Chennai,Remote,Contribute to Ola Electric's AI initiatives by developing and training machine learning models on real datasets. You'll work alongside ML engineers to solve complex problems and implement cutting-edge algorithms.,"Open to MCA, BCA, B.Sc CS students (2025, 2027, 2028 batches)","[""Python"", ""Statistics"", ""scikit-learn""]","[""Computer Vision"", ""PyTorch"", ""Deep Learning""]","[""B.Sc CS"", ""B.Tech"", ""MCA""]",3 Months,"₹20,000 / Month",https://careers.ola-electric.com/apply/internship-92,Demo Dataset
Cloud Architect Intern,Paytm,Data Analytics,Kolkata,Hybrid,"Design scalable and secure cloud solutions for Paytm's applications and infrastructure. You'll work with cloud platforms, optimize costs, and ensure high availability.","Open to B.Tech, B.Sc CS, MCA students (2025, 2026 batches)","[""Networking"", ""Cloud Architecture"", ""AWS""]","[""Terraform"", ""GCP"", ""Kubernetes""]","[""B.Sc CS"", ""B.Tech""]",1 Month,"₹10,000 / Month",https://careers.paytm.com/apply/internship-93,Demo Dataset
Full Stack Developer Intern,Zomato,IT & Software,Kolkata,Hybrid,Build complete web applications at Zomato by working on both frontend and backend technologies. You'll gain experience across the entire development stack and learn best practices in web development.,"Open to B.Tech, B.Sc CS, BCA students (2025, 2027 batches)","[""Node.js"", ""Git"", ""React""]","[""Docker"", ""Express.js"", ""MongoDB""]","[""MCA"", ""B.Sc CS""]",1 Month,"₹18,000 / Month",https://careers.zomato.com/apply/internship-94,Demo Dataset
Cloud Architect Intern,ABC Tech,Artificial Intelligence,Pune,Remote,"Design scalable and secure cloud solutions for ABC Tech's applications and infrastructure. You'll work with cloud platforms, optimize costs, and ensure high availability.","Open to B.Tech, MCA students (2025, 2026 batches)","[""System Design"", ""AWS"", ""Networking""]","[""Azure"", ""Terraform"", ""Kubernetes""]","[""B.Sc CS"", ""MCA""]",6 Months,"₹30,000 / Month",https://careers.abc-tech.com/apply/internship-95,Demo Dataset
Cloud Architect Intern,Freshworks,E-commerce,Delhi NCR,On-site,"Design scalable and secure cloud solutions for Freshworks's applications and infrastructure. You'll work with cloud platforms, optimize costs, and ensure high availability.","Open to BCA, B.Sc CS students (2026, 2027 batches)","[""Cloud Architecture"", ""AWS"", ""System Design""]","[""GCP"", ""Terraform"", ""Azure""]","[""MCA"", ""B.Tech""]",1 Month,"₹20,000 / Month",https://careers.freshworks.com/apply/internship-96,Demo Dataset
UI/UX Design Intern,Insight Analytics,FinTech,Pune,Hybrid,"Create beautiful and intuitive user interfaces for Insight Analytics's digital products. You'll conduct user research, create prototypes, and collaborate with developers to bring designs to life.","Open to BCA, B.Tech students (2026, 2027 batches)","[""Wireframing"", ""Figma"", ""UX Research""]","[""User Testing"", ""CSS"", ""Sketch""]","[""BCA"", ""MCA"", ""B.Tech""]",1 Month,"₹30,000 / Month",https://careers.insight-analytics.com/apply/internship-97,Demo Dataset
AI/ML Engineer Intern,Insight Analytics,EdTech,Mumbai,Remote,"Advance Insight Analytics's AI capabilities by developing intelligent systems and algorithms. You'll experiment with new techniques, optimize models, and solve complex AI problems.","Open to B.Sc CS, MCA students (2026, 2028 batches)","[""Statistics"", ""Machine Learning"", ""Deep Learning""]","[""Reinforcement Learning"", ""PyTorch"", ""NLP""]","[""B.Sc CS"", ""MCA""]",1 Month,"₹15,000 / Month",https://careers.insight-analytics.com/apply/internship-98,Demo Dataset
Data Analyst Intern,Flipkart,Cloud Computing,Hyderabad,Hybrid,"Work with Flipkart's data team to analyze business metrics and create actionable insights. You'll develop data visualizations, write SQL queries, and support data-driven decision-making across the organization.","Open to MCA, BCA students (2025, 2027 batches)","[""SQL"", ""Python"", ""Excel""]","[""Power BI"", ""Apache Spark"", ""Tableau""]","[""MCA"", ""BCA""]",2 Months,"₹5,000 / Month",https://careers.flipkart.com/apply/internship-99,Demo Dataset
Python Developer Intern,Google India,Artificial Intelligence,Delhi NCR,Hybrid,Write clean and efficient Python code for Google India's projects and applications. You'll learn Python best practices and contribute to building robust software solutions.,"Open to MCA, B.Tech students (2026, 2027 batches)","[""Git"", ""Python"", ""OOP""]","[""PostgreSQL"", ""Django"", ""Docker""]","[""B.Tech"", ""B.Sc CS"", ""MCA""]",3 Months,"₹30,000 / Month",https://careers.google-india.com/apply/internship-100,Demo Dataset
Frontend Developer Intern,Wipro,EdTech,Chennai,Remote,Build responsive and interactive user interfaces for Wipro's web applications using modern frameworks. You'll collaborate with designers and backend developers to deliver engaging user experiences.,"Open to BCA, MCA students (2027, 2028 batches)","[""HTML"", ""JavaScript"", ""Git""]","[""TypeScript"", ""Figma"", ""Vue.js""]","[""B.Sc CS"", ""B.Tech"", ""BCA""]",2 Months,"₹12,000 / Month",https://careers.wipro.com/apply/internship-101,Demo Dataset
Cloud & DevOps Intern,Tech Mahindra,Data Analytics,Chennai,Hybrid,"Support Tech Mahindra's cloud infrastructure and deployment pipelines using DevOps best practices. You'll work on containerization, CI/CD automation, and cloud platform management.","Open to BCA, B.Sc CS students (2025, 2027 batches)","[""Linux"", ""Python"", ""Docker""]","[""Kubernetes"", ""Azure"", ""Terraform""]","[""B.Tech"", ""MCA"", ""B.Sc CS""]",1 Month,"₹18,000 / Month",https://careers.tech-mahindra.com/apply/internship-102,Demo Dataset
Full Stack Developer Intern,Amazon India,Data Analytics,Kolkata,Remote,Build complete web applications at Amazon India by working on both frontend and backend technologies. You'll gain experience across the entire development stack and learn best practices in web development.,"Open to MCA, B.Sc CS students (2026, 2027, 2028 batches)","[""React"", ""Node.js"", ""Git""]","[""MongoDB"", ""AWS"", ""REST APIs""]","[""B.Sc CS"", ""MCA""]",2 Months,"₹25,000 / Month",https://careers.amazon-india.com/apply/internship-103,Demo Dataset
Cloud Architect Intern,SecureNet India,FinTech,Remote,On-site,"Design scalable and secure cloud solutions for SecureNet India's applications and infrastructure. You'll work with cloud platforms, optimize costs, and ensure high availability.","Open to B.Sc CS, B.Tech, BCA students (2025, 2026, 2028 batches)","[""Linux"", ""Cloud Architecture"", ""System Design""]","[""Kubernetes"", ""GCP"", ""Azure""]","[""MCA"", ""B.Sc CS""]",1 Month,"₹5,000 / Month",https://careers.securenet-india.com/apply/internship-104,Demo Dataset
UI/UX Design Intern,PixelCraft Studios,FinTech,Bengaluru,On-site,"Create beautiful and intuitive user interfaces for PixelCraft Studios's digital products. You'll conduct user research, create prototypes, and collaborate with developers to bring designs to life.","Open to BCA, B.Sc CS, B.Tech students (2025, 2026 batches)","[""Wireframing"", ""Prototyping"", ""Figma""]","[""Design Systems"", ""Adobe XD"", ""Sketch""]","[""BCA"", ""B.Sc CS""]",3 Months,"₹20,000 / Month",https://careers.pixelcraft-studios.com/apply/internship-105,Demo Dataset
Cybersecurity Analyst Intern,SecureNet India,E-commerce,Chennai,Hybrid,"Help SecureNet India protect its digital assets by analyzing security threats and implementing protective measures. You'll participate in security audits, vulnerability assessments, and incident response activities.","Open to MCA, B.Sc CS, B.Tech students (2025, 2027, 2028 batches)","[""Linux"", ""Firewall"", ""Python""]","[""AWS"", ""Wireshark"", ""SIEM""]","[""MCA"", ""BCA""]",3 Months,"₹25,000 / Month",https://careers.securenet-india.com/apply/internship-106,Demo Dataset
Business Analyst Intern,Cisco Systems India,IT & Software,Chennai,On-site,"Work with Cisco Systems India's stakeholders to gather requirements and improve business processes. You'll create documentation, analyze workflows, and support project implementation.","Open to B.Tech, BCA students (2026, 2028 batches)","[""Documentation"", ""SQL"", ""Communication""]","[""Process Mapping"", ""Python"", ""JIRA""]","[""MCA"", ""B.Sc CS"", ""B.Tech""]",1 Month,"₹25,000 / Month",https://careers.cisco-systems-india.com/apply/internship-107,Demo Dataset
Cloud & DevOps Intern,PixelCraft Studios,EdTech,Kolkata,On-site,"Support PixelCraft Studios's cloud infrastructure and deployment pipelines using DevOps best practices. You'll work on containerization, CI/CD automation, and cloud platform management.","Open to BCA, B.Sc CS, B.Tech students (2025, 2027 batches)","[""Linux"", ""Git"", ""AWS""]","[""Kubernetes"", ""Jenkins"", ""Azure""]","[""B.Sc CS"", ""MCA""]",1 Month,"₹10,000 / Month",https://careers.pixelcraft-studios.com/apply/internship-108,Demo Dataset
Full Stack Developer Intern,InnovateTech,Cybersecurity,Pune,On-site,Build complete web applications at InnovateTech by working on both frontend and backend technologies. You'll gain experience across the entire development stack and learn best practices in web development.,"Open to B.Tech, BCA, B.Sc CS students (2025, 2026, 2027 batches)","[""SQL"", ""JavaScript"", ""Node.js""]","[""MongoDB"", ""AWS"", ""Express.js""]","[""B.Sc CS"", ""MCA"", ""B.Tech""]",2 Months,"₹20,000 / Month",https://careers.innovatetech.com/apply/internship-109,Demo Dataset
Cloud & DevOps Intern,CloudStack Infra,Cybersecurity,Pune,Remote,"Support CloudStack Infra's cloud infrastructure and deployment pipelines using DevOps best practices. You'll work on containerization, CI/CD automation, and cloud platform management.","Open to B.Tech, BCA, MCA students (2026, 2028 batches)","[""Linux"", ""Git"", ""Python""]","[""CI/CD"", ""Kubernetes"", ""Jenkins""]","[""MCA"", ""BCA"", ""B.Sc CS""]",1 Month,"₹20,000 / Month",https://careers.cloudstack-infra.com/apply/internship-110,Demo Dataset
Backend Developer Intern,Swiggy,IT & Software,Hyderabad,On-site,"Design and develop server-side logic and APIs for Swiggy's applications. You'll work with databases, optimize performance, and ensure scalability of backend systems.","Open to B.Sc CS, B.Tech students (2026, 2027 batches)","[""Python"", ""Java"", ""Git""]","[""PostgreSQL"", ""Docker"", ""MongoDB""]","[""BCA"", ""B.Tech"", ""MCA""]",6 Months,"₹18,000 / Month",https://careers.swiggy.com/apply/internship-111,Demo Dataset
Mobile App Developer Intern,Flipkart,E-commerce,Chennai,Remote,"Develop mobile applications for iOS or Android platforms at Flipkart. You'll work on feature development, testing, and optimization to deliver high-quality mobile experiences.","Open to B.Tech, B.Sc CS students (2026, 2028 batches)","[""Kotlin"", ""React Native"", ""Java""]","[""Swift"", ""SQLite"", ""Firebase""]","[""B.Tech"", ""BCA""]",1 Month,"₹20,000 / Month",https://careers.flipkart.com/apply/internship-112,Demo Dataset
Mobile App Developer Intern,PixelCraft Studios,Cybersecurity,Kolkata,Remote,"Develop mobile applications for iOS or Android platforms at PixelCraft Studios. You'll work on feature development, testing, and optimization to deliver high-quality mobile experiences.","Open to BCA, B.Sc CS students (2025, 2027 batches)","[""Kotlin"", ""React Native"", ""Git""]","[""SQLite"", ""Swift"", ""Firebase""]","[""B.Tech"", ""BCA"", ""B.Sc CS""]",6 Months,"₹30,000 / Month",https://careers.pixelcraft-studios.com/apply/internship-113,Demo Dataset
Solutions Architect Intern,Infosys,E-commerce,Remote,Hybrid,"Design comprehensive IT solutions for Infosys's clients and internal needs. You'll evaluate technologies, create architecture diagrams, and present recommendations.","Open to BCA, B.Sc CS students (2026, 2027, 2028 batches)","[""AWS"", ""Documentation"", ""SQL""]","[""GCP"", ""Python"", ""Kubernetes""]","[""B.Tech"", ""MCA""]",1 Month,"₹12,000 / Month",https://careers.infosys.com/apply/internship-114,Demo Dataset
Cloud & DevOps Intern,SecureNet India,Cybersecurity,Chennai,On-site,"Support SecureNet India's cloud infrastructure and deployment pipelines using DevOps best practices. You'll work on containerization, CI/CD automation, and cloud platform management.","Open to B.Tech, BCA students (2025, 2028 batches)","[""Linux"", ""Docker"", ""Git""]","[""Jenkins"", ""Kubernetes"", ""Terraform""]","[""MCA"", ""B.Sc CS""]",3 Months,"₹30,000 / Month",https://careers.securenet-india.com/apply/internship-115,Demo Dataset
Product Manager Intern,ByteForce Labs,Data Analytics,Remote,Remote,"Support ByteForce Labs's product team in developing and launching successful products. You'll conduct market research, analyze user feedback, and contribute to product strategy.","Open to MCA, B.Tech students (2026, 2027, 2028 batches)","[""Product Strategy"", ""Communication"", ""Excel""]","[""A/B Testing"", ""Analytics"", ""User Research""]","[""B.Sc CS"", ""MCA"", ""B.Tech""]",3 Months,"₹12,000 / Month",https://careers.byteforce-labs.com/apply/internship-116,Demo Dataset
Product Manager Intern,Razorpay,FinTech,Hyderabad,Remote,"Support Razorpay's product team in developing and launching successful products. You'll conduct market research, analyze user feedback, and contribute to product strategy.","Open to MCA, B.Tech, B.Sc CS students (2025, 2026, 2028 batches)","[""Market Analysis"", ""SQL"", ""Communication""]","[""User Research"", ""Analytics"", ""Python""]","[""BCA"", ""MCA""]",3 Months,"₹20,000 / Month",https://careers.razorpay.com/apply/internship-117,Demo Dataset
Machine Learning Intern,Paytm,Artificial Intelligence,Hyderabad,Remote,Contribute to Paytm's AI initiatives by developing and training machine learning models on real datasets. You'll work alongside ML engineers to solve complex problems and implement cutting-edge algorithms.,"Open to B.Sc CS, B.Tech, BCA students (2025, 2026, 2027 batches)","[""Statistics"", ""Python"", ""Machine Learning""]","[""PyTorch"", ""NLP"", ""AWS""]","[""B.Sc CS"", ""BCA"", ""MCA""]",1 Month,"₹15,000 / Month",https://careers.paytm.com/apply/internship-118,Demo Dataset
Data Science Intern,Flipkart,E-commerce,Pune,Remote,"Apply statistical methods and machine learning techniques to solve business problems for Flipkart. You'll work with large datasets, build predictive models, and communicate insights to stakeholders.","Open to MCA, BCA students (2025, 2027 batches)","[""SQL"", ""Machine Learning"", ""Pandas""]","[""Tableau"", ""AWS"", ""R""]","[""MCA"", ""B.Tech""]",2 Months,"₹25,000 / Month",https://careers.flipkart.com/apply/internship-119,Demo Dataset
Software Development Intern,Insight Analytics,FinTech,Mumbai,Hybrid,"Join Insight Analytics's development team and contribute to building scalable software solutions using modern technologies. You will work on real-world projects, collaborate with experienced engineers, and gain hands-on experience in the full software development lifecycle.","Open to MCA, B.Sc CS, BCA students (2026, 2027 batches)","[""Git"", ""Java"", ""Data Structures""]","[""Docker"", ""AWS"", ""SQL""]","[""B.Tech"", ""B.Sc CS""]",1 Month,"₹15,000 / Month",https://careers.insight-analytics.com/apply/internship-120,Demo Dataset
UI/UX Design Intern,Cisco Systems India,E-commerce,Chennai,Hybrid,"Create beautiful and intuitive user interfaces for Cisco Systems India's digital products. You'll conduct user research, create prototypes, and collaborate with developers to bring designs to life.","Open to B.Sc CS, MCA students (2027, 2028 batches)","[""Prototyping"", ""UX Research"", ""Figma""]","[""Design Systems"", ""User Testing"", ""Sketch""]","[""B.Tech"", ""MCA"", ""B.Sc CS""]",2 Months,"₹30,000 / Month",https://careers.cisco-systems-india.com/apply/internship-121,Demo Dataset
Data Science Intern,InnovateTech,E-commerce,Delhi NCR,On-site,"Apply statistical methods and machine learning techniques to solve business problems for InnovateTech. You'll work with large datasets, build predictive models, and communicate insights to stakeholders.","Open to MCA, B.Sc CS, BCA students (2025, 2026, 2027 batches)","[""SQL"", ""Pandas"", ""Statistics""]","[""AWS"", ""scikit-learn"", ""Tableau""]","[""BCA"", ""MCA"", ""B.Sc CS""]",2 Months,"₹25,000 / Month",https://careers.innovatetech.com/apply/internship-122,Demo Dataset
Full Stack Developer Intern,Vedantu,FinTech,Hyderabad,Remote,Build complete web applications at Vedantu by working on both frontend and backend technologies. You'll gain experience across the entire development stack and learn best practices in web development.,"Open to B.Sc CS, BCA students (2026, 2027, 2028 batches)","[""Git"", ""Node.js"", ""React""]","[""Docker"", ""MongoDB"", ""AWS""]","[""BCA"", ""MCA"", ""B.Sc CS""]",1 Month,"₹30,000 / Month",https://careers.vedantu.com/apply/internship-123,Demo Dataset
Full Stack Developer Intern,Infosys,Data Analytics,Mumbai,Hybrid,Build complete web applications at Infosys by working on both frontend and backend technologies. You'll gain experience across the entire development stack and learn best practices in web development.,"Open to MCA, B.Tech, B.Sc CS students (2025, 2027, 2028 batches)","[""React"", ""Git"", ""JavaScript""]","[""Express.js"", ""Docker"", ""MongoDB""]","[""MCA"", ""B.Tech""]",6 Months,"₹10,000 / Month",https://careers.infosys.com/apply/internship-124,Demo Dataset
Cloud Architect Intern,Intel India,IT & Software,Chennai,On-site,"Design scalable and secure cloud solutions for Intel India's applications and infrastructure. You'll work with cloud platforms, optimize costs, and ensure high availability.","Open to B.Tech, B.Sc CS, BCA students (2025, 2026, 2027 batches)","[""Cloud Architecture"", ""Linux"", ""Networking""]","[""GCP"", ""Docker"", ""Kubernetes""]","[""MCA"", ""B.Tech"", ""B.Sc CS""]",6 Months,"₹18,000 / Month",https://careers.intel-india.com/apply/internship-125,Demo Dataset
Business Analyst Intern,HCL Technologies,Cybersecurity,Mumbai,Remote,"Work with HCL Technologies's stakeholders to gather requirements and improve business processes. You'll create documentation, analyze workflows, and support project implementation.","Open to B.Sc CS, BCA students (2026, 2027, 2028 batches)","[""Business Analysis"", ""Communication"", ""SQL""]","[""Tableau"", ""Process Mapping"", ""Python""]","[""MCA"", ""BCA"", ""B.Sc CS""]",1 Month,"₹30,000 / Month",https://careers.hcl-technologies.com/apply/internship-126,Demo Dataset
Cloud Architect Intern,Oracle India,Cloud Computing,Pune,On-site,"Design scalable and secure cloud solutions for Oracle India's applications and infrastructure. You'll work with cloud platforms, optimize costs, and ensure high availability.","Open to BCA, B.Sc CS, MCA students (2027, 2028 batches)","[""System Design"", ""AWS"", ""Cloud Architecture""]","[""GCP"", ""Kubernetes"", ""Terraform""]","[""B.Tech"", ""B.Sc CS""]",2 Months,"₹12,000 / Month",https://careers.oracle-india.com/apply/internship-127,Demo Dataset
Solutions Architect Intern,FutureCode Systems,Cybersecurity,Bengaluru,Remote,"Design comprehensive IT solutions for FutureCode Systems's clients and internal needs. You'll evaluate technologies, create architecture diagrams, and present recommendations.","Open to BCA, MCA, B.Tech students (2026, 2027, 2028 batches)","[""Documentation"", ""SQL"", ""AWS""]","[""Azure"", ""Python"", ""Kubernetes""]","[""BCA"", ""MCA"", ""B.Sc CS""]",2 Months,"₹10,000 / Month",https://careers.futurecode-systems.com/apply/internship-128,Demo Dataset
Software Development Intern,Razorpay,Cloud Computing,Kolkata,On-site,"Join Razorpay's development team and contribute to building scalable software solutions using modern technologies. You will work on real-world projects, collaborate with experienced engineers, and gain hands-on experience in the full software development lifecycle.","Open to B.Sc CS, MCA students (2027, 2028 batches)","[""Python"", ""C++"", ""Data Structures""]","[""SQL"", ""Linux"", ""REST APIs""]","[""B.Tech"", ""B.Sc CS"", ""MCA""]",2 Months,"₹18,000 / Month",https://careers.razorpay.com/apply/internship-129,Demo Dataset
Cloud Architect Intern,Amazon India,EdTech,Remote,Remote,"Design scalable and secure cloud solutions for Amazon India's applications and infrastructure. You'll work with cloud platforms, optimize costs, and ensure high availability.","Open to BCA, MCA, B.Sc CS students (2025, 2026 batches)","[""Networking"", ""AWS"", ""Linux""]","[""GCP"", ""Azure"", ""Docker""]","[""BCA"", ""B.Tech"", ""B.Sc CS""]",3 Months,"₹5,000 / Month",https://careers.amazon-india.com/apply/internship-130,Demo Dataset
Machine Learning Intern,Accenture India,EdTech,Chennai,Remote,Contribute to Accenture India's AI initiatives by developing and training machine learning models on real datasets. You'll work alongside ML engineers to solve complex problems and implement cutting-edge algorithms.,"Open to B.Tech, B.Sc CS, MCA students (2025, 2026 batches)","[""Python"", ""TensorFlow"", ""Statistics""]","[""PyTorch"", ""AWS"", ""NLP""]","[""MCA"", ""BCA"", ""B.Tech""]",1 Month,"₹15,000 / Month",https://careers.accenture-india.com/apply/internship-131,Demo Dataset
Full Stack Developer Intern,ABC Tech,FinTech,Kolkata,Hybrid,Build complete web applications at ABC Tech by working on both frontend and backend technologies. You'll gain experience across the entire development stack and learn best practices in web development.,"Open to BCA, B.Sc CS students (2026, 2028 batches)","[""Node.js"", ""React"", ""SQL""]","[""Express.js"", ""AWS"", ""MongoDB""]","[""BCA"", ""B.Tech""]",1 Month,"₹18,000 / Month",https://careers.abc-tech.com/apply/internship-132,Demo Dataset
Frontend Developer Intern,NeuroByte AI,IT & Software,Bengaluru,Hybrid,Build responsive and interactive user interfaces for NeuroByte AI's web applications using modern frameworks. You'll collaborate with designers and backend developers to deliver engaging user experiences.,"Open to B.Sc CS, BCA, MCA students (2026, 2027, 2028 batches)","[""CSS"", ""React"", ""Git""]","[""REST APIs"", ""Vue.js"", ""Figma""]","[""BCA"", ""B.Sc CS"", ""B.Tech""]",1 Month,"₹15,000 / Month",https://careers.neurobyte-ai.com/apply/internship-133,Demo Dataset
Software Development Intern,Wipro,FinTech,Hyderabad,On-site,"Join Wipro's development team and contribute to building scalable software solutions using modern technologies. You will work on real-world projects, collaborate with experienced engineers, and gain hands-on experience in the full software development lifecycle.","Open to B.Tech, B.Sc CS, BCA students (2025, 2026, 2027 batches)","[""Java"", ""Python"", ""C++""]","[""AWS"", ""Docker"", ""Linux""]","[""B.Sc CS"", ""MCA""]",6 Months,"₹30,000 / Month",https://careers.wipro.com/apply/internship-134,Demo Dataset
Data Science Intern,Cisco Systems India,IT & Software,Chennai,Remote,"Apply statistical methods and machine learning techniques to solve business problems for Cisco Systems India. You'll work with large datasets, build predictive models, and communicate insights to stakeholders.","Open to B.Sc CS, MCA students (2025, 2028 batches)","[""Pandas"", ""Python"", ""SQL""]","[""TensorFlow"", ""AWS"", ""Tableau""]","[""BCA"", ""MCA""]",6 Months,"₹25,000 / Month",https://careers.cisco-systems-india.com/apply/internship-135,Demo Dataset
Cloud & DevOps Intern,VectorShift AI,Artificial Intelligence,Remote,Remote,"Support VectorShift AI's cloud infrastructure and deployment pipelines using DevOps best practices. You'll work on containerization, CI/CD automation, and cloud platform management.","Open to B.Sc CS, B.Tech students (2026, 2027 batches)","[""Git"", ""Docker"", ""Linux""]","[""Terraform"", ""Kubernetes"", ""CI/CD""]","[""B.Sc CS"", ""MCA""]",6 Months,"₹25,000 / Month",https://careers.vectorshift-ai.com/apply/internship-136,Demo Dataset
Backend Developer Intern,Vedantu,E-commerce,Bengaluru,Hybrid,"Design and develop server-side logic and APIs for Vedantu's applications. You'll work with databases, optimize performance, and ensure scalability of backend systems.","Open to B.Tech, B.Sc CS, MCA students (2027, 2028 batches)","[""Python"", ""REST APIs"", ""SQL""]","[""MongoDB"", ""Node.js"", ""PostgreSQL""]","[""B.Tech"", ""MCA""]",3 Months,"₹18,000 / Month",https://careers.vedantu.com/apply/internship-137,Demo Dataset
Python Developer Intern,Flipkart,E-commerce,Remote,On-site,Write clean and efficient Python code for Flipkart's projects and applications. You'll learn Python best practices and contribute to building robust software solutions.,"Open to BCA, MCA students (2026, 2027, 2028 batches)","[""OOP"", ""SQL"", ""Python""]","[""Flask"", ""PostgreSQL"", ""Docker""]","[""B.Sc CS"", ""BCA""]",3 Months,"₹25,000 / Month",https://careers.flipkart.com/apply/internship-138,Demo Dataset
Database Administrator Intern,Google India,E-commerce,Hyderabad,Remote,"Manage and optimize Google India's databases to ensure performance and reliability. You'll handle backups, security, and database maintenance tasks.","Open to B.Sc CS, B.Tech students (2025, 2026, 2028 batches)","[""Linux"", ""MySQL"", ""Database Design""]","[""Oracle"", ""Backup & Recovery"", ""MongoDB""]","[""B.Sc CS"", ""BCA""]",3 Months,"₹12,000 / Month",https://careers.google-india.com/apply/internship-139,Demo Dataset
Solutions Architect Intern,Cisco Systems India,Cloud Computing,Delhi NCR,On-site,"Design comprehensive IT solutions for Cisco Systems India's clients and internal needs. You'll evaluate technologies, create architecture diagrams, and present recommendations.","Open to B.Sc CS, BCA, B.Tech students (2025, 2027 batches)","[""SQL"", ""System Design"", ""Cloud Architecture""]","[""Docker"", ""Kubernetes"", ""Python""]","[""B.Sc CS"", ""B.Tech""]",3 Months,"₹30,000 / Month",https://careers.cisco-systems-india.com/apply/internship-140,Demo Dataset
Data Analyst Intern,Google India,Cloud Computing,Mumbai,On-site,"Work with Google India's data team to analyze business metrics and create actionable insights. You'll develop data visualizations, write SQL queries, and support data-driven decision-making across the organization.","Open to B.Sc CS, B.Tech, BCA students (2027, 2028 batches)","[""Statistics"", ""Python"", ""Excel""]","[""Python"", ""Apache Spark"", ""R""]","[""B.Tech"", ""BCA"", ""MCA""]",2 Months,"₹12,000 / Month",https://careers.google-india.com/apply/internship-141,Demo Dataset
Full Stack Developer Intern,NeuroTech Solutions,IT & Software,Mumbai,Hybrid,Build complete web applications at NeuroTech Solutions by working on both frontend and backend technologies. You'll gain experience across the entire development stack and learn best practices in web development.,"Open to B.Sc CS, MCA, B.Tech students (2025, 2026, 2027 batches)","[""React"", ""Git"", ""SQL""]","[""Express.js"", ""Docker"", ""REST APIs""]","[""MCA"", ""B.Tech"", ""B.Sc CS""]",1 Month,"₹12,000 / Month",https://careers.neurotech-solutions.com/apply/internship-142,Demo Dataset
Mobile App Developer Intern,PolicyBazaar,E-commerce,Pune,Hybrid,"Develop mobile applications for iOS or Android platforms at PolicyBazaar. You'll work on feature development, testing, and optimization to deliver high-quality mobile experiences.","Open to B.Sc CS, BCA, B.Tech students (2027, 2028 batches)","[""Kotlin"", ""Android"", ""Git""]","[""SQLite"", ""REST APIs"", ""iOS""]","[""BCA"", ""B.Tech"", ""B.Sc CS""]",6 Months,"₹30,000 / Month",https://careers.policybazaar.com/apply/internship-143,Demo Dataset
Software Development Intern,Cognizant,Cybersecurity,Remote,Hybrid,"Join Cognizant's development team and contribute to building scalable software solutions using modern technologies. You will work on real-world projects, collaborate with experienced engineers, and gain hands-on experience in the full software development lifecycle.","Open to B.Sc CS, B.Tech, MCA students (2026, 2027, 2028 batches)","[""Data Structures"", ""Java"", ""Git""]","[""REST APIs"", ""Docker"", ""Linux""]","[""B.Tech"", ""MCA""]",3 Months,"₹30,000 / Month",https://careers.cognizant.com/apply/internship-144,Demo Dataset
Solutions Architect Intern,CloudNine Dynamics,Data Analytics,Remote,Hybrid,"Design comprehensive IT solutions for CloudNine Dynamics's clients and internal needs. You'll evaluate technologies, create architecture diagrams, and present recommendations.","Open to MCA, B.Sc CS, B.Tech students (2025, 2027, 2028 batches)","[""Cloud Architecture"", ""Documentation"", ""System Design""]","[""GCP"", ""Kubernetes"", ""Docker""]","[""B.Sc CS"", ""MCA"", ""BCA""]",2 Months,"₹5,000 / Month",https://careers.cloudnine-dynamics.com/apply/internship-145,Demo Dataset
Product Manager Intern,Razorpay,Data Analytics,Kolkata,Hybrid,"Support Razorpay's product team in developing and launching successful products. You'll conduct market research, analyze user feedback, and contribute to product strategy.","Open to BCA, B.Tech students (2025, 2026, 2028 batches)","[""Communication"", ""Market Analysis"", ""Product Strategy""]","[""Python"", ""Roadmapping"", ""User Research""]","[""B.Sc CS"", ""B.Tech"", ""BCA""]",2 Months,"₹30,000 / Month",https://careers.razorpay.com/apply/internship-146,Demo Dataset
Cloud & DevOps Intern,PolicyBazaar,E-commerce,Chennai,Remote,"Support PolicyBazaar's cloud infrastructure and deployment pipelines using DevOps best practices. You'll work on containerization, CI/CD automation, and cloud platform management.","Open to B.Tech, BCA, B.Sc CS students (2026, 2028 batches)","[""Docker"", ""Linux"", ""Git""]","[""Jenkins"", ""Azure"", ""Kubernetes""]","[""B.Tech"", ""MCA""]",2 Months,"₹20,000 / Month",https://careers.policybazaar.com/apply/internship-147,Demo Dataset
Data Science Intern,SecureNet India,IT & Software,Kolkata,Hybrid,"Apply statistical methods and machine learning techniques to solve business problems for SecureNet India. You'll work with large datasets, build predictive models, and communicate insights to stakeholders.","Open to B.Tech, B.Sc CS students (2025, 2027, 2028 batches)","[""SQL"", ""Python"", ""Pandas""]","[""scikit-learn"", ""R"", ""Tableau""]","[""MCA"", ""B.Tech"", ""B.Sc CS""]",2 Months,"₹10,000 / Month",https://careers.securenet-india.com/apply/internship-148,Demo Dataset
Cloud Architect Intern,Unacademy,IT & Software,Mumbai,Remote,"Design scalable and secure cloud solutions for Unacademy's applications and infrastructure. You'll work with cloud platforms, optimize costs, and ensure high availability.","Open to MCA, B.Sc CS students (2026, 2027 batches)","[""Cloud Architecture"", ""Networking"", ""Linux""]","[""Azure"", ""Docker"", ""Kubernetes""]","[""B.Sc CS"", ""B.Tech""]",6 Months,"₹12,000 / Month",https://careers.unacademy.com/apply/internship-149,Demo Dataset
Data Science Intern,CodeWave Analytics,FinTech,Kolkata,Remote,"Apply statistical methods and machine learning techniques to solve business problems for CodeWave Analytics. You'll work with large datasets, build predictive models, and communicate insights to stakeholders.","Open to BCA, MCA, B.Tech students (2025, 2026, 2027 batches)","[""SQL"", ""Machine Learning"", ""Pandas""]","[""TensorFlow"", ""R"", ""scikit-learn""]","[""MCA"", ""B.Tech""]",2 Months,"₹15,000 / Month",https://careers.codewave-analytics.com/apply/internship-150,Demo Dataset
Cloud & DevOps Intern,Freshworks,IT & Software,Remote,Hybrid,"Support Freshworks's cloud infrastructure and deployment pipelines using DevOps best practices. You'll work on containerization, CI/CD automation, and cloud platform management.","Open to BCA, B.Sc CS, MCA students (2025, 2027 batches)","[""Docker"", ""Python"", ""AWS""]","[""Terraform"", ""Jenkins"", ""CI/CD""]","[""B.Sc CS"", ""MCA"", ""B.Tech""]",3 Months,"₹30,000 / Month",https://careers.freshworks.com/apply/internship-151,Demo Dataset
AI/ML Engineer Intern,Wipro,E-commerce,Pune,Remote,"Advance Wipro's AI capabilities by developing intelligent systems and algorithms. You'll experiment with new techniques, optimize models, and solve complex AI problems.","Open to B.Tech, MCA, B.Sc CS students (2025, 2026, 2027 batches)","[""TensorFlow"", ""Statistics"", ""Machine Learning""]","[""PyTorch"", ""Computer Vision"", ""Reinforcement Learning""]","[""MCA"", ""B.Tech"", ""BCA""]",1 Month,"₹15,000 / Month",https://careers.wipro.com/apply/internship-152,Demo Dataset
Backend Developer Intern,ByteForce Labs,Cybersecurity,Hyderabad,On-site,"Design and develop server-side logic and APIs for ByteForce Labs's applications. You'll work with databases, optimize performance, and ensure scalability of backend systems.","Open to B.Sc CS, BCA, B.Tech students (2026, 2027 batches)","[""Git"", ""Java"", ""SQL""]","[""Docker"", ""PostgreSQL"", ""Node.js""]","[""B.Sc CS"", ""B.Tech""]",1 Month,"₹15,000 / Month",https://careers.byteforce-labs.com/apply/internship-153,Demo Dataset
AI/ML Engineer Intern,NeuroByte AI,IT & Software,Kolkata,Hybrid,"Advance NeuroByte AI's AI capabilities by developing intelligent systems and algorithms. You'll experiment with new techniques, optimize models, and solve complex AI problems.","Open to BCA, MCA students (2025, 2027, 2028 batches)","[""TensorFlow"", ""Machine Learning"", ""Deep Learning""]","[""Computer Vision"", ""Reinforcement Learning"", ""NLP""]","[""B.Tech"", ""MCA""]",3 Months,"₹20,000 / Month",https://careers.neurobyte-ai.com/apply/internship-154,Demo Dataset
Database Administrator Intern,Razorpay,Cybersecurity,Mumbai,On-site,"Manage and optimize Razorpay's databases to ensure performance and reliability. You'll handle backups, security, and database maintenance tasks.","Open to MCA, B.Tech students (2025, 2026, 2028 batches)","[""PostgreSQL"", ""Database Design"", ""Linux""]","[""Backup & Recovery"", ""AWS"", ""MongoDB""]","[""BCA"", ""MCA""]",3 Months,"₹5,000 / Month",https://careers.razorpay.com/apply/internship-155,Demo Dataset
Machine Learning Intern,Infosys,EdTech,Mumbai,Remote,Contribute to Infosys's AI initiatives by developing and training machine learning models on real datasets. You'll work alongside ML engineers to solve complex problems and implement cutting-edge algorithms.,"Open to BCA, MCA students (2025, 2027 batches)","[""scikit-learn"", ""Python"", ""Statistics""]","[""Computer Vision"", ""AWS"", ""PyTorch""]","[""B.Sc CS"", ""MCA""]",2 Months,"₹20,000 / Month",https://careers.infosys.com/apply/internship-156,Demo Dataset
Data Analyst Intern,Microsoft India,EdTech,Kolkata,Hybrid,"Work with Microsoft India's data team to analyze business metrics and create actionable insights. You'll develop data visualizations, write SQL queries, and support data-driven decision-making across the organization.","Open to MCA, BCA, B.Sc CS students (2025, 2026, 2028 batches)","[""Excel"", ""Data Visualization"", ""SQL""]","[""Apache Spark"", ""Tableau"", ""Python""]","[""MCA"", ""BCA""]",2 Months,"₹30,000 / Month",https://careers.microsoft-india.com/apply/internship-157,Demo Dataset
Cloud & DevOps Intern,SynergyAI Systems,E-commerce,Hyderabad,Remote,"Support SynergyAI Systems's cloud infrastructure and deployment pipelines using DevOps best practices. You'll work on containerization, CI/CD automation, and cloud platform management.","Open to B.Sc CS, MCA students (2025, 2026, 2028 batches)","[""Git"", ""Python"", ""Docker""]","[""Kubernetes"", ""Terraform"", ""Azure""]","[""MCA"", ""B.Sc CS"", ""BCA""]",1 Month,"₹30,000 / Month",https://careers.synergyai-systems.com/apply/internship-158,Demo Dataset
Solutions Architect Intern,Unacademy,IT & Software,Kolkata,On-site,"Design comprehensive IT solutions for Unacademy's clients and internal needs. You'll evaluate technologies, create architecture diagrams, and present recommendations.","Open to B.Sc CS, B.Tech students (2025, 2026, 2027 batches)","[""SQL"", ""AWS"", ""Cloud Architecture""]","[""GCP"", ""Python"", ""Azure""]","[""MCA"", ""B.Tech"", ""BCA""]",2 Months,"₹18,000 / Month",https://careers.unacademy.com/apply/internship-159,Demo Dataset
Data Analyst Intern,Paytm,Data Analytics,Hyderabad,On-site,"Work with Paytm's data team to analyze business metrics and create actionable insights. You'll develop data visualizations, write SQL queries, and support data-driven decision-making across the organization.","Open to B.Sc CS, BCA students (2026, 2027, 2028 batches)","[""Python"", ""Excel"", ""Data Visualization""]","[""Python"", ""Tableau"", ""R""]","[""B.Tech"", ""MCA""]",1 Month,"₹12,000 / Month",https://careers.paytm.com/apply/internship-160,Demo Dataset
Cloud Architect Intern,Intel India,Cloud Computing,Bengaluru,On-site,"Design scalable and secure cloud solutions for Intel India's applications and infrastructure. You'll work with cloud platforms, optimize costs, and ensure high availability.","Open to MCA, B.Tech students (2025, 2027 batches)","[""Cloud Architecture"", ""AWS"", ""Networking""]","[""Terraform"", ""Docker"", ""Kubernetes""]","[""B.Tech"", ""MCA"", ""BCA""]",2 Months,"₹5,000 / Month",https://careers.intel-india.com/apply/internship-161,Demo Dataset
Network Engineer Intern,ABC Tech,Cybersecurity,Kolkata,Remote,"Support ABC Tech's network infrastructure by configuring and maintaining network systems. You'll work on network security, connectivity, and performance optimization.","Open to MCA, BCA students (2025, 2027, 2028 batches)","[""Switching"", ""Linux"", ""Networking""]","[""Firewalls"", ""Cisco IOS"", ""Python""]","[""MCA"", ""B.Sc CS"", ""BCA""]",2 Months,"₹12,000 / Month",https://careers.abc-tech.com/apply/internship-162,Demo Dataset
AI/ML Engineer Intern,CodeWave Analytics,E-commerce,Remote,Remote,"Advance CodeWave Analytics's AI capabilities by developing intelligent systems and algorithms. You'll experiment with new techniques, optimize models, and solve complex AI problems.","Open to B.Sc CS, BCA students (2026, 2027 batches)","[""Statistics"", ""Deep Learning"", ""Machine Learning""]","[""PyTorch"", ""AWS"", ""Reinforcement Learning""]","[""B.Sc CS"", ""B.Tech""]",2 Months,"₹15,000 / Month",https://careers.codewave-analytics.com/apply/internship-163,Demo Dataset
UI/UX Design Intern,SmartAI Innovations,FinTech,Bengaluru,Hybrid,"Create beautiful and intuitive user interfaces for SmartAI Innovations's digital products. You'll conduct user research, create prototypes, and collaborate with developers to bring designs to life.","Open to BCA, MCA, B.Sc CS students (2025, 2028 batches)","[""Prototyping"", ""Wireframing"", ""Figma""]","[""Sketch"", ""User Testing"", ""CSS""]","[""MCA"", ""B.Sc CS""]",6 Months,"₹12,000 / Month",https://careers.smartai-innovations.com/apply/internship-164,Demo Dataset
AI/ML Engineer Intern,Accenture India,Cybersecurity,Pune,Remote,"Advance Accenture India's AI capabilities by developing intelligent systems and algorithms. You'll experiment with new techniques, optimize models, and solve complex AI problems.","Open to MCA, BCA, B.Tech students (2025, 2027 batches)","[""TensorFlow"", ""Deep Learning"", ""Machine Learning""]","[""PyTorch"", ""Reinforcement Learning"", ""Computer Vision""]","[""BCA"", ""MCA""]",2 Months,"₹10,000 / Month",https://careers.accenture-india.com/apply/internship-165,Demo Dataset
Machine Learning Intern,ProdigyTech Labs,Artificial Intelligence,Pune,On-site,Contribute to ProdigyTech Labs's AI initiatives by developing and training machine learning models on real datasets. You'll work alongside ML engineers to solve complex problems and implement cutting-edge algorithms.,"Open to MCA, BCA students (2025, 2028 batches)","[""scikit-learn"", ""TensorFlow"", ""Statistics""]","[""Computer Vision"", ""PyTorch"", ""AWS""]","[""B.Sc CS"", ""B.Tech""]",3 Months,"₹18,000 / Month",https://careers.prodigytech-labs.com/apply/internship-166,Demo Dataset
Full Stack Developer Intern,NeuroByte AI,Cloud Computing,Mumbai,Hybrid,Build complete web applications at NeuroByte AI by working on both frontend and backend technologies. You'll gain experience across the entire development stack and learn best practices in web development.,"Open to B.Tech, B.Sc CS students (2026, 2028 batches)","[""Node.js"", ""JavaScript"", ""Git""]","[""Express.js"", ""REST APIs"", ""AWS""]","[""BCA"", ""B.Tech"", ""MCA""]",2 Months,"₹20,000 / Month",https://careers.neurobyte-ai.com/apply/internship-167,Demo Dataset
Data Analyst Intern,Cognizant,EdTech,Hyderabad,On-site,"Work with Cognizant's data team to analyze business metrics and create actionable insights. You'll develop data visualizations, write SQL queries, and support data-driven decision-making across the organization.","Open to BCA, B.Sc CS students (2026, 2027, 2028 batches)","[""SQL"", ""Data Visualization"", ""Python""]","[""Python"", ""R"", ""Apache Spark""]","[""B.Tech"", ""BCA""]",2 Months,"₹5,000 / Month",https://careers.cognizant.com/apply/internship-168,Demo Dataset
Backend Developer Intern,TechVision Labs,FinTech,Bengaluru,Remote,"Design and develop server-side logic and APIs for TechVision Labs's applications. You'll work with databases, optimize performance, and ensure scalability of backend systems.","Open to B.Sc CS, MCA students (2027, 2028 batches)","[""Python"", ""Git"", ""Java""]","[""PostgreSQL"", ""Node.js"", ""Docker""]","[""B.Tech"", ""MCA""]",6 Months,"₹15,000 / Month",https://careers.techvision-labs.com/apply/internship-169,Demo Dataset
Quality Assurance Intern,CodeWave Analytics,Cybersecurity,Delhi NCR,Hybrid,"Ensure software quality at CodeWave Analytics by designing test cases and identifying bugs before release. You'll perform manual testing, create automation scripts, and maintain quality standards.","Open to BCA, B.Sc CS, MCA students (2025, 2026, 2027 batches)","[""Manual Testing"", ""Test Cases"", ""Python""]","[""Selenium"", ""JIRA"", ""Linux""]","[""BCA"", ""MCA"", ""B.Sc CS""]",2 Months,"₹5,000 / Month",https://careers.codewave-analytics.com/apply/internship-170,Demo Dataset
Business Analyst Intern,Ola Electric,Data Analytics,Delhi NCR,Hybrid,"Work with Ola Electric's stakeholders to gather requirements and improve business processes. You'll create documentation, analyze workflows, and support project implementation.","Open to BCA, B.Sc CS students (2025, 2028 batches)","[""Excel"", ""SQL"", ""Communication""]","[""Requirements Gathering"", ""JIRA"", ""Python""]","[""MCA"", ""B.Tech""]",2 Months,"₹10,000 / Month",https://careers.ola-electric.com/apply/internship-171,Demo Dataset
Data Science Intern,Razorpay,IT & Software,Remote,On-site,"Apply statistical methods and machine learning techniques to solve business problems for Razorpay. You'll work with large datasets, build predictive models, and communicate insights to stakeholders.","Open to B.Sc CS, BCA, B.Tech students (2027, 2028 batches)","[""Machine Learning"", ""SQL"", ""Statistics""]","[""TensorFlow"", ""AWS"", ""R""]","[""B.Tech"", ""B.Sc CS"", ""MCA""]",2 Months,"₹20,000 / Month",https://careers.razorpay.com/apply/internship-172,Demo Dataset
Software Development Intern,QuantumLeap AI,Data Analytics,Pune,On-site,"Join QuantumLeap AI's development team and contribute to building scalable software solutions using modern technologies. You will work on real-world projects, collaborate with experienced engineers, and gain hands-on experience in the full software development lifecycle.","Open to BCA, B.Tech, B.Sc CS students (2025, 2026, 2027 batches)","[""Git"", ""Data Structures"", ""Python""]","[""Linux"", ""SQL"", ""AWS""]","[""MCA"", ""B.Tech"", ""B.Sc CS""]",3 Months,"₹5,000 / Month",https://careers.quantumleap-ai.com/apply/internship-173,Demo Dataset
Machine Learning Intern,Accenture India,EdTech,Remote,On-site,Contribute to Accenture India's AI initiatives by developing and training machine learning models on real datasets. You'll work alongside ML engineers to solve complex problems and implement cutting-edge algorithms.,"Open to B.Sc CS, B.Tech students (2025, 2026, 2028 batches)","[""Statistics"", ""scikit-learn"", ""TensorFlow""]","[""Deep Learning"", ""PyTorch"", ""NLP""]","[""B.Sc CS"", ""B.Tech"", ""BCA""]",6 Months,"₹20,000 / Month",https://careers.accenture-india.com/apply/internship-174,Demo Dataset
Product Manager Intern,Cognizant,IT & Software,Kolkata,Remote,"Support Cognizant's product team in developing and launching successful products. You'll conduct market research, analyze user feedback, and contribute to product strategy.","Open to BCA, B.Tech students (2026, 2027, 2028 batches)","[""Excel"", ""Market Analysis"", ""Communication""]","[""Roadmapping"", ""Analytics"", ""A/B Testing""]","[""B.Sc CS"", ""B.Tech"", ""MCA""]",2 Months,"₹18,000 / Month",https://careers.cognizant.com/apply/internship-175,Demo Dataset
Cloud Architect Intern,ProdigyTech Labs,FinTech,Kolkata,On-site,"Design scalable and secure cloud solutions for ProdigyTech Labs's applications and infrastructure. You'll work with cloud platforms, optimize costs, and ensure high availability.","Open to B.Sc CS, BCA, B.Tech students (2025, 2026 batches)","[""Linux"", ""System Design"", ""Networking""]","[""GCP"", ""Kubernetes"", ""Azure""]","[""B.Tech"", ""B.Sc CS"", ""MCA""]",2 Months,"₹10,000 / Month",https://careers.prodigytech-labs.com/apply/internship-176,Demo Dataset
Software Development Intern,CloudNine Dynamics,Data Analytics,Delhi NCR,Hybrid,"Join CloudNine Dynamics's development team and contribute to building scalable software solutions using modern technologies. You will work on real-world projects, collaborate with experienced engineers, and gain hands-on experience in the full software development lifecycle.","Open to BCA, MCA students (2026, 2027, 2028 batches)","[""Git"", ""Java"", ""Data Structures""]","[""AWS"", ""Linux"", ""Docker""]","[""B.Tech"", ""BCA""]",6 Months,"₹5,000 / Month",https://careers.cloudnine-dynamics.com/apply/internship-177,Demo Dataset
Data Science Intern,CodeWave Analytics,Artificial Intelligence,Delhi NCR,On-site,"Apply statistical methods and machine learning techniques to solve business problems for CodeWave Analytics. You'll work with large datasets, build predictive models, and communicate insights to stakeholders.","Open to B.Sc CS, BCA, B.Tech students (2025, 2028 batches)","[""SQL"", ""Statistics"", ""Pandas""]","[""Tableau"", ""R"", ""scikit-learn""]","[""BCA"", ""B.Tech""]",3 Months,"₹15,000 / Month",https://careers.codewave-analytics.com/apply/internship-178,Demo Dataset
Cloud & DevOps Intern,Vedantu,FinTech,Pune,On-site,"Support Vedantu's cloud infrastructure and deployment pipelines using DevOps best practices. You'll work on containerization, CI/CD automation, and cloud platform management.","Open to B.Sc CS, MCA, BCA students (2026, 2028 batches)","[""Docker"", ""Linux"", ""Git""]","[""Jenkins"", ""Azure"", ""Kubernetes""]","[""MCA"", ""B.Tech"", ""BCA""]",6 Months,"₹10,000 / Month",https://careers.vedantu.com/apply/internship-179,Demo Dataset
Solutions Architect Intern,Ola Electric,Cloud Computing,Chennai,Remote,"Design comprehensive IT solutions for Ola Electric's clients and internal needs. You'll evaluate technologies, create architecture diagrams, and present recommendations.","Open to B.Tech, BCA students (2026, 2027, 2028 batches)","[""System Design"", ""Cloud Architecture"", ""Documentation""]","[""GCP"", ""Docker"", ""Azure""]","[""BCA"", ""B.Sc CS""]",2 Months,"₹12,000 / Month",https://careers.ola-electric.com/apply/internship-180,Demo Dataset
Python Developer Intern,Vedantu,Cloud Computing,Chennai,Hybrid,Write clean and efficient Python code for Vedantu's projects and applications. You'll learn Python best practices and contribute to building robust software solutions.,"Open to B.Tech, BCA students (2025, 2027, 2028 batches)","[""OOP"", ""Python"", ""Git""]","[""PostgreSQL"", ""Flask"", ""Docker""]","[""BCA"", ""MCA""]",6 Months,"₹25,000 / Month",https://careers.vedantu.com/apply/internship-181,Demo Dataset
Cloud Architect Intern,Apple India,Artificial Intelligence,Remote,Remote,"Design scalable and secure cloud solutions for Apple India's applications and infrastructure. You'll work with cloud platforms, optimize costs, and ensure high availability.","Open to B.Tech, BCA, B.Sc CS students (2025, 2027 batches)","[""System Design"", ""Cloud Architecture"", ""AWS""]","[""Terraform"", ""Azure"", ""Kubernetes""]","[""BCA"", ""MCA""]",1 Month,"₹12,000 / Month",https://careers.apple-india.com/apply/internship-182,Demo Dataset
Quality Assurance Intern,CloudStack Infra,Cloud Computing,Mumbai,Remote,"Ensure software quality at CloudStack Infra by designing test cases and identifying bugs before release. You'll perform manual testing, create automation scripts, and maintain quality standards.","Open to B.Sc CS, MCA, BCA students (2026, 2027, 2028 batches)","[""Test Cases"", ""Bug Tracking"", ""Manual Testing""]","[""LoadRunner"", ""Linux"", ""Automation Testing""]","[""B.Sc CS"", ""MCA""]",3 Months,"₹30,000 / Month",https://careers.cloudstack-infra.com/apply/internship-183,Demo Dataset
Business Analyst Intern,HCL Technologies,Cybersecurity,Bengaluru,Remote,"Work with HCL Technologies's stakeholders to gather requirements and improve business processes. You'll create documentation, analyze workflows, and support project implementation.","Open to MCA, B.Tech students (2025, 2026, 2028 batches)","[""SQL"", ""Excel"", ""Business Analysis""]","[""JIRA"", ""Tableau"", ""Python""]","[""MCA"", ""B.Sc CS"", ""B.Tech""]",1 Month,"₹30,000 / Month",https://careers.hcl-technologies.com/apply/internship-184,Demo Dataset
Cloud Architect Intern,Infosys,Cloud Computing,Hyderabad,On-site,"Design scalable and secure cloud solutions for Infosys's applications and infrastructure. You'll work with cloud platforms, optimize costs, and ensure high availability.","Open to BCA, MCA students (2026, 2027, 2028 batches)","[""AWS"", ""Networking"", ""System Design""]","[""GCP"", ""Azure"", ""Kubernetes""]","[""B.Sc CS"", ""BCA""]",2 Months,"₹15,000 / Month",https://careers.infosys.com/apply/internship-185,Demo Dataset
Full Stack Developer Intern,ProdigyTech Labs,Artificial Intelligence,Bengaluru,Hybrid,Build complete web applications at ProdigyTech Labs by working on both frontend and backend technologies. You'll gain experience across the entire development stack and learn best practices in web development.,"Open to B.Tech, MCA, BCA students (2026, 2027, 2028 batches)","[""Git"", ""SQL"", ""JavaScript""]","[""REST APIs"", ""MongoDB"", ""Docker""]","[""MCA"", ""B.Sc CS""]",3 Months,"₹5,000 / Month",https://careers.prodigytech-labs.com/apply/internship-186,Demo Dataset
Python Developer Intern,Accenture India,Cybersecurity,Remote,Remote,Write clean and efficient Python code for Accenture India's projects and applications. You'll learn Python best practices and contribute to building robust software solutions.,"Open to B.Sc CS, MCA, B.Tech students (2025, 2027 batches)","[""SQL"", ""Python"", ""Data Structures""]","[""Docker"", ""PostgreSQL"", ""Django""]","[""BCA"", ""B.Sc CS""]",3 Months,"₹15,000 / Month",https://careers.accenture-india.com/apply/internship-187,Demo Dataset
Cloud & DevOps Intern,ByteForce Labs,Cybersecurity,Remote,Remote,"Support ByteForce Labs's cloud infrastructure and deployment pipelines using DevOps best practices. You'll work on containerization, CI/CD automation, and cloud platform management.","Open to B.Sc CS, MCA, BCA students (2025, 2026 batches)","[""Docker"", ""Linux"", ""AWS""]","[""Azure"", ""Terraform"", ""CI/CD""]","[""B.Sc CS"", ""B.Tech"", ""BCA""]",1 Month,"₹12,000 / Month",https://careers.byteforce-labs.com/apply/internship-188,Demo Dataset
Machine Learning Intern,VectorShift AI,IT & Software,Delhi NCR,Remote,Contribute to VectorShift AI's AI initiatives by developing and training machine learning models on real datasets. You'll work alongside ML engineers to solve complex problems and implement cutting-edge algorithms.,"Open to BCA, MCA, B.Sc CS students (2025, 2027, 2028 batches)","[""Python"", ""TensorFlow"", ""scikit-learn""]","[""NLP"", ""Computer Vision"", ""AWS""]","[""MCA"", ""B.Sc CS"", ""B.Tech""]",3 Months,"₹10,000 / Month",https://careers.vectorshift-ai.com/apply/internship-189,Demo Dataset
Frontend Developer Intern,Swiggy,E-commerce,Mumbai,Hybrid,Build responsive and interactive user interfaces for Swiggy's web applications using modern frameworks. You'll collaborate with designers and backend developers to deliver engaging user experiences.,"Open to B.Sc CS, B.Tech, BCA students (2027, 2028 batches)","[""CSS"", ""JavaScript"", ""Git""]","[""Figma"", ""Redux"", ""TypeScript""]","[""B.Sc CS"", ""MCA"", ""BCA""]",6 Months,"₹12,000 / Month",https://careers.swiggy.com/apply/internship-190,Demo Dataset
Cybersecurity Analyst Intern,Ola Electric,Cloud Computing,Kolkata,Hybrid,"Help Ola Electric protect its digital assets by analyzing security threats and implementing protective measures. You'll participate in security audits, vulnerability assessments, and incident response activities.","Open to MCA, B.Sc CS students (2025, 2027 batches)","[""Linux"", ""Firewall"", ""Encryption""]","[""AWS"", ""Metasploit"", ""Wireshark""]","[""MCA"", ""BCA"", ""B.Tech""]",3 Months,"₹18,000 / Month",https://careers.ola-electric.com/apply/internship-191,Demo Dataset
Data Science Intern,Freshworks,Data Analytics,Pune,Hybrid,"Apply statistical methods and machine learning techniques to solve business problems for Freshworks. You'll work with large datasets, build predictive models, and communicate insights to stakeholders.","Open to B.Sc CS, MCA, BCA students (2025, 2028 batches)","[""Pandas"", ""Machine Learning"", ""Python""]","[""R"", ""Tableau"", ""AWS""]","[""B.Tech"", ""B.Sc CS""]",3 Months,"₹30,000 / Month",https://careers.freshworks.com/apply/internship-192,Demo Dataset
Cloud & DevOps Intern,Accenture India,Cybersecurity,Mumbai,Hybrid,"Support Accenture India's cloud infrastructure and deployment pipelines using DevOps best practices. You'll work on containerization, CI/CD automation, and cloud platform management.","Open to B.Sc CS, MCA students (2025, 2026, 2028 batches)","[""Git"", ""Docker"", ""Python""]","[""Terraform"", ""Kubernetes"", ""CI/CD""]","[""B.Sc CS"", ""BCA""]",1 Month,"₹25,000 / Month",https://careers.accenture-india.com/apply/internship-193,Demo Dataset
Database Administrator Intern,Zomato,FinTech,Hyderabad,Hybrid,"Manage and optimize Zomato's databases to ensure performance and reliability. You'll handle backups, security, and database maintenance tasks.","Open to MCA, B.Sc CS, BCA students (2025, 2026, 2028 batches)","[""SQL"", ""Linux"", ""PostgreSQL""]","[""Backup & Recovery"", ""Oracle"", ""AWS""]","[""BCA"", ""B.Tech"", ""B.Sc CS""]",3 Months,"₹5,000 / Month",https://careers.zomato.com/apply/internship-194,Demo Dataset
Software Development Intern,Swiggy,Data Analytics,Hyderabad,Hybrid,"Join Swiggy's development team and contribute to building scalable software solutions using modern technologies. You will work on real-world projects, collaborate with experienced engineers, and gain hands-on experience in the full software development lifecycle.","Open to MCA, B.Tech, BCA students (2025, 2027, 2028 batches)","[""Git"", ""C++"", ""Java""]","[""Linux"", ""REST APIs"", ""AWS""]","[""B.Tech"", ""BCA"", ""B.Sc CS""]",2 Months,"₹10,000 / Month",https://careers.swiggy.com/apply/internship-195,Demo Dataset
Backend Developer Intern,DeepMind India,FinTech,Chennai,Remote,"Design and develop server-side logic and APIs for DeepMind India's applications. You'll work with databases, optimize performance, and ensure scalability of backend systems.","Open to B.Tech, BCA students (2027, 2028 batches)","[""SQL"", ""Git"", ""REST APIs""]","[""Docker"", ""PostgreSQL"", ""MongoDB""]","[""B.Tech"", ""BCA""]",1 Month,"₹5,000 / Month",https://careers.deepmind-india.com/apply/internship-196,Demo Dataset
Quality Assurance Intern,Ola Electric,Data Analytics,Bengaluru,Hybrid,"Ensure software quality at Ola Electric by designing test cases and identifying bugs before release. You'll perform manual testing, create automation scripts, and maintain quality standards.","Open to B.Tech, BCA, B.Sc CS students (2025, 2027 batches)","[""SQL"", ""Python"", ""Manual Testing""]","[""Selenium"", ""JIRA"", ""LoadRunner""]","[""BCA"", ""B.Sc CS"", ""MCA""]",1 Month,"₹18,000 / Month",https://careers.ola-electric.com/apply/internship-197,Demo Dataset
Cybersecurity Analyst Intern,Infosys,Cybersecurity,Pune,Hybrid,"Help Infosys protect its digital assets by analyzing security threats and implementing protective measures. You'll participate in security audits, vulnerability assessments, and incident response activities.","Open to B.Tech, MCA students (2025, 2027 batches)","[""Encryption"", ""Linux"", ""Network Security""]","[""Penetration Testing"", ""Metasploit"", ""Wireshark""]","[""MCA"", ""BCA""]",2 Months,"₹20,000 / Month",https://careers.infosys.com/apply/internship-198,Demo Dataset
Quality Assurance Intern,Ola Electric,FinTech,Pune,On-site,"Ensure software quality at Ola Electric by designing test cases and identifying bugs before release. You'll perform manual testing, create automation scripts, and maintain quality standards.","Open to B.Sc CS, BCA, B.Tech students (2025, 2026 batches)","[""Test Cases"", ""Python"", ""SQL""]","[""Automation Testing"", ""Selenium"", ""LoadRunner""]","[""MCA"", ""B.Tech""]",6 Months,"₹30,000 / Month",https://careers.ola-electric.com/apply/internship-199,Demo Dataset
AI/ML Engineer Intern,CodeWave Analytics,Cloud Computing,Kolkata,Remote,"Advance CodeWave Analytics's AI capabilities by developing intelligent systems and algorithms. You'll experiment with new techniques, optimize models, and solve complex AI problems.","Open to B.Sc CS, MCA, BCA students (2025, 2027 batches)","[""Deep Learning"", ""TensorFlow"", ""Python""]","[""AWS"", ""NLP"", ""PyTorch""]","[""B.Tech"", ""BCA""]",3 Months,"₹25,000 / Month",https://careers.codewave-analytics.com/apply/internship-200,Demo Dataset
Backend Developer Intern,Vedantu,EdTech,Chennai,On-site,"Design and develop server-side logic and APIs for Vedantu's applications. You'll work with databases, optimize performance, and ensure scalability of backend systems.","Open to B.Tech, B.Sc CS, BCA students (2025, 2026, 2028 batches)","[""Git"", ""SQL"", ""Java""]","[""MongoDB"", ""PostgreSQL"", ""Node.js""]","[""MCA"", ""BCA"", ""B.Sc CS""]",6 Months,"₹20,000 / Month",https://careers.vedantu.com/apply/internship-201,Demo Dataset
Cybersecurity Analyst Intern,IBM India,IT & Software,Remote,On-site,"Help IBM India protect its digital assets by analyzing security threats and implementing protective measures. You'll participate in security audits, vulnerability assessments, and incident response activities.","Open to BCA, B.Sc CS students (2025, 2026, 2027 batches)","[""Linux"", ""Firewall"", ""Network Security""]","[""SIEM"", ""AWS"", ""Wireshark""]","[""BCA"", ""B.Sc CS""]",2 Months,"₹15,000 / Month",https://careers.ibm-india.com/apply/internship-202,Demo Dataset
Python Developer Intern,Ola Electric,EdTech,Delhi NCR,On-site,Write clean and efficient Python code for Ola Electric's projects and applications. You'll learn Python best practices and contribute to building robust software solutions.,"Open to B.Sc CS, BCA, MCA students (2026, 2027, 2028 batches)","[""Python"", ""OOP"", ""SQL""]","[""Docker"", ""FastAPI"", ""PostgreSQL""]","[""BCA"", ""B.Tech""]",3 Months,"₹18,000 / Month",https://careers.ola-electric.com/apply/internship-203,Demo Dataset
Cloud & DevOps Intern,Infosys,IT & Software,Delhi NCR,Remote,"Support Infosys's cloud infrastructure and deployment pipelines using DevOps best practices. You'll work on containerization, CI/CD automation, and cloud platform management.","Open to B.Tech, MCA, B.Sc CS students (2025, 2026 batches)","[""AWS"", ""Docker"", ""Python""]","[""Azure"", ""Kubernetes"", ""CI/CD""]","[""B.Sc CS"", ""BCA"", ""B.Tech""]",2 Months,"₹25,000 / Month",https://careers.infosys.com/apply/internship-204,Demo Dataset
Full Stack Developer Intern,Accenture India,Artificial Intelligence,Kolkata,Hybrid,Build complete web applications at Accenture India by working on both frontend and backend technologies. You'll gain experience across the entire development stack and learn best practices in web development.,"Open to B.Tech, MCA students (2026, 2027, 2028 batches)","[""Git"", ""Node.js"", ""JavaScript""]","[""Docker"", ""MongoDB"", ""AWS""]","[""BCA"", ""B.Tech"", ""B.Sc CS""]",6 Months,"₹12,000 / Month",https://careers.accenture-india.com/apply/internship-205,Demo Dataset
Frontend Developer Intern,ByteForce Labs,Data Analytics,Mumbai,Remote,Build responsive and interactive user interfaces for ByteForce Labs's web applications using modern frameworks. You'll collaborate with designers and backend developers to deliver engaging user experiences.,"Open to MCA, B.Sc CS, BCA students (2026, 2027, 2028 batches)","[""CSS"", ""Git"", ""React""]","[""TypeScript"", ""Vue.js"", ""Figma""]","[""BCA"", ""B.Tech""]",6 Months,"₹5,000 / Month",https://careers.byteforce-labs.com/apply/internship-206,Demo Dataset
Cybersecurity Analyst Intern,CloudNine Dynamics,Artificial Intelligence,Mumbai,Remote,"Help CloudNine Dynamics protect its digital assets by analyzing security threats and implementing protective measures. You'll participate in security audits, vulnerability assessments, and incident response activities.","Open to B.Tech, B.Sc CS students (2025, 2028 batches)","[""Linux"", ""Encryption"", ""Network Security""]","[""SIEM"", ""Wireshark"", ""Metasploit""]","[""B.Tech"", ""BCA""]",3 Months,"₹10,000 / Month",https://careers.cloudnine-dynamics.com/apply/internship-207,Demo Dataset
Cloud Architect Intern,Cisco Systems India,E-commerce,Delhi NCR,On-site,"Design scalable and secure cloud solutions for Cisco Systems India's applications and infrastructure. You'll work with cloud platforms, optimize costs, and ensure high availability.","Open to MCA, BCA, B.Sc CS students (2025, 2026, 2027 batches)","[""Networking"", ""Linux"", ""Cloud Architecture""]","[""Docker"", ""GCP"", ""Kubernetes""]","[""MCA"", ""B.Sc CS""]",6 Months,"₹10,000 / Month",https://careers.cisco-systems-india.com/apply/internship-208,Demo Dataset
Backend Developer Intern,NeuroTech Solutions,Data Analytics,Hyderabad,Remote,"Design and develop server-side logic and APIs for NeuroTech Solutions's applications. You'll work with databases, optimize performance, and ensure scalability of backend systems.","Open to B.Sc CS, B.Tech, BCA students (2025, 2027 batches)","[""Java"", ""Python"", ""REST APIs""]","[""MongoDB"", ""Express.js"", ""PostgreSQL""]","[""BCA"", ""B.Tech"", ""B.Sc CS""]",1 Month,"₹30,000 / Month",https://careers.neurotech-solutions.com/apply/internship-209,Demo Dataset
Cybersecurity Analyst Intern,Intel India,Cloud Computing,Delhi NCR,Hybrid,"Help Intel India protect its digital assets by analyzing security threats and implementing protective measures. You'll participate in security audits, vulnerability assessments, and incident response activities.","Open to MCA, BCA, B.Tech students (2025, 2027, 2028 batches)","[""Firewall"", ""Python"", ""Network Security""]","[""Penetration Testing"", ""SIEM"", ""Wireshark""]","[""B.Tech"", ""MCA"", ""BCA""]",1 Month,"₹5,000 / Month",https://careers.intel-india.com/apply/internship-210,Demo Dataset
Python Developer Intern,CloudStack Infra,Cybersecurity,Delhi NCR,Hybrid,Write clean and efficient Python code for CloudStack Infra's projects and applications. You'll learn Python best practices and contribute to building robust software solutions.,"Open to B.Sc CS, B.Tech, MCA students (2026, 2028 batches)","[""SQL"", ""Python"", ""Data Structures""]","[""PostgreSQL"", ""Docker"", ""Django""]","[""B.Sc CS"", ""MCA"", ""BCA""]",2 Months,"₹15,000 / Month",https://careers.cloudstack-infra.com/apply/internship-211,Demo Dataset
Cloud & DevOps Intern,Paytm,FinTech,Pune,Remote,"Support Paytm's cloud infrastructure and deployment pipelines using DevOps best practices. You'll work on containerization, CI/CD automation, and cloud platform management.","Open to MCA, BCA, B.Tech students (2026, 2028 batches)","[""AWS"", ""Git"", ""Docker""]","[""Azure"", ""CI/CD"", ""Jenkins""]","[""MCA"", ""B.Tech"", ""B.Sc CS""]",1 Month,"₹12,000 / Month",https://careers.paytm.com/apply/internship-212,Demo Dataset
Cloud Architect Intern,CloudNine Dynamics,Data Analytics,Kolkata,Remote,"Design scalable and secure cloud solutions for CloudNine Dynamics's applications and infrastructure. You'll work with cloud platforms, optimize costs, and ensure high availability.","Open to BCA, B.Tech, MCA students (2025, 2026, 2028 batches)","[""Linux"", ""AWS"", ""System Design""]","[""Azure"", ""Kubernetes"", ""GCP""]","[""B.Sc CS"", ""MCA""]",2 Months,"₹20,000 / Month",https://careers.cloudnine-dynamics.com/apply/internship-213,Demo Dataset
Frontend Developer Intern,Cisco Systems India,Artificial Intelligence,Delhi NCR,Remote,Build responsive and interactive user interfaces for Cisco Systems India's web applications using modern frameworks. You'll collaborate with designers and backend developers to deliver engaging user experiences.,"Open to MCA, B.Tech, BCA students (2026, 2027, 2028 batches)","[""CSS"", ""JavaScript"", ""React""]","[""Vue.js"", ""REST APIs"", ""TypeScript""]","[""B.Sc CS"", ""BCA"", ""MCA""]",6 Months,"₹12,000 / Month",https://careers.cisco-systems-india.com/apply/internship-214,Demo Dataset
Mobile App Developer Intern,PixelCraft Studios,EdTech,Chennai,Remote,"Develop mobile applications for iOS or Android platforms at PixelCraft Studios. You'll work on feature development, testing, and optimization to deliver high-quality mobile experiences.","Open to MCA, B.Sc CS students (2025, 2026, 2027 batches)","[""Git"", ""Kotlin"", ""Android""]","[""Firebase"", ""iOS"", ""Swift""]","[""BCA"", ""B.Tech"", ""B.Sc CS""]",6 Months,"₹18,000 / Month",https://careers.pixelcraft-studios.com/apply/internship-215,Demo Dataset
Python Developer Intern,CodeWave Analytics,Artificial Intelligence,Mumbai,On-site,Write clean and efficient Python code for CodeWave Analytics's projects and applications. You'll learn Python best practices and contribute to building robust software solutions.,"Open to BCA, B.Tech students (2025, 2027, 2028 batches)","[""Git"", ""Python"", ""OOP""]","[""FastAPI"", ""Flask"", ""PostgreSQL""]","[""MCA"", ""BCA"", ""B.Tech""]",1 Month,"₹12,000 / Month",https://careers.codewave-analytics.com/apply/internship-216,Demo Dataset
Cloud Architect Intern,VectorShift AI,Artificial Intelligence,Delhi NCR,Remote,"Design scalable and secure cloud solutions for VectorShift AI's applications and infrastructure. You'll work with cloud platforms, optimize costs, and ensure high availability.","Open to MCA, BCA, B.Sc CS students (2026, 2028 batches)","[""System Design"", ""Networking"", ""Linux""]","[""Docker"", ""Azure"", ""Kubernetes""]","[""B.Sc CS"", ""MCA"", ""B.Tech""]",3 Months,"₹15,000 / Month",https://careers.vectorshift-ai.com/apply/internship-217,Demo Dataset
Data Analyst Intern,SmartAI Innovations,Artificial Intelligence,Hyderabad,Hybrid,"Work with SmartAI Innovations's data team to analyze business metrics and create actionable insights. You'll develop data visualizations, write SQL queries, and support data-driven decision-making across the organization.","Open to BCA, B.Sc CS, B.Tech students (2025, 2026 batches)","[""Statistics"", ""Data Visualization"", ""SQL""]","[""Power BI"", ""Apache Spark"", ""Tableau""]","[""B.Sc CS"", ""MCA"", ""BCA""]",3 Months,"₹15,000 / Month",https://careers.smartai-innovations.com/apply/internship-218,Demo Dataset
UI/UX Design Intern,Cisco Systems India,E-commerce,Chennai,Remote,"Create beautiful and intuitive user interfaces for Cisco Systems India's digital products. You'll conduct user research, create prototypes, and collaborate with developers to bring designs to life.","Open to B.Tech, B.Sc CS, MCA students (2025, 2027 batches)","[""Figma"", ""Prototyping"", ""UI Design""]","[""Sketch"", ""Design Systems"", ""User Testing""]","[""B.Sc CS"", ""MCA""]",3 Months,"₹25,000 / Month",https://careers.cisco-systems-india.com/apply/internship-219,Demo Dataset
Software Development Intern,Razorpay,EdTech,Bengaluru,Remote,"Join Razorpay's development team and contribute to building scalable software solutions using modern technologies. You will work on real-world projects, collaborate with experienced engineers, and gain hands-on experience in the full software development lifecycle.","Open to BCA, B.Tech students (2026, 2028 batches)","[""Python"", ""Java"", ""Data Structures""]","[""Docker"", ""AWS"", ""SQL""]","[""BCA"", ""MCA"", ""B.Sc CS""]",6 Months,"₹12,000 / Month",https://careers.razorpay.com/apply/internship-220,Demo Dataset
Data Analyst Intern,Flipkart,EdTech,Delhi NCR,Remote,"Work with Flipkart's data team to analyze business metrics and create actionable insights. You'll develop data visualizations, write SQL queries, and support data-driven decision-making across the organization.","Open to B.Sc CS, MCA, B.Tech students (2025, 2026, 2028 batches)","[""Data Visualization"", ""SQL"", ""Statistics""]","[""Tableau"", ""Python"", ""Apache Spark""]","[""MCA"", ""B.Sc CS""]",2 Months,"₹25,000 / Month",https://careers.flipkart.com/apply/internship-221,Demo Dataset
Mobile App Developer Intern,Unacademy,E-commerce,Pune,On-site,"Develop mobile applications for iOS or Android platforms at Unacademy. You'll work on feature development, testing, and optimization to deliver high-quality mobile experiences.","Open to BCA, MCA, B.Tech students (2025, 2027 batches)","[""Java"", ""Git"", ""Android""]","[""REST APIs"", ""Firebase"", ""iOS""]","[""B.Tech"", ""MCA"", ""BCA""]",1 Month,"₹25,000 / Month",https://careers.unacademy.com/apply/internship-222,Demo Dataset
Cybersecurity Analyst Intern,ProdigyTech Labs,E-commerce,Kolkata,Remote,"Help ProdigyTech Labs protect its digital assets by analyzing security threats and implementing protective measures. You'll participate in security audits, vulnerability assessments, and incident response activities.","Open to B.Sc CS, BCA students (2026, 2028 batches)","[""Network Security"", ""Python"", ""Linux""]","[""SIEM"", ""Penetration Testing"", ""Metasploit""]","[""B.Sc CS"", ""B.Tech"", ""MCA""]",1 Month,"₹12,000 / Month",https://careers.prodigytech-labs.com/apply/internship-223,Demo Dataset
Quality Assurance Intern,Oracle India,E-commerce,Chennai,Remote,"Ensure software quality at Oracle India by designing test cases and identifying bugs before release. You'll perform manual testing, create automation scripts, and maintain quality standards.","Open to BCA, B.Tech, B.Sc CS students (2025, 2027 batches)","[""Manual Testing"", ""Test Cases"", ""Bug Tracking""]","[""Automation Testing"", ""LoadRunner"", ""JIRA""]","[""B.Tech"", ""B.Sc CS"", ""BCA""]",2 Months,"₹12,000 / Month",https://careers.oracle-india.com/apply/internship-224,Demo Dataset
Database Administrator Intern,Cisco Systems India,EdTech,Delhi NCR,On-site,"Manage and optimize Cisco Systems India's databases to ensure performance and reliability. You'll handle backups, security, and database maintenance tasks.","Open to B.Tech, BCA, B.Sc CS students (2026, 2027, 2028 batches)","[""SQL"", ""PostgreSQL"", ""Database Design""]","[""Performance Tuning"", ""Oracle"", ""AWS""]","[""BCA"", ""B.Sc CS""]",2 Months,"₹10,000 / Month",https://careers.cisco-systems-india.com/apply/internship-225,Demo Dataset
Network Engineer Intern,Amazon India,Artificial Intelligence,Hyderabad,Hybrid,"Support Amazon India's network infrastructure by configuring and maintaining network systems. You'll work on network security, connectivity, and performance optimization.","Open to B.Tech, MCA students (2026, 2027 batches)","[""TCP/IP"", ""Switching"", ""Networking""]","[""Python"", ""VPN"", ""Firewalls""]","[""B.Tech"", ""MCA"", ""BCA""]",1 Month,"₹20,000 / Month",https://careers.amazon-india.com/apply/internship-226,Demo Dataset
Cloud & DevOps Intern,SecureNet India,E-commerce,Mumbai,Hybrid,"Support SecureNet India's cloud infrastructure and deployment pipelines using DevOps best practices. You'll work on containerization, CI/CD automation, and cloud platform management.","Open to B.Tech, BCA students (2025, 2026, 2028 batches)","[""Linux"", ""AWS"", ""Docker""]","[""Jenkins"", ""Azure"", ""Terraform""]","[""B.Sc CS"", ""MCA"", ""BCA""]",2 Months,"₹20,000 / Month",https://careers.securenet-india.com/apply/internship-227,Demo Dataset
Frontend Developer Intern,Apple India,Cybersecurity,Hyderabad,Remote,Build responsive and interactive user interfaces for Apple India's web applications using modern frameworks. You'll collaborate with designers and backend developers to deliver engaging user experiences.,"Open to MCA, BCA students (2026, 2027 batches)","[""JavaScript"", ""React"", ""Git""]","[""Redux"", ""Figma"", ""Vue.js""]","[""B.Sc CS"", ""B.Tech""]",1 Month,"₹5,000 / Month",https://careers.apple-india.com/apply/internship-228,Demo Dataset
Network Engineer Intern,Unacademy,FinTech,Hyderabad,Remote,"Support Unacademy's network infrastructure by configuring and maintaining network systems. You'll work on network security, connectivity, and performance optimization.","Open to BCA, MCA students (2025, 2026, 2027 batches)","[""Switching"", ""Networking"", ""TCP/IP""]","[""Python"", ""Network Security"", ""VPN""]","[""B.Tech"", ""MCA""]",1 Month,"₹20,000 / Month",https://careers.unacademy.com/apply/internship-229,Demo Dataset
Cybersecurity Analyst Intern,Microsoft India,Cloud Computing,Hyderabad,Hybrid,"Help Microsoft India protect its digital assets by analyzing security threats and implementing protective measures. You'll participate in security audits, vulnerability assessments, and incident response activities.","Open to BCA, B.Sc CS students (2025, 2028 batches)","[""Encryption"", ""Network Security"", ""Python""]","[""Metasploit"", ""Penetration Testing"", ""SIEM""]","[""B.Tech"", ""B.Sc CS"", ""BCA""]",3 Months,"₹5,000 / Month",https://careers.microsoft-india.com/apply/internship-230,Demo Dataset
Quality Assurance Intern,ProdigyTech Labs,Data Analytics,Bengaluru,Hybrid,"Ensure software quality at ProdigyTech Labs by designing test cases and identifying bugs before release. You'll perform manual testing, create automation scripts, and maintain quality standards.","Open to B.Tech, MCA students (2025, 2027 batches)","[""SQL"", ""Test Cases"", ""Python""]","[""JIRA"", ""LoadRunner"", ""Linux""]","[""B.Tech"", ""B.Sc CS"", ""BCA""]",2 Months,"₹30,000 / Month",https://careers.prodigytech-labs.com/apply/internship-231,Demo Dataset
Mobile App Developer Intern,Razorpay,Data Analytics,Hyderabad,Remote,"Develop mobile applications for iOS or Android platforms at Razorpay. You'll work on feature development, testing, and optimization to deliver high-quality mobile experiences.","Open to MCA, BCA students (2025, 2028 batches)","[""Kotlin"", ""React Native"", ""Git""]","[""SQLite"", ""iOS"", ""REST APIs""]","[""B.Tech"", ""BCA"", ""B.Sc CS""]",3 Months,"₹5,000 / Month",https://careers.razorpay.com/apply/internship-232,Demo Dataset
UI/UX Design Intern,SecureNet India,EdTech,Pune,On-site,"Create beautiful and intuitive user interfaces for SecureNet India's digital products. You'll conduct user research, create prototypes, and collaborate with developers to bring designs to life.","Open to B.Tech, BCA students (2026, 2027, 2028 batches)","[""Figma"", ""UX Research"", ""Wireframing""]","[""Design Systems"", ""CSS"", ""User Testing""]","[""B.Tech"", ""B.Sc CS"", ""BCA""]",6 Months,"₹10,000 / Month",https://careers.securenet-india.com/apply/internship-233,Demo Dataset
UI/UX Design Intern,Unacademy,Data Analytics,Mumbai,Remote,"Create beautiful and intuitive user interfaces for Unacademy's digital products. You'll conduct user research, create prototypes, and collaborate with developers to bring designs to life.","Open to B.Tech, BCA students (2025, 2026, 2027 batches)","[""UX Research"", ""Wireframing"", ""UI Design""]","[""Design Systems"", ""User Testing"", ""Adobe XD""]","[""B.Tech"", ""MCA"", ""BCA""]",1 Month,"₹20,000 / Month",https://careers.unacademy.com/apply/internship-234,Demo Dataset
Backend Developer Intern,Swiggy,Artificial Intelligence,Delhi NCR,Hybrid,"Design and develop server-side logic and APIs for Swiggy's applications. You'll work with databases, optimize performance, and ensure scalability of backend systems.","Open to B.Sc CS, MCA students (2026, 2028 batches)","[""SQL"", ""Python"", ""Git""]","[""PostgreSQL"", ""MongoDB"", ""Express.js""]","[""B.Tech"", ""BCA""]",6 Months,"₹5,000 / Month",https://careers.swiggy.com/apply/internship-235,Demo Dataset
Network Engineer Intern,VectorShift AI,IT & Software,Mumbai,On-site,"Support VectorShift AI's network infrastructure by configuring and maintaining network systems. You'll work on network security, connectivity, and performance optimization.","Open to MCA, B.Tech, B.Sc CS students (2026, 2027, 2028 batches)","[""TCP/IP"", ""Linux"", ""Switching""]","[""VPN"", ""Python"", ""Firewalls""]","[""MCA"", ""B.Sc CS"", ""BCA""]",6 Months,"₹25,000 / Month",https://careers.vectorshift-ai.com/apply/internship-236,Demo Dataset
Frontend Developer Intern,PixelCraft Studios,Data Analytics,Kolkata,On-site,Build responsive and interactive user interfaces for PixelCraft Studios's web applications using modern frameworks. You'll collaborate with designers and backend developers to deliver engaging user experiences.,"Open to BCA, B.Tech students (2025, 2026 batches)","[""JavaScript"", ""CSS"", ""HTML""]","[""TypeScript"", ""Redux"", ""REST APIs""]","[""B.Tech"", ""MCA""]",6 Months,"₹12,000 / Month",https://careers.pixelcraft-studios.com/apply/internship-237,Demo Dataset
UI/UX Design Intern,ProdigyTech Labs,E-commerce,Hyderabad,Remote,"Create beautiful and intuitive user interfaces for ProdigyTech Labs's digital products. You'll conduct user research, create prototypes, and collaborate with developers to bring designs to life.","Open to BCA, B.Tech, MCA students (2025, 2026, 2027 batches)","[""Wireframing"", ""UI Design"", ""Prototyping""]","[""User Testing"", ""Design Systems"", ""Sketch""]","[""B.Sc CS"", ""BCA"", ""B.Tech""]",3 Months,"₹12,000 / Month",https://careers.prodigytech-labs.com/apply/internship-238,Demo Dataset
Machine Learning Intern,VectorShift AI,Cybersecurity,Bengaluru,Remote,Contribute to VectorShift AI's AI initiatives by developing and training machine learning models on real datasets. You'll work alongside ML engineers to solve complex problems and implement cutting-edge algorithms.,"Open to B.Tech, MCA students (2025, 2026, 2028 batches)","[""scikit-learn"", ""Python"", ""Statistics""]","[""Computer Vision"", ""AWS"", ""Deep Learning""]","[""B.Sc CS"", ""BCA""]",2 Months,"₹5,000 / Month",https://careers.vectorshift-ai.com/apply/internship-239,Demo Dataset
Frontend Developer Intern,Google India,E-commerce,Delhi NCR,On-site,Build responsive and interactive user interfaces for Google India's web applications using modern frameworks. You'll collaborate with designers and backend developers to deliver engaging user experiences.,"Open to BCA, B.Sc CS students (2025, 2026, 2027 batches)","[""JavaScript"", ""React"", ""Git""]","[""Vue.js"", ""Redux"", ""Figma""]","[""MCA"", ""B.Tech""]",2 Months,"₹25,000 / Month",https://careers.google-india.com/apply/internship-240,Demo Dataset
Backend Developer Intern,VectorShift AI,EdTech,Chennai,Remote,"Design and develop server-side logic and APIs for VectorShift AI's applications. You'll work with databases, optimize performance, and ensure scalability of backend systems.","Open to BCA, MCA students (2025, 2026 batches)","[""REST APIs"", ""Java"", ""Python""]","[""MongoDB"", ""Node.js"", ""Express.js""]","[""B.Tech"", ""MCA"", ""BCA""]",1 Month,"₹5,000 / Month",https://careers.vectorshift-ai.com/apply/internship-241,Demo Dataset
Data Science Intern,Microsoft India,IT & Software,Kolkata,On-site,"Apply statistical methods and machine learning techniques to solve business problems for Microsoft India. You'll work with large datasets, build predictive models, and communicate insights to stakeholders.","Open to MCA, B.Tech, BCA students (2025, 2026 batches)","[""Python"", ""SQL"", ""Statistics""]","[""AWS"", ""TensorFlow"", ""Tableau""]","[""BCA"", ""B.Tech""]",2 Months,"₹20,000 / Month",https://careers.microsoft-india.com/apply/internship-242,Demo Dataset
Data Analyst Intern,Cisco Systems India,Cybersecurity,Kolkata,Hybrid,"Work with Cisco Systems India's data team to analyze business metrics and create actionable insights. You'll develop data visualizations, write SQL queries, and support data-driven decision-making across the organization.","Open to MCA, B.Tech students (2026, 2027 batches)","[""Statistics"", ""Data Visualization"", ""Python""]","[""Python"", ""Tableau"", ""Power BI""]","[""B.Sc CS"", ""BCA""]",2 Months,"₹20,000 / Month",https://careers.cisco-systems-india.com/apply/internship-243,Demo Dataset
Solutions Architect Intern,ABC Tech,EdTech,Remote,On-site,"Design comprehensive IT solutions for ABC Tech's clients and internal needs. You'll evaluate technologies, create architecture diagrams, and present recommendations.","Open to B.Tech, BCA, B.Sc CS students (2027, 2028 batches)","[""Cloud Architecture"", ""System Design"", ""AWS""]","[""GCP"", ""Kubernetes"", ""Python""]","[""B.Sc CS"", ""B.Tech"", ""MCA""]",6 Months,"₹10,000 / Month",https://careers.abc-tech.com/apply/internship-244,Demo Dataset
Solutions Architect Intern,Flipkart,Artificial Intelligence,Kolkata,Remote,"Design comprehensive IT solutions for Flipkart's clients and internal needs. You'll evaluate technologies, create architecture diagrams, and present recommendations.","Open to BCA, B.Sc CS students (2025, 2028 batches)","[""System Design"", ""AWS"", ""Documentation""]","[""GCP"", ""Azure"", ""Kubernetes""]","[""BCA"", ""B.Sc CS""]",6 Months,"₹20,000 / Month",https://careers.flipkart.com/apply/internship-245,Demo Dataset
Solutions Architect Intern,TCS (Tata Consultancy Services),Data Analytics,Chennai,Remote,"Design comprehensive IT solutions for TCS (Tata Consultancy Services)'s clients and internal needs. You'll evaluate technologies, create architecture diagrams, and present recommendations.","Open to MCA, BCA, B.Sc CS students (2025, 2027, 2028 batches)","[""Documentation"", ""System Design"", ""AWS""]","[""Python"", ""Kubernetes"", ""Azure""]","[""MCA"", ""B.Sc CS"", ""BCA""]",2 Months,"₹10,000 / Month",https://careers.tcs-tata-consultancy-services.com/apply/internship-246,Demo Dataset
Business Analyst Intern,Unacademy,Cybersecurity,Kolkata,Hybrid,"Work with Unacademy's stakeholders to gather requirements and improve business processes. You'll create documentation, analyze workflows, and support project implementation.","Open to BCA, MCA, B.Tech students (2026, 2027, 2028 batches)","[""Excel"", ""Communication"", ""Documentation""]","[""JIRA"", ""Requirements Gathering"", ""Process Mapping""]","[""B.Tech"", ""MCA"", ""B.Sc CS""]",2 Months,"₹10,000 / Month",https://careers.unacademy.com/apply/internship-247,Demo Dataset
Product Manager Intern,Cisco Systems India,Artificial Intelligence,Chennai,Remote,"Support Cisco Systems India's product team in developing and launching successful products. You'll conduct market research, analyze user feedback, and contribute to product strategy.","Open to MCA, B.Tech, B.Sc CS students (2027, 2028 batches)","[""Product Strategy"", ""Excel"", ""Market Analysis""]","[""Analytics"", ""A/B Testing"", ""Python""]","[""BCA"", ""B.Sc CS""]",3 Months,"₹5,000 / Month",https://careers.cisco-systems-india.com/apply/internship-248,Demo Dataset
Full Stack Developer Intern,HCL Technologies,EdTech,Bengaluru,Remote,Build complete web applications at HCL Technologies by working on both frontend and backend technologies. You'll gain experience across the entire development stack and learn best practices in web development.,"Open to B.Tech, BCA students (2025, 2027 batches)","[""Git"", ""JavaScript"", ""Node.js""]","[""AWS"", ""Docker"", ""REST APIs""]","[""B.Tech"", ""BCA""]",1 Month,"₹30,000 / Month",https://careers.hcl-technologies.com/apply/internship-249,Demo Dataset
Solutions Architect Intern,Ola Electric,FinTech,Hyderabad,Remote,"Design comprehensive IT solutions for Ola Electric's clients and internal needs. You'll evaluate technologies, create architecture diagrams, and present recommendations.","Open to MCA, B.Sc CS, BCA students (2025, 2026 batches)","[""SQL"", ""AWS"", ""System Design""]","[""GCP"", ""Azure"", ""Python""]","[""B.Sc CS"", ""BCA""]",1 Month,"₹30,000 / Month",https://careers.ola-electric.com/apply/internship-250,Demo Dataset
Backend Developer Intern,Microsoft India,Cloud Computing,Remote,Hybrid,"Design and develop server-side logic and APIs for Microsoft India's applications. You'll work with databases, optimize performance, and ensure scalability of backend systems.","Open to MCA, B.Sc CS students (2026, 2027, 2028 batches)","[""SQL"", ""REST APIs"", ""Git""]","[""Express.js"", ""PostgreSQL"", ""Node.js""]","[""B.Sc CS"", ""BCA""]",1 Month,"₹10,000 / Month",https://careers.microsoft-india.com/apply/internship-251,Demo Dataset
Data Analyst Intern,ABC Tech,IT & Software,Kolkata,Remote,"Work with ABC Tech's data team to analyze business metrics and create actionable insights. You'll develop data visualizations, write SQL queries, and support data-driven decision-making across the organization.","Open to B.Sc CS, MCA, B.Tech students (2025, 2027, 2028 batches)","[""Data Visualization"", ""Statistics"", ""Python""]","[""Python"", ""Power BI"", ""Apache Spark""]","[""BCA"", ""B.Tech""]",6 Months,"₹20,000 / Month",https://careers.abc-tech.com/apply/internship-252,Demo Dataset
Quality Assurance Intern,Unacademy,Cybersecurity,Chennai,Hybrid,"Ensure software quality at Unacademy by designing test cases and identifying bugs before release. You'll perform manual testing, create automation scripts, and maintain quality standards.","Open to B.Tech, BCA students (2025, 2026, 2027 batches)","[""Python"", ""Test Cases"", ""Bug Tracking""]","[""LoadRunner"", ""Automation Testing"", ""Selenium""]","[""MCA"", ""BCA"", ""B.Sc CS""]",6 Months,"₹12,000 / Month",https://careers.unacademy.com/apply/internship-253,Demo Dataset
Business Analyst Intern,QuantumLeap AI,IT & Software,Kolkata,On-site,"Work with QuantumLeap AI's stakeholders to gather requirements and improve business processes. You'll create documentation, analyze workflows, and support project implementation.","Open to B.Tech, B.Sc CS, MCA students (2025, 2028 batches)","[""Excel"", ""Documentation"", ""Communication""]","[""JIRA"", ""Tableau"", ""Python""]","[""MCA"", ""B.Sc CS""]",3 Months,"₹5,000 / Month",https://careers.quantumleap-ai.com/apply/internship-254,Demo Dataset
Business Analyst Intern,Freshworks,Artificial Intelligence,Hyderabad,Remote,"Work with Freshworks's stakeholders to gather requirements and improve business processes. You'll create documentation, analyze workflows, and support project implementation.","Open to BCA, MCA, B.Sc CS students (2025, 2026, 2028 batches)","[""Business Analysis"", ""Excel"", ""Documentation""]","[""Python"", ""Tableau"", ""JIRA""]","[""BCA"", ""B.Tech"", ""B.Sc CS""]",1 Month,"₹30,000 / Month",https://careers.freshworks.com/apply/internship-255,Demo Dataset
Business Analyst Intern,QuantumLeap AI,Data Analytics,Mumbai,On-site,"Work with QuantumLeap AI's stakeholders to gather requirements and improve business processes. You'll create documentation, analyze workflows, and support project implementation.","Open to B.Sc CS, BCA, MCA students (2026, 2027 batches)","[""Documentation"", ""SQL"", ""Excel""]","[""Requirements Gathering"", ""Python"", ""Tableau""]","[""B.Tech"", ""BCA""]",6 Months,"₹10,000 / Month",https://careers.quantumleap-ai.com/apply/internship-256,Demo Dataset
Business Analyst Intern,PolicyBazaar,Data Analytics,Hyderabad,Remote,"Work with PolicyBazaar's stakeholders to gather requirements and improve business processes. You'll create documentation, analyze workflows, and support project implementation.","Open to B.Tech, B.Sc CS students (2026, 2027 batches)","[""Excel"", ""Documentation"", ""Communication""]","[""Tableau"", ""Process Mapping"", ""JIRA""]","[""MCA"", ""BCA""]",2 Months,"₹18,000 / Month",https://careers.policybazaar.com/apply/internship-257,Demo Dataset
Data Science Intern,CloudStack Infra,E-commerce,Pune,Remote,"Apply statistical methods and machine learning techniques to solve business problems for CloudStack Infra. You'll work with large datasets, build predictive models, and communicate insights to stakeholders.","Open to MCA, B.Tech students (2025, 2026, 2028 batches)","[""Statistics"", ""Machine Learning"", ""Pandas""]","[""R"", ""Tableau"", ""scikit-learn""]","[""MCA"", ""B.Tech"", ""B.Sc CS""]",6 Months,"₹10,000 / Month",https://careers.cloudstack-infra.com/apply/internship-258,Demo Dataset
Machine Learning Intern,VectorShift AI,Cybersecurity,Chennai,Remote,Contribute to VectorShift AI's AI initiatives by developing and training machine learning models on real datasets. You'll work alongside ML engineers to solve complex problems and implement cutting-edge algorithms.,"Open to BCA, B.Sc CS, B.Tech students (2025, 2027 batches)","[""Python"", ""scikit-learn"", ""Machine Learning""]","[""Deep Learning"", ""NLP"", ""AWS""]","[""B.Tech"", ""B.Sc CS""]",3 Months,"₹10,000 / Month",https://careers.vectorshift-ai.com/apply/internship-259,Demo Dataset
Cloud Architect Intern,ProdigyTech Labs,E-commerce,Remote,On-site,"Design scalable and secure cloud solutions for ProdigyTech Labs's applications and infrastructure. You'll work with cloud platforms, optimize costs, and ensure high availability.","Open to MCA, B.Sc CS, BCA students (2026, 2027 batches)","[""System Design"", ""Linux"", ""Networking""]","[""Kubernetes"", ""Docker"", ""Terraform""]","[""BCA"", ""B.Sc CS"", ""MCA""]",6 Months,"₹20,000 / Month",https://careers.prodigytech-labs.com/apply/internship-260,Demo Dataset
Cybersecurity Analyst Intern,TCS (Tata Consultancy Services),Cloud Computing,Pune,On-site,"Help TCS (Tata Consultancy Services) protect its digital assets by analyzing security threats and implementing protective measures. You'll participate in security audits, vulnerability assessments, and incident response activities.","Open to B.Sc CS, MCA, BCA students (2026, 2027, 2028 batches)","[""Network Security"", ""Python"", ""Linux""]","[""Wireshark"", ""Penetration Testing"", ""Metasploit""]","[""BCA"", ""MCA"", ""B.Sc CS""]",2 Months,"₹10,000 / Month",https://careers.tcs-tata-consultancy-services.com/apply/internship-261,Demo Dataset
Cybersecurity Analyst Intern,Intel India,IT & Software,Chennai,Remote,"Help Intel India protect its digital assets by analyzing security threats and implementing protective measures. You'll participate in security audits, vulnerability assessments, and incident response activities.","Open to BCA, MCA, B.Tech students (2025, 2028 batches)","[""Network Security"", ""Python"", ""Encryption""]","[""Wireshark"", ""AWS"", ""Metasploit""]","[""B.Tech"", ""BCA""]",2 Months,"₹30,000 / Month",https://careers.intel-india.com/apply/internship-262,Demo Dataset
Database Administrator Intern,VectorShift AI,EdTech,Pune,Remote,"Manage and optimize VectorShift AI's databases to ensure performance and reliability. You'll handle backups, security, and database maintenance tasks.","Open to B.Sc CS, BCA, MCA students (2026, 2027, 2028 batches)","[""Database Design"", ""Linux"", ""PostgreSQL""]","[""MongoDB"", ""Oracle"", ""AWS""]","[""BCA"", ""B.Tech"", ""MCA""]",1 Month,"₹5,000 / Month",https://careers.vectorshift-ai.com/apply/internship-263,Demo Dataset
Frontend Developer Intern,Intel India,Data Analytics,Pune,Hybrid,Build responsive and interactive user interfaces for Intel India's web applications using modern frameworks. You'll collaborate with designers and backend developers to deliver engaging user experiences.,"Open to B.Tech, MCA, BCA students (2025, 2026, 2027 batches)","[""JavaScript"", ""CSS"", ""React""]","[""Vue.js"", ""Redux"", ""Figma""]","[""B.Tech"", ""BCA"", ""MCA""]",3 Months,"₹5,000 / Month",https://careers.intel-india.com/apply/internship-264,Demo Dataset
Data Analyst Intern,SynergyAI Systems,Cybersecurity,Kolkata,On-site,"Work with SynergyAI Systems's data team to analyze business metrics and create actionable insights. You'll develop data visualizations, write SQL queries, and support data-driven decision-making across the organization.","Open to BCA, MCA students (2025, 2026, 2028 batches)","[""Statistics"", ""Excel"", ""SQL""]","[""R"", ""Python"", ""Tableau""]","[""MCA"", ""BCA""]",2 Months,"₹15,000 / Month",https://careers.synergyai-systems.com/apply/internship-265,Demo Dataset
Cybersecurity Analyst Intern,Insight Analytics,EdTech,Kolkata,Hybrid,"Help Insight Analytics protect its digital assets by analyzing security threats and implementing protective measures. You'll participate in security audits, vulnerability assessments, and incident response activities.","Open to BCA, B.Sc CS, MCA students (2025, 2026 batches)","[""Firewall"", ""Linux"", ""Python""]","[""Metasploit"", ""SIEM"", ""Penetration Testing""]","[""MCA"", ""B.Sc CS""]",3 Months,"₹25,000 / Month",https://careers.insight-analytics.com/apply/internship-266,Demo Dataset
Data Analyst Intern,PixelCraft Studios,Cloud Computing,Chennai,Remote,"Work with PixelCraft Studios's data team to analyze business metrics and create actionable insights. You'll develop data visualizations, write SQL queries, and support data-driven decision-making across the organization.","Open to B.Tech, MCA, BCA students (2025, 2027, 2028 batches)","[""Statistics"", ""Python"", ""SQL""]","[""Apache Spark"", ""Power BI"", ""Python""]","[""BCA"", ""B.Sc CS"", ""MCA""]",6 Months,"₹15,000 / Month",https://careers.pixelcraft-studios.com/apply/internship-267,Demo Dataset
Quality Assurance Intern,ByteForce Labs,Cloud Computing,Remote,Hybrid,"Ensure software quality at ByteForce Labs by designing test cases and identifying bugs before release. You'll perform manual testing, create automation scripts, and maintain quality standards.","Open to B.Sc CS, B.Tech, MCA students (2025, 2027, 2028 batches)","[""Python"", ""Bug Tracking"", ""Test Cases""]","[""Automation Testing"", ""Selenium"", ""Linux""]","[""MCA"", ""B.Tech"", ""BCA""]",1 Month,"₹20,000 / Month",https://careers.byteforce-labs.com/apply/internship-268,Demo Dataset
Business Analyst Intern,SynergyAI Systems,E-commerce,Bengaluru,Remote,"Work with SynergyAI Systems's stakeholders to gather requirements and improve business processes. You'll create documentation, analyze workflows, and support project implementation.","Open to BCA, B.Tech, B.Sc CS students (2026, 2028 batches)","[""Documentation"", ""Business Analysis"", ""Excel""]","[""Process Mapping"", ""JIRA"", ""Requirements Gathering""]","[""MCA"", ""B.Tech""]",3 Months,"₹18,000 / Month",https://careers.synergyai-systems.com/apply/internship-269,Demo Dataset
Solutions Architect Intern,NeuroByte AI,Cloud Computing,Bengaluru,Hybrid,"Design comprehensive IT solutions for NeuroByte AI's clients and internal needs. You'll evaluate technologies, create architecture diagrams, and present recommendations.","Open to BCA, MCA students (2026, 2028 batches)","[""System Design"", ""Documentation"", ""AWS""]","[""Python"", ""Azure"", ""GCP""]","[""B.Tech"", ""BCA"", ""B.Sc CS""]",2 Months,"₹20,000 / Month",https://careers.neurobyte-ai.com/apply/internship-270,Demo Dataset
Cloud & DevOps Intern,TechVision Labs,EdTech,Bengaluru,Hybrid,"Support TechVision Labs's cloud infrastructure and deployment pipelines using DevOps best practices. You'll work on containerization, CI/CD automation, and cloud platform management.","Open to B.Tech, MCA, BCA students (2026, 2028 batches)","[""Linux"", ""Docker"", ""AWS""]","[""Azure"", ""CI/CD"", ""Jenkins""]","[""MCA"", ""B.Sc CS""]",2 Months,"₹20,000 / Month",https://careers.techvision-labs.com/apply/internship-271,Demo Dataset
Cybersecurity Analyst Intern,ByteForce Labs,EdTech,Hyderabad,On-site,"Help ByteForce Labs protect its digital assets by analyzing security threats and implementing protective measures. You'll participate in security audits, vulnerability assessments, and incident response activities.","Open to BCA, B.Sc CS students (2025, 2026, 2027 batches)","[""Python"", ""Encryption"", ""Network Security""]","[""Penetration Testing"", ""Metasploit"", ""Wireshark""]","[""MCA"", ""BCA"", ""B.Sc CS""]",3 Months,"₹20,000 / Month",https://careers.byteforce-labs.com/apply/internship-272,Demo Dataset
Software Development Intern,Vedantu,Data Analytics,Pune,Hybrid,"Join Vedantu's development team and contribute to building scalable software solutions using modern technologies. You will work on real-world projects, collaborate with experienced engineers, and gain hands-on experience in the full software development lifecycle.","Open to BCA, B.Sc CS students (2025, 2028 batches)","[""Git"", ""C++"", ""Java""]","[""REST APIs"", ""SQL"", ""AWS""]","[""MCA"", ""B.Tech""]",2 Months,"₹30,000 / Month",https://careers.vedantu.com/apply/internship-273,Demo Dataset
Frontend Developer Intern,CloudStack Infra,Cloud Computing,Chennai,Remote,Build responsive and interactive user interfaces for CloudStack Infra's web applications using modern frameworks. You'll collaborate with designers and backend developers to deliver engaging user experiences.,"Open to MCA, BCA, B.Sc CS students (2025, 2026 batches)","[""HTML"", ""Git"", ""JavaScript""]","[""Figma"", ""Vue.js"", ""REST APIs""]","[""B.Tech"", ""BCA"", ""B.Sc CS""]",2 Months,"₹20,000 / Month",https://careers.cloudstack-infra.com/apply/internship-274,Demo Dataset
Product Manager Intern,Freshworks,Artificial Intelligence,Chennai,On-site,"Support Freshworks's product team in developing and launching successful products. You'll conduct market research, analyze user feedback, and contribute to product strategy.","Open to B.Tech, B.Sc CS, BCA students (2025, 2027, 2028 batches)","[""Product Strategy"", ""SQL"", ""Communication""]","[""Python"", ""Analytics"", ""User Research""]","[""MCA"", ""BCA""]",1 Month,"₹20,000 / Month",https://careers.freshworks.com/apply/internship-275,Demo Dataset
Python Developer Intern,PolicyBazaar,E-commerce,Hyderabad,On-site,Write clean and efficient Python code for PolicyBazaar's projects and applications. You'll learn Python best practices and contribute to building robust software solutions.,"Open to B.Sc CS, B.Tech, BCA students (2025, 2027 batches)","[""OOP"", ""Data Structures"", ""Python""]","[""FastAPI"", ""Django"", ""PostgreSQL""]","[""MCA"", ""BCA"", ""B.Tech""]",1 Month,"₹5,000 / Month",https://careers.policybazaar.com/apply/internship-276,Demo Dataset
Mobile App Developer Intern,CloudNine Dynamics,EdTech,Chennai,Remote,"Develop mobile applications for iOS or Android platforms at CloudNine Dynamics. You'll work on feature development, testing, and optimization to deliver high-quality mobile experiences.","Open to MCA, B.Sc CS, B.Tech students (2026, 2027, 2028 batches)","[""React Native"", ""Java"", ""Android""]","[""REST APIs"", ""SQLite"", ""iOS""]","[""B.Sc CS"", ""MCA"", ""BCA""]",6 Months,"₹5,000 / Month",https://careers.cloudnine-dynamics.com/apply/internship-277,Demo Dataset
Cloud Architect Intern,Paytm,Artificial Intelligence,Hyderabad,On-site,"Design scalable and secure cloud solutions for Paytm's applications and infrastructure. You'll work with cloud platforms, optimize costs, and ensure high availability.","Open to MCA, B.Sc CS, BCA students (2025, 2027, 2028 batches)","[""Networking"", ""Cloud Architecture"", ""System Design""]","[""Docker"", ""Terraform"", ""Kubernetes""]","[""MCA"", ""B.Tech""]",6 Months,"₹12,000 / Month",https://careers.paytm.com/apply/internship-278,Demo Dataset
Data Science Intern,Ola Electric,Cloud Computing,Mumbai,On-site,"Apply statistical methods and machine learning techniques to solve business problems for Ola Electric. You'll work with large datasets, build predictive models, and communicate insights to stakeholders.","Open to BCA, B.Tech, MCA students (2025, 2027, 2028 batches)","[""Machine Learning"", ""Pandas"", ""Statistics""]","[""scikit-learn"", ""R"", ""AWS""]","[""B.Sc CS"", ""MCA"", ""BCA""]",2 Months,"₹18,000 / Month",https://careers.ola-electric.com/apply/internship-279,Demo Dataset
Mobile App Developer Intern,Microsoft India,Cloud Computing,Remote,On-site,"Develop mobile applications for iOS or Android platforms at Microsoft India. You'll work on feature development, testing, and optimization to deliver high-quality mobile experiences.","Open to BCA, MCA, B.Tech students (2025, 2028 batches)","[""Kotlin"", ""React Native"", ""Git""]","[""REST APIs"", ""Swift"", ""SQLite""]","[""BCA"", ""B.Sc CS""]",2 Months,"₹18,000 / Month",https://careers.microsoft-india.com/apply/internship-280,Demo Dataset
Data Science Intern,SecureNet India,IT & Software,Bengaluru,Remote,"Apply statistical methods and machine learning techniques to solve business problems for SecureNet India. You'll work with large datasets, build predictive models, and communicate insights to stakeholders.","Open to BCA, MCA students (2026, 2027 batches)","[""Python"", ""Statistics"", ""Pandas""]","[""TensorFlow"", ""R"", ""Tableau""]","[""B.Tech"", ""B.Sc CS"", ""BCA""]",2 Months,"₹30,000 / Month",https://careers.securenet-india.com/apply/internship-281,Demo Dataset
Quality Assurance Intern,Intel India,E-commerce,Chennai,On-site,"Ensure software quality at Intel India by designing test cases and identifying bugs before release. You'll perform manual testing, create automation scripts, and maintain quality standards.","Open to MCA, B.Tech, BCA students (2026, 2027, 2028 batches)","[""Test Cases"", ""Python"", ""Bug Tracking""]","[""JIRA"", ""Automation Testing"", ""Selenium""]","[""BCA"", ""B.Tech""]",1 Month,"₹25,000 / Month",https://careers.intel-india.com/apply/internship-282,Demo Dataset
Quality Assurance Intern,IBM India,EdTech,Pune,Hybrid,"Ensure software quality at IBM India by designing test cases and identifying bugs before release. You'll perform manual testing, create automation scripts, and maintain quality standards.","Open to B.Tech, B.Sc CS, MCA students (2026, 2028 batches)","[""Manual Testing"", ""Bug Tracking"", ""Test Cases""]","[""JIRA"", ""Automation Testing"", ""LoadRunner""]","[""B.Sc CS"", ""BCA""]",6 Months,"₹25,000 / Month",https://careers.ibm-india.com/apply/internship-283,Demo Dataset
Cloud & DevOps Intern,Amazon India,E-commerce,Remote,Remote,"Support Amazon India's cloud infrastructure and deployment pipelines using DevOps best practices. You'll work on containerization, CI/CD automation, and cloud platform management.","Open to BCA, MCA students (2025, 2026, 2028 batches)","[""Docker"", ""Git"", ""Python""]","[""Terraform"", ""Kubernetes"", ""Azure""]","[""MCA"", ""B.Tech""]",6 Months,"₹30,000 / Month",https://careers.amazon-india.com/apply/internship-284,Demo Dataset
Database Administrator Intern,Google India,FinTech,Delhi NCR,On-site,"Manage and optimize Google India's databases to ensure performance and reliability. You'll handle backups, security, and database maintenance tasks.","Open to BCA, B.Tech students (2026, 2027, 2028 batches)","[""Database Design"", ""Linux"", ""PostgreSQL""]","[""MongoDB"", ""Oracle"", ""AWS""]","[""B.Tech"", ""BCA"", ""MCA""]",2 Months,"₹15,000 / Month",https://careers.google-india.com/apply/internship-285,Demo Dataset
Data Analyst Intern,Google India,E-commerce,Delhi NCR,On-site,"Work with Google India's data team to analyze business metrics and create actionable insights. You'll develop data visualizations, write SQL queries, and support data-driven decision-making across the organization.","Open to BCA, B.Tech, B.Sc CS students (2026, 2027, 2028 batches)","[""Statistics"", ""Excel"", ""Python""]","[""Power BI"", ""R"", ""Python""]","[""BCA"", ""B.Sc CS"", ""MCA""]",3 Months,"₹18,000 / Month",https://careers.google-india.com/apply/internship-286,Demo Dataset
Quality Assurance Intern,Microsoft India,Data Analytics,Hyderabad,Hybrid,"Ensure software quality at Microsoft India by designing test cases and identifying bugs before release. You'll perform manual testing, create automation scripts, and maintain quality standards.","Open to MCA, B.Tech students (2025, 2026, 2028 batches)","[""SQL"", ""Manual Testing"", ""Bug Tracking""]","[""Selenium"", ""Linux"", ""Automation Testing""]","[""BCA"", ""B.Sc CS""]",1 Month,"₹15,000 / Month",https://careers.microsoft-india.com/apply/internship-287,Demo Dataset
Solutions Architect Intern,SynergyAI Systems,Cloud Computing,Pune,Remote,"Design comprehensive IT solutions for SynergyAI Systems's clients and internal needs. You'll evaluate technologies, create architecture diagrams, and present recommendations.","Open to BCA, B.Tech students (2025, 2027 batches)","[""AWS"", ""SQL"", ""System Design""]","[""Docker"", ""Azure"", ""Python""]","[""MCA"", ""B.Tech"", ""B.Sc CS""]",1 Month,"₹12,000 / Month",https://careers.synergyai-systems.com/apply/internship-288,Demo Dataset
Solutions Architect Intern,Oracle India,E-commerce,Remote,Hybrid,"Design comprehensive IT solutions for Oracle India's clients and internal needs. You'll evaluate technologies, create architecture diagrams, and present recommendations.","Open to MCA, BCA students (2025, 2027, 2028 batches)","[""System Design"", ""AWS"", ""SQL""]","[""Azure"", ""GCP"", ""Kubernetes""]","[""BCA"", ""B.Sc CS""]",1 Month,"₹15,000 / Month",https://careers.oracle-india.com/apply/internship-289,Demo Dataset
Machine Learning Intern,Amazon India,Cloud Computing,Remote,On-site,Contribute to Amazon India's AI initiatives by developing and training machine learning models on real datasets. You'll work alongside ML engineers to solve complex problems and implement cutting-edge algorithms.,"Open to B.Sc CS, MCA, BCA students (2025, 2026, 2028 batches)","[""scikit-learn"", ""Statistics"", ""TensorFlow""]","[""Deep Learning"", ""AWS"", ""NLP""]","[""BCA"", ""B.Tech""]",1 Month,"₹18,000 / Month",https://careers.amazon-india.com/apply/internship-290,Demo Dataset
Quality Assurance Intern,PixelCraft Studios,EdTech,Pune,Hybrid,"Ensure software quality at PixelCraft Studios by designing test cases and identifying bugs before release. You'll perform manual testing, create automation scripts, and maintain quality standards.","Open to B.Tech, B.Sc CS, MCA students (2025, 2026, 2028 batches)","[""Test Cases"", ""Manual Testing"", ""Python""]","[""JIRA"", ""Selenium"", ""LoadRunner""]","[""B.Sc CS"", ""B.Tech""]",3 Months,"₹15,000 / Month",https://careers.pixelcraft-studios.com/apply/internship-291,Demo Dataset
Data Analyst Intern,IBM India,EdTech,Chennai,Hybrid,"Work with IBM India's data team to analyze business metrics and create actionable insights. You'll develop data visualizations, write SQL queries, and support data-driven decision-making across the organization.","Open to B.Sc CS, MCA students (2025, 2027, 2028 batches)","[""Statistics"", ""Excel"", ""Python""]","[""Python"", ""R"", ""Power BI""]","[""B.Tech"", ""BCA""]",6 Months,"₹30,000 / Month",https://careers.ibm-india.com/apply/internship-292,Demo Dataset
Software Development Intern,PixelCraft Studios,Data Analytics,Hyderabad,Hybrid,"Join PixelCraft Studios's development team and contribute to building scalable software solutions using modern technologies. You will work on real-world projects, collaborate with experienced engineers, and gain hands-on experience in the full software development lifecycle.","Open to BCA, B.Tech students (2025, 2026 batches)","[""Java"", ""Git"", ""Python""]","[""REST APIs"", ""SQL"", ""Docker""]","[""MCA"", ""B.Tech"", ""B.Sc CS""]",6 Months,"₹18,000 / Month",https://careers.pixelcraft-studios.com/apply/internship-293,Demo Dataset
Cloud & DevOps Intern,CodeWave Analytics,FinTech,Bengaluru,Remote,"Support CodeWave Analytics's cloud infrastructure and deployment pipelines using DevOps best practices. You'll work on containerization, CI/CD automation, and cloud platform management.","Open to MCA, B.Tech students (2025, 2026, 2027 batches)","[""Python"", ""AWS"", ""Linux""]","[""Kubernetes"", ""Jenkins"", ""Azure""]","[""BCA"", ""B.Tech"", ""MCA""]",2 Months,"₹12,000 / Month",https://careers.codewave-analytics.com/apply/internship-294,Demo Dataset
Cloud Architect Intern,FutureCode Systems,FinTech,Bengaluru,Remote,"Design scalable and secure cloud solutions for FutureCode Systems's applications and infrastructure. You'll work with cloud platforms, optimize costs, and ensure high availability.","Open to MCA, BCA, B.Sc CS students (2025, 2026, 2028 batches)","[""Linux"", ""AWS"", ""System Design""]","[""GCP"", ""Docker"", ""Terraform""]","[""B.Tech"", ""B.Sc CS""]",2 Months,"₹25,000 / Month",https://careers.futurecode-systems.com/apply/internship-295,Demo Dataset
Data Analyst Intern,Wipro,FinTech,Delhi NCR,Hybrid,"Work with Wipro's data team to analyze business metrics and create actionable insights. You'll develop data visualizations, write SQL queries, and support data-driven decision-making across the organization.","Open to MCA, B.Tech students (2025, 2028 batches)","[""Python"", ""Excel"", ""Data Visualization""]","[""Apache Spark"", ""Power BI"", ""Tableau""]","[""B.Sc CS"", ""BCA"", ""MCA""]",6 Months,"₹10,000 / Month",https://careers.wipro.com/apply/internship-296,Demo Dataset
Cybersecurity Analyst Intern,Oracle India,Cloud Computing,Chennai,Remote,"Help Oracle India protect its digital assets by analyzing security threats and implementing protective measures. You'll participate in security audits, vulnerability assessments, and incident response activities.","Open to MCA, B.Sc CS, B.Tech students (2025, 2027 batches)","[""Linux"", ""Firewall"", ""Python""]","[""SIEM"", ""Penetration Testing"", ""AWS""]","[""MCA"", ""BCA"", ""B.Sc CS""]",2 Months,"₹18,000 / Month",https://careers.oracle-india.com/apply/internship-297,Demo Dataset
Software Development Intern,CodeWave Analytics,EdTech,Hyderabad,Remote,"Join CodeWave Analytics's development team and contribute to building scalable software solutions using modern technologies. You will work on real-world projects, collaborate with experienced engineers, and gain hands-on experience in the full software development lifecycle.","Open to B.Sc CS, MCA students (2026, 2027 batches)","[""C++"", ""Data Structures"", ""Git""]","[""Linux"", ""Docker"", ""AWS""]","[""BCA"", ""MCA""]",1 Month,"₹10,000 / Month",https://careers.codewave-analytics.com/apply/internship-298,Demo Dataset
Software Development Intern,Paytm,EdTech,Delhi NCR,On-site,"Join Paytm's development team and contribute to building scalable software solutions using modern technologies. You will work on real-world projects, collaborate with experienced engineers, and gain hands-on experience in the full software development lifecycle.","Open to B.Sc CS, MCA, B.Tech students (2025, 2026, 2028 batches)","[""Git"", ""Data Structures"", ""C++""]","[""REST APIs"", ""SQL"", ""Docker""]","[""BCA"", ""B.Tech""]",6 Months,"₹25,000 / Month",https://careers.paytm.com/apply/internship-299,Demo Dataset
Machine Learning Intern,Wipro,FinTech,Mumbai,On-site,Contribute to Wipro's AI initiatives by developing and training machine learning models on real datasets. You'll work alongside ML engineers to solve complex problems and implement cutting-edge algorithms.,"Open to MCA, B.Tech students (2025, 2027, 2028 batches)","[""Machine Learning"", ""Python"", ""TensorFlow""]","[""Computer Vision"", ""PyTorch"", ""NLP""]","[""MCA"", ""B.Sc CS"", ""BCA""]",1 Month,"₹5,000 / Month",https://careers.wipro.com/apply/internship-300,Demo Dataset
AI/ML Engineer Intern,Cognizant,Artificial Intelligence,Bengaluru,Hybrid,"Advance Cognizant's AI capabilities by developing intelligent systems and algorithms. You'll experiment with new techniques, optimize models, and solve complex AI problems.","Open to B.Sc CS, BCA, B.Tech students (2025, 2026, 2028 batches)","[""Deep Learning"", ""Machine Learning"", ""Python""]","[""NLP"", ""AWS"", ""Reinforcement Learning""]","[""BCA"", ""MCA"", ""B.Sc CS""]",2 Months,"₹30,000 / Month",https://careers.cognizant.com/apply/internship-301,Demo Dataset
Database Administrator Intern,TCS (Tata Consultancy Services),Data Analytics,Chennai,Hybrid,"Manage and optimize TCS (Tata Consultancy Services)'s databases to ensure performance and reliability. You'll handle backups, security, and database maintenance tasks.","Open to BCA, MCA students (2026, 2028 batches)","[""SQL"", ""Database Design"", ""PostgreSQL""]","[""MongoDB"", ""AWS"", ""Performance Tuning""]","[""B.Sc CS"", ""B.Tech""]",1 Month,"₹12,000 / Month",https://careers.tcs-tata-consultancy-services.com/apply/internship-302,Demo Dataset
Solutions Architect Intern,PixelCraft Studios,FinTech,Remote,Hybrid,"Design comprehensive IT solutions for PixelCraft Studios's clients and internal needs. You'll evaluate technologies, create architecture diagrams, and present recommendations.","Open to MCA, B.Tech, B.Sc CS students (2025, 2028 batches)","[""System Design"", ""Documentation"", ""SQL""]","[""Docker"", ""Python"", ""Kubernetes""]","[""MCA"", ""B.Tech"", ""BCA""]",1 Month,"₹12,000 / Month",https://careers.pixelcraft-studios.com/apply/internship-303,Demo Dataset
Product Manager Intern,Vedantu,Data Analytics,Hyderabad,On-site,"Support Vedantu's product team in developing and launching successful products. You'll conduct market research, analyze user feedback, and contribute to product strategy.","Open to MCA, B.Sc CS, B.Tech students (2026, 2028 batches)","[""SQL"", ""Excel"", ""Product Strategy""]","[""A/B Testing"", ""Analytics"", ""Python""]","[""MCA"", ""BCA""]",6 Months,"₹15,000 / Month",https://careers.vedantu.com/apply/internship-304,Demo Dataset
Full Stack Developer Intern,Wipro,Cloud Computing,Pune,On-site,Build complete web applications at Wipro by working on both frontend and backend technologies. You'll gain experience across the entire development stack and learn best practices in web development.,"Open to B.Sc CS, B.Tech, BCA students (2025, 2026 batches)","[""Node.js"", ""JavaScript"", ""Git""]","[""AWS"", ""REST APIs"", ""MongoDB""]","[""MCA"", ""BCA"", ""B.Tech""]",3 Months,"₹20,000 / Month",https://careers.wipro.com/apply/internship-305,Demo Dataset
Data Analyst Intern,Microsoft India,Data Analytics,Remote,Hybrid,"Work with Microsoft India's data team to analyze business metrics and create actionable insights. You'll develop data visualizations, write SQL queries, and support data-driven decision-making across the organization.","Open to BCA, B.Tech, MCA students (2026, 2027, 2028 batches)","[""Python"", ""Excel"", ""Statistics""]","[""Power BI"", ""Apache Spark"", ""R""]","[""BCA"", ""MCA"", ""B.Sc CS""]",3 Months,"₹30,000 / Month",https://careers.microsoft-india.com/apply/internship-306,Demo Dataset
Solutions Architect Intern,TCS (Tata Consultancy Services),Data Analytics,Pune,On-site,"Design comprehensive IT solutions for TCS (Tata Consultancy Services)'s clients and internal needs. You'll evaluate technologies, create architecture diagrams, and present recommendations.","Open to B.Sc CS, MCA, B.Tech students (2025, 2026, 2028 batches)","[""SQL"", ""Cloud Architecture"", ""AWS""]","[""Azure"", ""Kubernetes"", ""Docker""]","[""BCA"", ""MCA"", ""B.Tech""]",2 Months,"₹10,000 / Month",https://careers.tcs-tata-consultancy-services.com/apply/internship-307,Demo Dataset
Data Analyst Intern,Tech Mahindra,Cybersecurity,Mumbai,On-site,"Work with Tech Mahindra's data team to analyze business metrics and create actionable insights. You'll develop data visualizations, write SQL queries, and support data-driven decision-making across the organization.","Open to B.Tech, BCA students (2025, 2026, 2027 batches)","[""Python"", ""SQL"", ""Statistics""]","[""Tableau"", ""R"", ""Python""]","[""B.Sc CS"", ""MCA"", ""BCA""]",1 Month,"₹5,000 / Month",https://careers.tech-mahindra.com/apply/internship-308,Demo Dataset
Business Analyst Intern,Insight Analytics,Artificial Intelligence,Mumbai,On-site,"Work with Insight Analytics's stakeholders to gather requirements and improve business processes. You'll create documentation, analyze workflows, and support project implementation.","Open to MCA, B.Tech students (2025, 2026, 2027 batches)","[""Communication"", ""Excel"", ""SQL""]","[""Tableau"", ""Requirements Gathering"", ""Process Mapping""]","[""MCA"", ""B.Sc CS""]",1 Month,"₹10,000 / Month",https://careers.insight-analytics.com/apply/internship-309,Demo Dataset
Python Developer Intern,Insight Analytics,FinTech,Chennai,Remote,Write clean and efficient Python code for Insight Analytics's projects and applications. You'll learn Python best practices and contribute to building robust software solutions.,"Open to B.Tech, BCA, MCA students (2025, 2028 batches)","[""OOP"", ""Data Structures"", ""Git""]","[""Flask"", ""FastAPI"", ""PostgreSQL""]","[""B.Tech"", ""MCA"", ""B.Sc CS""]",1 Month,"₹15,000 / Month",https://careers.insight-analytics.com/apply/internship-310,Demo Dataset
Full Stack Developer Intern,Amazon India,Data Analytics,Bengaluru,On-site,Build complete web applications at Amazon India by working on both frontend and backend technologies. You'll gain experience across the entire development stack and learn best practices in web development.,"Open to B.Sc CS, BCA students (2025, 2026, 2027 batches)","[""Node.js"", ""React"", ""JavaScript""]","[""Express.js"", ""REST APIs"", ""Docker""]","[""BCA"", ""B.Sc CS""]",1 Month,"₹20,000 / Month",https://careers.amazon-india.com/apply/internship-311,Demo Dataset
Database Administrator Intern,Ola Electric,E-commerce,Chennai,Remote,"Manage and optimize Ola Electric's databases to ensure performance and reliability. You'll handle backups, security, and database maintenance tasks.","Open to MCA, B.Tech, B.Sc CS students (2026, 2027 batches)","[""SQL"", ""Linux"", ""MySQL""]","[""MongoDB"", ""Performance Tuning"", ""Backup & Recovery""]","[""BCA"", ""B.Sc CS"", ""MCA""]",6 Months,"₹10,000 / Month",https://careers.ola-electric.com/apply/internship-312,Demo Dataset
Solutions Architect Intern,TechVision Labs,Artificial Intelligence,Chennai,Remote,"Design comprehensive IT solutions for TechVision Labs's clients and internal needs. You'll evaluate technologies, create architecture diagrams, and present recommendations.","Open to B.Tech, B.Sc CS students (2025, 2026, 2027 batches)","[""Documentation"", ""AWS"", ""System Design""]","[""GCP"", ""Docker"", ""Python""]","[""B.Sc CS"", ""B.Tech"", ""BCA""]",6 Months,"₹20,000 / Month",https://careers.techvision-labs.com/apply/internship-313,Demo Dataset
Machine Learning Intern,QuantumLeap AI,EdTech,Delhi NCR,On-site,Contribute to QuantumLeap AI's AI initiatives by developing and training machine learning models on real datasets. You'll work alongside ML engineers to solve complex problems and implement cutting-edge algorithms.,"Open to B.Sc CS, MCA, BCA students (2026, 2027, 2028 batches)","[""scikit-learn"", ""Machine Learning"", ""TensorFlow""]","[""PyTorch"", ""Computer Vision"", ""Deep Learning""]","[""B.Tech"", ""B.Sc CS"", ""MCA""]",2 Months,"₹18,000 / Month",https://careers.quantumleap-ai.com/apply/internship-314,Demo Dataset
Data Science Intern,TechVision Labs,EdTech,Chennai,On-site,"Apply statistical methods and machine learning techniques to solve business problems for TechVision Labs. You'll work with large datasets, build predictive models, and communicate insights to stakeholders.","Open to MCA, B.Tech, BCA students (2025, 2027, 2028 batches)","[""Machine Learning"", ""Pandas"", ""Statistics""]","[""R"", ""TensorFlow"", ""scikit-learn""]","[""BCA"", ""B.Sc CS""]",1 Month,"₹5,000 / Month",https://careers.techvision-labs.com/apply/internship-315,Demo Dataset
Mobile App Developer Intern,ProdigyTech Labs,E-commerce,Hyderabad,On-site,"Develop mobile applications for iOS or Android platforms at ProdigyTech Labs. You'll work on feature development, testing, and optimization to deliver high-quality mobile experiences.","Open to MCA, B.Tech, BCA students (2025, 2026, 2027 batches)","[""Git"", ""Android"", ""React Native""]","[""Swift"", ""iOS"", ""Firebase""]","[""B.Sc CS"", ""BCA""]",1 Month,"₹12,000 / Month",https://careers.prodigytech-labs.com/apply/internship-316,Demo Dataset
Software Development Intern,CloudNine Dynamics,Data Analytics,Bengaluru,On-site,"Join CloudNine Dynamics's development team and contribute to building scalable software solutions using modern technologies. You will work on real-world projects, collaborate with experienced engineers, and gain hands-on experience in the full software development lifecycle.","Open to B.Tech, MCA students (2025, 2026, 2028 batches)","[""Git"", ""Data Structures"", ""Java""]","[""Linux"", ""Docker"", ""AWS""]","[""BCA"", ""B.Tech""]",3 Months,"₹25,000 / Month",https://careers.cloudnine-dynamics.com/apply/internship-317,Demo Dataset
Backend Developer Intern,CodeWave Analytics,EdTech,Hyderabad,On-site,"Design and develop server-side logic and APIs for CodeWave Analytics's applications. You'll work with databases, optimize performance, and ensure scalability of backend systems.","Open to B.Sc CS, B.Tech, MCA students (2025, 2027, 2028 batches)","[""Git"", ""REST APIs"", ""Python""]","[""PostgreSQL"", ""Express.js"", ""Node.js""]","[""B.Sc CS"", ""BCA"", ""MCA""]",1 Month,"₹5,000 / Month",https://careers.codewave-analytics.com/apply/internship-318,Demo Dataset
Machine Learning Intern,Wipro,Data Analytics,Chennai,On-site,Contribute to Wipro's AI initiatives by developing and training machine learning models on real datasets. You'll work alongside ML engineers to solve complex problems and implement cutting-edge algorithms.,"Open to MCA, B.Tech, B.Sc CS students (2025, 2028 batches)","[""scikit-learn"", ""Python"", ""Machine Learning""]","[""NLP"", ""Deep Learning"", ""PyTorch""]","[""B.Sc CS"", ""MCA""]",6 Months,"₹20,000 / Month",https://careers.wipro.com/apply/internship-319,Demo Dataset
Cybersecurity Analyst Intern,Unacademy,Cloud Computing,Mumbai,Remote,"Help Unacademy protect its digital assets by analyzing security threats and implementing protective measures. You'll participate in security audits, vulnerability assessments, and incident response activities.","Open to B.Tech, B.Sc CS students (2025, 2028 batches)","[""Python"", ""Network Security"", ""Encryption""]","[""Metasploit"", ""AWS"", ""Wireshark""]","[""B.Tech"", ""BCA""]",1 Month,"₹15,000 / Month",https://careers.unacademy.com/apply/internship-320,Demo Dataset
Frontend Developer Intern,Freshworks,E-commerce,Chennai,Remote,Build responsive and interactive user interfaces for Freshworks's web applications using modern frameworks. You'll collaborate with designers and backend developers to deliver engaging user experiences.,"Open to B.Sc CS, MCA students (2025, 2027, 2028 batches)","[""CSS"", ""Git"", ""React""]","[""Vue.js"", ""TypeScript"", ""Figma""]","[""B.Sc CS"", ""BCA""]",1 Month,"₹25,000 / Month",https://careers.freshworks.com/apply/internship-321,Demo Dataset
Quality Assurance Intern,Accenture India,Artificial Intelligence,Mumbai,Hybrid,"Ensure software quality at Accenture India by designing test cases and identifying bugs before release. You'll perform manual testing, create automation scripts, and maintain quality standards.","Open to B.Tech, MCA, B.Sc CS students (2025, 2028 batches)","[""Test Cases"", ""Python"", ""Bug Tracking""]","[""Linux"", ""Automation Testing"", ""Selenium""]","[""BCA"", ""B.Tech"", ""B.Sc CS""]",6 Months,"₹25,000 / Month",https://careers.accenture-india.com/apply/internship-322,Demo Dataset
Mobile App Developer Intern,ProdigyTech Labs,E-commerce,Pune,Remote,"Develop mobile applications for iOS or Android platforms at ProdigyTech Labs. You'll work on feature development, testing, and optimization to deliver high-quality mobile experiences.","Open to MCA, B.Sc CS students (2025, 2027, 2028 batches)","[""Java"", ""Git"", ""Kotlin""]","[""iOS"", ""Firebase"", ""Swift""]","[""MCA"", ""B.Tech"", ""B.Sc CS""]",6 Months,"₹15,000 / Month",https://careers.prodigytech-labs.com/apply/internship-323,Demo Dataset
Database Administrator Intern,Freshworks,IT & Software,Chennai,Hybrid,"Manage and optimize Freshworks's databases to ensure performance and reliability. You'll handle backups, security, and database maintenance tasks.","Open to MCA, BCA, B.Tech students (2025, 2028 batches)","[""Database Design"", ""MySQL"", ""Linux""]","[""AWS"", ""Performance Tuning"", ""Backup & Recovery""]","[""BCA"", ""B.Sc CS""]",1 Month,"₹5,000 / Month",https://careers.freshworks.com/apply/internship-324,Demo Dataset
Product Manager Intern,Accenture India,IT & Software,Bengaluru,Hybrid,"Support Accenture India's product team in developing and launching successful products. You'll conduct market research, analyze user feedback, and contribute to product strategy.","Open to BCA, MCA students (2025, 2027 batches)","[""Market Analysis"", ""Excel"", ""SQL""]","[""Python"", ""User Research"", ""A/B Testing""]","[""BCA"", ""B.Tech""]",6 Months,"₹20,000 / Month",https://careers.accenture-india.com/apply/internship-325,Demo Dataset
Data Science Intern,VectorShift AI,E-commerce,Kolkata,Remote,"Apply statistical methods and machine learning techniques to solve business problems for VectorShift AI. You'll work with large datasets, build predictive models, and communicate insights to stakeholders.","Open to BCA, B.Tech, B.Sc CS students (2026, 2027, 2028 batches)","[""SQL"", ""Pandas"", ""Statistics""]","[""R"", ""scikit-learn"", ""AWS""]","[""BCA"", ""MCA"", ""B.Tech""]",2 Months,"₹30,000 / Month",https://careers.vectorshift-ai.com/apply/internship-326,Demo Dataset
Cloud & DevOps Intern,TCS (Tata Consultancy Services),Artificial Intelligence,Remote,Remote,"Support TCS (Tata Consultancy Services)'s cloud infrastructure and deployment pipelines using DevOps best practices. You'll work on containerization, CI/CD automation, and cloud platform management.","Open to MCA, B.Tech students (2025, 2026, 2028 batches)","[""Docker"", ""Python"", ""Git""]","[""Jenkins"", ""CI/CD"", ""Azure""]","[""B.Tech"", ""BCA""]",2 Months,"₹12,000 / Month",https://careers.tcs-tata-consultancy-services.com/apply/internship-327,Demo Dataset
Mobile App Developer Intern,Wipro,E-commerce,Delhi NCR,Hybrid,"Develop mobile applications for iOS or Android platforms at Wipro. You'll work on feature development, testing, and optimization to deliver high-quality mobile experiences.","Open to MCA, B.Tech, BCA students (2025, 2026, 2027 batches)","[""Java"", ""Git"", ""React Native""]","[""Swift"", ""Firebase"", ""iOS""]","[""BCA"", ""MCA"", ""B.Tech""]",2 Months,"₹15,000 / Month",https://careers.wipro.com/apply/internship-328,Demo Dataset
Database Administrator Intern,DeepMind India,E-commerce,Kolkata,On-site,"Manage and optimize DeepMind India's databases to ensure performance and reliability. You'll handle backups, security, and database maintenance tasks.","Open to B.Sc CS, B.Tech, MCA students (2025, 2028 batches)","[""PostgreSQL"", ""Linux"", ""Database Design""]","[""MongoDB"", ""Backup & Recovery"", ""Oracle""]","[""B.Sc CS"", ""BCA"", ""MCA""]",3 Months,"₹15,000 / Month",https://careers.deepmind-india.com/apply/internship-329,Demo Dataset
Data Science Intern,InnovateTech,E-commerce,Mumbai,Hybrid,"Apply statistical methods and machine learning techniques to solve business problems for InnovateTech. You'll work with large datasets, build predictive models, and communicate insights to stakeholders.","Open to MCA, B.Tech students (2025, 2026, 2028 batches)","[""Statistics"", ""Python"", ""Pandas""]","[""scikit-learn"", ""TensorFlow"", ""Tableau""]","[""B.Tech"", ""MCA"", ""BCA""]",6 Months,"₹30,000 / Month",https://careers.innovatetech.com/apply/internship-330,Demo Dataset
Machine Learning Intern,Cognizant,FinTech,Delhi NCR,On-site,Contribute to Cognizant's AI initiatives by developing and training machine learning models on real datasets. You'll work alongside ML engineers to solve complex problems and implement cutting-edge algorithms.,"Open to B.Tech, BCA, MCA students (2025, 2026, 2027 batches)","[""scikit-learn"", ""Machine Learning"", ""TensorFlow""]","[""NLP"", ""PyTorch"", ""Computer Vision""]","[""BCA"", ""B.Sc CS"", ""B.Tech""]",6 Months,"₹5,000 / Month",https://careers.cognizant.com/apply/internship-331,Demo Dataset
Solutions Architect Intern,TechVision Labs,EdTech,Bengaluru,Remote,"Design comprehensive IT solutions for TechVision Labs's clients and internal needs. You'll evaluate technologies, create architecture diagrams, and present recommendations.","Open to BCA, B.Tech, B.Sc CS students (2025, 2026 batches)","[""Cloud Architecture"", ""Documentation"", ""SQL""]","[""Kubernetes"", ""Azure"", ""GCP""]","[""B.Tech"", ""BCA""]",3 Months,"₹5,000 / Month",https://careers.techvision-labs.com/apply/internship-332,Demo Dataset
AI/ML Engineer Intern,Cisco Systems India,Cloud Computing,Remote,On-site,"Advance Cisco Systems India's AI capabilities by developing intelligent systems and algorithms. You'll experiment with new techniques, optimize models, and solve complex AI problems.","Open to B.Sc CS, MCA, BCA students (2027, 2028 batches)","[""Python"", ""TensorFlow"", ""Statistics""]","[""AWS"", ""PyTorch"", ""NLP""]","[""B.Sc CS"", ""BCA""]",1 Month,"₹12,000 / Month",https://careers.cisco-systems-india.com/apply/internship-333,Demo Dataset
Mobile App Developer Intern,Google India,E-commerce,Delhi NCR,Hybrid,"Develop mobile applications for iOS or Android platforms at Google India. You'll work on feature development, testing, and optimization to deliver high-quality mobile experiences.","Open to B.Tech, B.Sc CS, BCA students (2026, 2027 batches)","[""Android"", ""React Native"", ""Git""]","[""Swift"", ""REST APIs"", ""iOS""]","[""B.Sc CS"", ""MCA"", ""BCA""]",2 Months,"₹25,000 / Month",https://careers.google-india.com/apply/internship-334,Demo Dataset
Mobile App Developer Intern,Microsoft India,E-commerce,Kolkata,Remote,"Develop mobile applications for iOS or Android platforms at Microsoft India. You'll work on feature development, testing, and optimization to deliver high-quality mobile experiences.","Open to B.Sc CS, B.Tech, MCA students (2025, 2027, 2028 batches)","[""React Native"", ""Android"", ""Git""]","[""Swift"", ""Firebase"", ""iOS""]","[""B.Tech"", ""BCA"", ""MCA""]",3 Months,"₹12,000 / Month",https://careers.microsoft-india.com/apply/internship-335,Demo Dataset
Python Developer Intern,Amazon India,Cybersecurity,Kolkata,On-site,Write clean and efficient Python code for Amazon India's projects and applications. You'll learn Python best practices and contribute to building robust software solutions.,"Open to BCA, B.Sc CS, MCA students (2025, 2026, 2028 batches)","[""Python"", ""Data Structures"", ""SQL""]","[""FastAPI"", ""Django"", ""PostgreSQL""]","[""MCA"", ""B.Tech"", ""BCA""]",6 Months,"₹30,000 / Month",https://careers.amazon-india.com/apply/internship-336,Demo Dataset
Python Developer Intern,ABC Tech,Data Analytics,Remote,On-site,Write clean and efficient Python code for ABC Tech's projects and applications. You'll learn Python best practices and contribute to building robust software solutions.,"Open to B.Tech, MCA, B.Sc CS students (2025, 2026 batches)","[""Python"", ""Data Structures"", ""OOP""]","[""FastAPI"", ""Flask"", ""Docker""]","[""B.Tech"", ""BCA"", ""MCA""]",6 Months,"₹20,000 / Month",https://careers.abc-tech.com/apply/internship-337,Demo Dataset
UI/UX Design Intern,CodeWave Analytics,Data Analytics,Kolkata,Hybrid,"Create beautiful and intuitive user interfaces for CodeWave Analytics's digital products. You'll conduct user research, create prototypes, and collaborate with developers to bring designs to life.","Open to BCA, MCA, B.Tech students (2026, 2027, 2028 batches)","[""UX Research"", ""Wireframing"", ""UI Design""]","[""CSS"", ""Sketch"", ""Design Systems""]","[""B.Sc CS"", ""MCA""]",1 Month,"₹20,000 / Month",https://careers.codewave-analytics.com/apply/internship-338,Demo Dataset
Network Engineer Intern,DataDrive Solutions,Data Analytics,Hyderabad,On-site,"Support DataDrive Solutions's network infrastructure by configuring and maintaining network systems. You'll work on network security, connectivity, and performance optimization.","Open to BCA, B.Tech students (2025, 2027, 2028 batches)","[""Networking"", ""TCP/IP"", ""Linux""]","[""Firewalls"", ""Python"", ""VPN""]","[""B.Tech"", ""B.Sc CS""]",1 Month,"₹25,000 / Month",https://careers.datadrive-solutions.com/apply/internship-339,Demo Dataset
Software Development Intern,Cisco Systems India,Data Analytics,Kolkata,Remote,"Join Cisco Systems India's development team and contribute to building scalable software solutions using modern technologies. You will work on real-world projects, collaborate with experienced engineers, and gain hands-on experience in the full software development lifecycle.","Open to B.Sc CS, MCA, BCA students (2026, 2028 batches)","[""Git"", ""Data Structures"", ""C++""]","[""SQL"", ""AWS"", ""REST APIs""]","[""B.Sc CS"", ""BCA""]",6 Months,"₹5,000 / Month",https://careers.cisco-systems-india.com/apply/internship-340,Demo Dataset
Network Engineer Intern,HCL Technologies,FinTech,Remote,Hybrid,"Support HCL Technologies's network infrastructure by configuring and maintaining network systems. You'll work on network security, connectivity, and performance optimization.","Open to B.Sc CS, B.Tech, MCA students (2025, 2027, 2028 batches)","[""TCP/IP"", ""Routing"", ""Linux""]","[""Cisco IOS"", ""Network Security"", ""VPN""]","[""BCA"", ""MCA"", ""B.Tech""]",1 Month,"₹18,000 / Month",https://careers.hcl-technologies.com/apply/internship-341,Demo Dataset
Mobile App Developer Intern,Cognizant,IT & Software,Mumbai,On-site,"Develop mobile applications for iOS or Android platforms at Cognizant. You'll work on feature development, testing, and optimization to deliver high-quality mobile experiences.","Open to BCA, MCA students (2025, 2026 batches)","[""Android"", ""React Native"", ""Java""]","[""Firebase"", ""REST APIs"", ""Swift""]","[""MCA"", ""B.Sc CS""]",2 Months,"₹15,000 / Month",https://careers.cognizant.com/apply/internship-342,Demo Dataset
Cybersecurity Analyst Intern,Infosys,Cybersecurity,Remote,On-site,"Help Infosys protect its digital assets by analyzing security threats and implementing protective measures. You'll participate in security audits, vulnerability assessments, and incident response activities.","Open to BCA, B.Tech students (2025, 2026, 2028 batches)","[""Firewall"", ""Encryption"", ""Network Security""]","[""SIEM"", ""AWS"", ""Wireshark""]","[""B.Tech"", ""B.Sc CS""]",6 Months,"₹25,000 / Month",https://careers.infosys.com/apply/internship-343,Demo Dataset
Mobile App Developer Intern,Flipkart,IT & Software,Mumbai,Hybrid,"Develop mobile applications for iOS or Android platforms at Flipkart. You'll work on feature development, testing, and optimization to deliver high-quality mobile experiences.","Open to MCA, B.Tech, BCA students (2025, 2026, 2028 batches)","[""Git"", ""Kotlin"", ""Android""]","[""iOS"", ""REST APIs"", ""Firebase""]","[""BCA"", ""MCA""]",1 Month,"₹30,000 / Month",https://careers.flipkart.com/apply/internship-344,Demo Dataset
Quality Assurance Intern,Infosys,Cloud Computing,Kolkata,Hybrid,"Ensure software quality at Infosys by designing test cases and identifying bugs before release. You'll perform manual testing, create automation scripts, and maintain quality standards.","Open to B.Tech, BCA, MCA students (2026, 2027, 2028 batches)","[""Manual Testing"", ""Python"", ""SQL""]","[""Linux"", ""Automation Testing"", ""Selenium""]","[""MCA"", ""B.Tech"", ""BCA""]",3 Months,"₹25,000 / Month",https://careers.infosys.com/apply/internship-345,Demo Dataset
Data Analyst Intern,CloudStack Infra,Artificial Intelligence,Mumbai,Remote,"Work with CloudStack Infra's data team to analyze business metrics and create actionable insights. You'll develop data visualizations, write SQL queries, and support data-driven decision-making across the organization.","Open to B.Sc CS, B.Tech students (2025, 2026, 2027 batches)","[""SQL"", ""Data Visualization"", ""Statistics""]","[""Power BI"", ""Tableau"", ""Python""]","[""BCA"", ""MCA"", ""B.Tech""]",2 Months,"₹5,000 / Month",https://careers.cloudstack-infra.com/apply/internship-346,Demo Dataset
Database Administrator Intern,Flipkart,Cybersecurity,Kolkata,On-site,"Manage and optimize Flipkart's databases to ensure performance and reliability. You'll handle backups, security, and database maintenance tasks.","Open to B.Sc CS, BCA students (2025, 2027 batches)","[""PostgreSQL"", ""SQL"", ""MySQL""]","[""AWS"", ""Oracle"", ""Backup & Recovery""]","[""B.Sc CS"", ""BCA""]",2 Months,"₹30,000 / Month",https://careers.flipkart.com/apply/internship-347,Demo Dataset
Python Developer Intern,Microsoft India,Artificial Intelligence,Pune,On-site,Write clean and efficient Python code for Microsoft India's projects and applications. You'll learn Python best practices and contribute to building robust software solutions.,"Open to BCA, MCA students (2025, 2026 batches)","[""SQL"", ""OOP"", ""Python""]","[""Flask"", ""Django"", ""PostgreSQL""]","[""BCA"", ""MCA"", ""B.Sc CS""]",3 Months,"₹20,000 / Month",https://careers.microsoft-india.com/apply/internship-348,Demo Dataset
Data Analyst Intern,Zomato,Cybersecurity,Chennai,Hybrid,"Work with Zomato's data team to analyze business metrics and create actionable insights. You'll develop data visualizations, write SQL queries, and support data-driven decision-making across the organization.","Open to MCA, B.Sc CS, B.Tech students (2025, 2026 batches)","[""Data Visualization"", ""Statistics"", ""Python""]","[""Tableau"", ""Power BI"", ""Python""]","[""BCA"", ""B.Sc CS""]",3 Months,"₹12,000 / Month",https://careers.zomato.com/apply/internship-349,Demo Dataset
Backend Developer Intern,ABC Tech,Artificial Intelligence,Hyderabad,On-site,"Design and develop server-side logic and APIs for ABC Tech's applications. You'll work with databases, optimize performance, and ensure scalability of backend systems.","Open to B.Tech, B.Sc CS, BCA students (2026, 2028 batches)","[""Git"", ""Python"", ""REST APIs""]","[""Docker"", ""Express.js"", ""Node.js""]","[""B.Tech"", ""MCA""]",3 Months,"₹18,000 / Month",https://careers.abc-tech.com/apply/internship-350,Demo Dataset
Data Analyst Intern,FutureCode Systems,Data Analytics,Remote,Remote,"Work with FutureCode Systems's data team to analyze business metrics and create actionable insights. You'll develop data visualizations, write SQL queries, and support data-driven decision-making across the organization.","Open to B.Sc CS, MCA students (2025, 2027, 2028 batches)","[""Data Visualization"", ""SQL"", ""Statistics""]","[""Power BI"", ""R"", ""Python""]","[""B.Tech"", ""BCA"", ""B.Sc CS""]",6 Months,"₹5,000 / Month",https://careers.futurecode-systems.com/apply/internship-351,Demo Dataset
Cloud & DevOps Intern,ABC Tech,Artificial Intelligence,Mumbai,Hybrid,"Support ABC Tech's cloud infrastructure and deployment pipelines using DevOps best practices. You'll work on containerization, CI/CD automation, and cloud platform management.","Open to B.Sc CS, MCA, BCA students (2026, 2027 batches)","[""Python"", ""Git"", ""Docker""]","[""Jenkins"", ""CI/CD"", ""Azure""]","[""BCA"", ""B.Tech""]",1 Month,"₹15,000 / Month",https://careers.abc-tech.com/apply/internship-352,Demo Dataset
Backend Developer Intern,VectorShift AI,IT & Software,Mumbai,On-site,"Design and develop server-side logic and APIs for VectorShift AI's applications. You'll work with databases, optimize performance, and ensure scalability of backend systems.","Open to B.Tech, MCA, BCA students (2025, 2026, 2028 batches)","[""REST APIs"", ""SQL"", ""Python""]","[""Node.js"", ""MongoDB"", ""Docker""]","[""MCA"", ""B.Sc CS"", ""BCA""]",3 Months,"₹30,000 / Month",https://careers.vectorshift-ai.com/apply/internship-353,Demo Dataset
Network Engineer Intern,CloudNine Dynamics,Artificial Intelligence,Kolkata,Hybrid,"Support CloudNine Dynamics's network infrastructure by configuring and maintaining network systems. You'll work on network security, connectivity, and performance optimization.","Open to B.Tech, BCA students (2025, 2026, 2028 batches)","[""Linux"", ""Networking"", ""TCP/IP""]","[""Python"", ""VPN"", ""Firewalls""]","[""B.Tech"", ""BCA"", ""MCA""]",1 Month,"₹30,000 / Month",https://careers.cloudnine-dynamics.com/apply/internship-354,Demo Dataset
AI/ML Engineer Intern,HCL Technologies,EdTech,Chennai,Hybrid,"Advance HCL Technologies's AI capabilities by developing intelligent systems and algorithms. You'll experiment with new techniques, optimize models, and solve complex AI problems.","Open to B.Tech, BCA, MCA students (2025, 2026, 2028 batches)","[""TensorFlow"", ""Python"", ""Deep Learning""]","[""AWS"", ""Reinforcement Learning"", ""NLP""]","[""MCA"", ""B.Tech"", ""B.Sc CS""]",2 Months,"₹30,000 / Month",https://careers.hcl-technologies.com/apply/internship-355,Demo Dataset
Cloud & DevOps Intern,Wipro,Cloud Computing,Bengaluru,On-site,"Support Wipro's cloud infrastructure and deployment pipelines using DevOps best practices. You'll work on containerization, CI/CD automation, and cloud platform management.","Open to B.Sc CS, BCA students (2026, 2027, 2028 batches)","[""AWS"", ""Git"", ""Python""]","[""Azure"", ""Terraform"", ""Kubernetes""]","[""MCA"", ""B.Sc CS"", ""B.Tech""]",2 Months,"₹18,000 / Month",https://careers.wipro.com/apply/internship-356,Demo Dataset
Machine Learning Intern,PixelCraft Studios,Cloud Computing,Mumbai,On-site,Contribute to PixelCraft Studios's AI initiatives by developing and training machine learning models on real datasets. You'll work alongside ML engineers to solve complex problems and implement cutting-edge algorithms.,"Open to B.Tech, B.Sc CS students (2027, 2028 batches)","[""Machine Learning"", ""scikit-learn"", ""TensorFlow""]","[""NLP"", ""Deep Learning"", ""AWS""]","[""B.Sc CS"", ""MCA"", ""BCA""]",6 Months,"₹30,000 / Month",https://careers.pixelcraft-studios.com/apply/internship-357,Demo Dataset
Data Analyst Intern,InnovateTech,FinTech,Remote,On-site,"Work with InnovateTech's data team to analyze business metrics and create actionable insights. You'll develop data visualizations, write SQL queries, and support data-driven decision-making across the organization.","Open to BCA, MCA, B.Sc CS students (2025, 2027, 2028 batches)","[""Excel"", ""Python"", ""Data Visualization""]","[""Apache Spark"", ""R"", ""Tableau""]","[""MCA"", ""B.Tech"", ""B.Sc CS""]",2 Months,"₹25,000 / Month",https://careers.innovatetech.com/apply/internship-358,Demo Dataset
Mobile App Developer Intern,SynergyAI Systems,Cybersecurity,Delhi NCR,Remote,"Develop mobile applications for iOS or Android platforms at SynergyAI Systems. You'll work on feature development, testing, and optimization to deliver high-quality mobile experiences.","Open to B.Tech, B.Sc CS students (2026, 2027 batches)","[""Java"", ""Kotlin"", ""Android""]","[""iOS"", ""SQLite"", ""Firebase""]","[""BCA"", ""MCA"", ""B.Tech""]",6 Months,"₹15,000 / Month",https://careers.synergyai-systems.com/apply/internship-359,Demo Dataset
Business Analyst Intern,Vedantu,Cybersecurity,Mumbai,On-site,"Work with Vedantu's stakeholders to gather requirements and improve business processes. You'll create documentation, analyze workflows, and support project implementation.","Open to BCA, B.Sc CS students (2025, 2026, 2027 batches)","[""Documentation"", ""SQL"", ""Excel""]","[""Python"", ""Tableau"", ""Process Mapping""]","[""B.Tech"", ""BCA""]",6 Months,"₹5,000 / Month",https://careers.vedantu.com/apply/internship-360,Demo Dataset
Software Development Intern,Zomato,EdTech,Remote,Remote,"Join Zomato's development team and contribute to building scalable software solutions using modern technologies. You will work on real-world projects, collaborate with experienced engineers, and gain hands-on experience in the full software development lifecycle.","Open to BCA, MCA students (2026, 2027, 2028 batches)","[""Git"", ""Python"", ""C++""]","[""Docker"", ""SQL"", ""Linux""]","[""BCA"", ""B.Sc CS""]",2 Months,"₹18,000 / Month",https://careers.zomato.com/apply/internship-361,Demo Dataset
Cloud Architect Intern,CloudStack Infra,Cloud Computing,Chennai,Remote,"Design scalable and secure cloud solutions for CloudStack Infra's applications and infrastructure. You'll work with cloud platforms, optimize costs, and ensure high availability.","Open to BCA, MCA, B.Tech students (2027, 2028 batches)","[""Linux"", ""Networking"", ""Cloud Architecture""]","[""GCP"", ""Docker"", ""Terraform""]","[""MCA"", ""B.Tech""]",2 Months,"₹15,000 / Month",https://careers.cloudstack-infra.com/apply/internship-362,Demo Dataset
Software Development Intern,Zomato,Cybersecurity,Chennai,Remote,"Join Zomato's development team and contribute to building scalable software solutions using modern technologies. You will work on real-world projects, collaborate with experienced engineers, and gain hands-on experience in the full software development lifecycle.","Open to MCA, B.Sc CS, B.Tech students (2027, 2028 batches)","[""C++"", ""Java"", ""Python""]","[""REST APIs"", ""SQL"", ""Linux""]","[""BCA"", ""B.Tech"", ""MCA""]",1 Month,"₹10,000 / Month",https://careers.zomato.com/apply/internship-363,Demo Dataset
Machine Learning Intern,TCS (Tata Consultancy Services),Cloud Computing,Bengaluru,Remote,Contribute to TCS (Tata Consultancy Services)'s AI initiatives by developing and training machine learning models on real datasets. You'll work alongside ML engineers to solve complex problems and implement cutting-edge algorithms.,"Open to B.Tech, BCA students (2026, 2028 batches)","[""Statistics"", ""scikit-learn"", ""TensorFlow""]","[""PyTorch"", ""AWS"", ""NLP""]","[""B.Sc CS"", ""MCA"", ""B.Tech""]",1 Month,"₹10,000 / Month",https://careers.tcs-tata-consultancy-services.com/apply/internship-364,Demo Dataset
Software Development Intern,Insight Analytics,E-commerce,Chennai,On-site,"Join Insight Analytics's development team and contribute to building scalable software solutions using modern technologies. You will work on real-world projects, collaborate with experienced engineers, and gain hands-on experience in the full software development lifecycle.","Open to B.Tech, MCA, B.Sc CS students (2025, 2027 batches)","[""Git"", ""Data Structures"", ""C++""]","[""Docker"", ""SQL"", ""AWS""]","[""B.Sc CS"", ""BCA"", ""B.Tech""]",6 Months,"₹12,000 / Month",https://careers.insight-analytics.com/apply/internship-365,Demo Dataset
Python Developer Intern,Zomato,EdTech,Kolkata,On-site,Write clean and efficient Python code for Zomato's projects and applications. You'll learn Python best practices and contribute to building robust software solutions.,"Open to MCA, B.Tech, BCA students (2025, 2028 batches)","[""Git"", ""Python"", ""SQL""]","[""Django"", ""Docker"", ""Flask""]","[""BCA"", ""B.Sc CS""]",1 Month,"₹25,000 / Month",https://careers.zomato.com/apply/internship-366,Demo Dataset
Software Development Intern,Unacademy,FinTech,Bengaluru,On-site,"Join Unacademy's development team and contribute to building scalable software solutions using modern technologies. You will work on real-world projects, collaborate with experienced engineers, and gain hands-on experience in the full software development lifecycle.","Open to B.Sc CS, BCA, MCA students (2027, 2028 batches)","[""Data Structures"", ""Python"", ""Git""]","[""REST APIs"", ""AWS"", ""Linux""]","[""B.Tech"", ""MCA""]",2 Months,"₹12,000 / Month",https://careers.unacademy.com/apply/internship-367,Demo Dataset
Data Science Intern,Swiggy,IT & Software,Hyderabad,Remote,"Apply statistical methods and machine learning techniques to solve business problems for Swiggy. You'll work with large datasets, build predictive models, and communicate insights to stakeholders.","Open to BCA, MCA, B.Sc CS students (2025, 2027 batches)","[""Python"", ""Pandas"", ""Machine Learning""]","[""TensorFlow"", ""scikit-learn"", ""R""]","[""MCA"", ""BCA""]",6 Months,"₹20,000 / Month",https://careers.swiggy.com/apply/internship-368,Demo Dataset
AI/ML Engineer Intern,Google India,FinTech,Chennai,Hybrid,"Advance Google India's AI capabilities by developing intelligent systems and algorithms. You'll experiment with new techniques, optimize models, and solve complex AI problems.","Open to B.Sc CS, BCA students (2026, 2027, 2028 batches)","[""Deep Learning"", ""TensorFlow"", ""Machine Learning""]","[""PyTorch"", ""NLP"", ""AWS""]","[""BCA"", ""B.Tech"", ""MCA""]",6 Months,"₹12,000 / Month",https://careers.google-india.com/apply/internship-369,Demo Dataset
Python Developer Intern,CodeWave Analytics,FinTech,Pune,On-site,Write clean and efficient Python code for CodeWave Analytics's projects and applications. You'll learn Python best practices and contribute to building robust software solutions.,"Open to MCA, B.Sc CS students (2025, 2026 batches)","[""Python"", ""OOP"", ""Data Structures""]","[""FastAPI"", ""PostgreSQL"", ""Docker""]","[""MCA"", ""B.Sc CS"", ""B.Tech""]",2 Months,"₹25,000 / Month",https://careers.codewave-analytics.com/apply/internship-370,Demo Dataset
Software Development Intern,HCL Technologies,Cloud Computing,Bengaluru,On-site,"Join HCL Technologies's development team and contribute to building scalable software solutions using modern technologies. You will work on real-world projects, collaborate with experienced engineers, and gain hands-on experience in the full software development lifecycle.","Open to B.Sc CS, B.Tech, BCA students (2025, 2026, 2028 batches)","[""Java"", ""Python"", ""Git""]","[""Docker"", ""REST APIs"", ""Linux""]","[""BCA"", ""B.Tech"", ""MCA""]",2 Months,"₹12,000 / Month",https://careers.hcl-technologies.com/apply/internship-371,Demo Dataset
Database Administrator Intern,Freshworks,Cloud Computing,Delhi NCR,Hybrid,"Manage and optimize Freshworks's databases to ensure performance and reliability. You'll handle backups, security, and database maintenance tasks.","Open to B.Sc CS, BCA, B.Tech students (2025, 2026, 2028 batches)","[""Linux"", ""Database Design"", ""MySQL""]","[""AWS"", ""Backup & Recovery"", ""MongoDB""]","[""MCA"", ""BCA""]",6 Months,"₹12,000 / Month",https://careers.freshworks.com/apply/internship-372,Demo Dataset
Quality Assurance Intern,Microsoft India,Data Analytics,Kolkata,Hybrid,"Ensure software quality at Microsoft India by designing test cases and identifying bugs before release. You'll perform manual testing, create automation scripts, and maintain quality standards.","Open to B.Sc CS, MCA students (2026, 2027 batches)","[""Python"", ""Bug Tracking"", ""SQL""]","[""Automation Testing"", ""Selenium"", ""JIRA""]","[""B.Tech"", ""B.Sc CS"", ""BCA""]",6 Months,"₹25,000 / Month",https://careers.microsoft-india.com/apply/internship-373,Demo Dataset
Python Developer Intern,SmartAI Innovations,IT & Software,Pune,Remote,Write clean and efficient Python code for SmartAI Innovations's projects and applications. You'll learn Python best practices and contribute to building robust software solutions.,"Open to MCA, B.Tech students (2025, 2027 batches)","[""OOP"", ""Git"", ""Data Structures""]","[""Docker"", ""Django"", ""FastAPI""]","[""BCA"", ""MCA"", ""B.Tech""]",2 Months,"₹20,000 / Month",https://careers.smartai-innovations.com/apply/internship-374,Demo Dataset
Product Manager Intern,Microsoft India,Data Analytics,Remote,On-site,"Support Microsoft India's product team in developing and launching successful products. You'll conduct market research, analyze user feedback, and contribute to product strategy.","Open to B.Sc CS, B.Tech, BCA students (2025, 2027, 2028 batches)","[""Excel"", ""Product Strategy"", ""Market Analysis""]","[""Roadmapping"", ""User Research"", ""Analytics""]","[""B.Sc CS"", ""MCA"", ""B.Tech""]",1 Month,"₹25,000 / Month",https://careers.microsoft-india.com/apply/internship-375,Demo Dataset
Product Manager Intern,Cognizant,EdTech,Remote,Remote,"Support Cognizant's product team in developing and launching successful products. You'll conduct market research, analyze user feedback, and contribute to product strategy.","Open to B.Sc CS, BCA, MCA students (2027, 2028 batches)","[""SQL"", ""Market Analysis"", ""Product Strategy""]","[""Python"", ""A/B Testing"", ""User Research""]","[""B.Tech"", ""BCA""]",6 Months,"₹25,000 / Month",https://careers.cognizant.com/apply/internship-376,Demo Dataset
UI/UX Design Intern,VectorShift AI,E-commerce,Chennai,Remote,"Create beautiful and intuitive user interfaces for VectorShift AI's digital products. You'll conduct user research, create prototypes, and collaborate with developers to bring designs to life.","Open to BCA, MCA students (2025, 2026, 2028 batches)","[""Wireframing"", ""Figma"", ""Prototyping""]","[""Sketch"", ""User Testing"", ""Design Systems""]","[""B.Sc CS"", ""BCA""]",2 Months,"₹10,000 / Month",https://careers.vectorshift-ai.com/apply/internship-377,Demo Dataset
AI/ML Engineer Intern,Microsoft India,FinTech,Chennai,On-site,"Advance Microsoft India's AI capabilities by developing intelligent systems and algorithms. You'll experiment with new techniques, optimize models, and solve complex AI problems.","Open to B.Sc CS, B.Tech, BCA students (2025, 2026, 2027 batches)","[""Deep Learning"", ""TensorFlow"", ""Python""]","[""PyTorch"", ""AWS"", ""Computer Vision""]","[""MCA"", ""B.Tech"", ""BCA""]",3 Months,"₹10,000 / Month",https://careers.microsoft-india.com/apply/internship-378,Demo Dataset
Quality Assurance Intern,Wipro,IT & Software,Mumbai,On-site,"Ensure software quality at Wipro by designing test cases and identifying bugs before release. You'll perform manual testing, create automation scripts, and maintain quality standards.","Open to BCA, B.Tech, B.Sc CS students (2025, 2027, 2028 batches)","[""Python"", ""Test Cases"", ""Bug Tracking""]","[""LoadRunner"", ""Automation Testing"", ""Selenium""]","[""B.Sc CS"", ""B.Tech"", ""BCA""]",1 Month,"₹15,000 / Month",https://careers.wipro.com/apply/internship-379,Demo Dataset
Data Analyst Intern,Cognizant,Artificial Intelligence,Hyderabad,Hybrid,"Work with Cognizant's data team to analyze business metrics and create actionable insights. You'll develop data visualizations, write SQL queries, and support data-driven decision-making across the organization.","Open to B.Sc CS, MCA students (2025, 2026, 2027 batches)","[""Excel"", ""Statistics"", ""SQL""]","[""Apache Spark"", ""R"", ""Python""]","[""B.Sc CS"", ""B.Tech""]",1 Month,"₹25,000 / Month",https://careers.cognizant.com/apply/internship-380,Demo Dataset
UI/UX Design Intern,IBM India,Cybersecurity,Remote,On-site,"Create beautiful and intuitive user interfaces for IBM India's digital products. You'll conduct user research, create prototypes, and collaborate with developers to bring designs to life.","Open to MCA, BCA, B.Tech students (2025, 2026, 2028 batches)","[""Wireframing"", ""Prototyping"", ""UI Design""]","[""Design Systems"", ""User Testing"", ""CSS""]","[""B.Sc CS"", ""MCA""]",6 Months,"₹12,000 / Month",https://careers.ibm-india.com/apply/internship-381,Demo Dataset
Machine Learning Intern,DataDrive Solutions,Artificial Intelligence,Bengaluru,Hybrid,Contribute to DataDrive Solutions's AI initiatives by developing and training machine learning models on real datasets. You'll work alongside ML engineers to solve complex problems and implement cutting-edge algorithms.,"Open to MCA, B.Sc CS students (2025, 2028 batches)","[""Python"", ""TensorFlow"", ""scikit-learn""]","[""NLP"", ""AWS"", ""PyTorch""]","[""B.Sc CS"", ""MCA""]",1 Month,"₹18,000 / Month",https://careers.datadrive-solutions.com/apply/internship-382,Demo Dataset
Cloud & DevOps Intern,Wipro,Artificial Intelligence,Chennai,Remote,"Support Wipro's cloud infrastructure and deployment pipelines using DevOps best practices. You'll work on containerization, CI/CD automation, and cloud platform management.","Open to MCA, B.Tech students (2026, 2027, 2028 batches)","[""Docker"", ""Git"", ""Python""]","[""Kubernetes"", ""Terraform"", ""Jenkins""]","[""MCA"", ""B.Sc CS"", ""BCA""]",2 Months,"₹18,000 / Month",https://careers.wipro.com/apply/internship-383,Demo Dataset
Business Analyst Intern,Microsoft India,IT & Software,Bengaluru,Remote,"Work with Microsoft India's stakeholders to gather requirements and improve business processes. You'll create documentation, analyze workflows, and support project implementation.","Open to MCA, B.Tech students (2025, 2027 batches)","[""Communication"", ""Excel"", ""SQL""]","[""Tableau"", ""Requirements Gathering"", ""JIRA""]","[""MCA"", ""B.Sc CS"", ""B.Tech""]",6 Months,"₹20,000 / Month",https://careers.microsoft-india.com/apply/internship-384,Demo Dataset
Cybersecurity Analyst Intern,Zomato,Artificial Intelligence,Remote,On-site,"Help Zomato protect its digital assets by analyzing security threats and implementing protective measures. You'll participate in security audits, vulnerability assessments, and incident response activities.","Open to B.Sc CS, MCA, B.Tech students (2027, 2028 batches)","[""Linux"", ""Python"", ""Firewall""]","[""Wireshark"", ""Penetration Testing"", ""SIEM""]","[""B.Tech"", ""B.Sc CS""]",3 Months,"₹10,000 / Month",https://careers.zomato.com/apply/internship-385,Demo Dataset
Machine Learning Intern,QuantumLeap AI,FinTech,Remote,Hybrid,Contribute to QuantumLeap AI's AI initiatives by developing and training machine learning models on real datasets. You'll work alongside ML engineers to solve complex problems and implement cutting-edge algorithms.,"Open to BCA, B.Tech students (2025, 2028 batches)","[""Python"", ""scikit-learn"", ""Statistics""]","[""PyTorch"", ""Computer Vision"", ""NLP""]","[""B.Sc CS"", ""B.Tech"", ""BCA""]",1 Month,"₹5,000 / Month",https://careers.quantumleap-ai.com/apply/internship-386,Demo Dataset
Data Science Intern,SynergyAI Systems,E-commerce,Pune,Hybrid,"Apply statistical methods and machine learning techniques to solve business problems for SynergyAI Systems. You'll work with large datasets, build predictive models, and communicate insights to stakeholders.","Open to MCA, B.Sc CS, BCA students (2025, 2028 batches)","[""Statistics"", ""Machine Learning"", ""SQL""]","[""TensorFlow"", ""AWS"", ""scikit-learn""]","[""BCA"", ""B.Tech""]",6 Months,"₹25,000 / Month",https://careers.synergyai-systems.com/apply/internship-387,Demo Dataset
Data Science Intern,Apple India,Artificial Intelligence,Hyderabad,On-site,"Apply statistical methods and machine learning techniques to solve business problems for Apple India. You'll work with large datasets, build predictive models, and communicate insights to stakeholders.","Open to MCA, BCA students (2025, 2027 batches)","[""SQL"", ""Pandas"", ""Machine Learning""]","[""scikit-learn"", ""TensorFlow"", ""AWS""]","[""B.Sc CS"", ""BCA""]",3 Months,"₹25,000 / Month",https://careers.apple-india.com/apply/internship-388,Demo Dataset
Backend Developer Intern,TechVision Labs,FinTech,Remote,On-site,"Design and develop server-side logic and APIs for TechVision Labs's applications. You'll work with databases, optimize performance, and ensure scalability of backend systems.","Open to MCA, B.Tech, BCA students (2025, 2027, 2028 batches)","[""Python"", ""SQL"", ""Git""]","[""PostgreSQL"", ""MongoDB"", ""Node.js""]","[""MCA"", ""BCA"", ""B.Sc CS""]",1 Month,"₹18,000 / Month",https://careers.techvision-labs.com/apply/internship-389,Demo Dataset
Frontend Developer Intern,CloudStack Infra,EdTech,Remote,Remote,Build responsive and interactive user interfaces for CloudStack Infra's web applications using modern frameworks. You'll collaborate with designers and backend developers to deliver engaging user experiences.,"Open to B.Sc CS, MCA, B.Tech students (2026, 2027, 2028 batches)","[""React"", ""JavaScript"", ""CSS""]","[""Vue.js"", ""REST APIs"", ""Redux""]","[""B.Tech"", ""B.Sc CS"", ""MCA""]",3 Months,"₹12,000 / Month",https://careers.cloudstack-infra.com/apply/internship-390,Demo Dataset
Full Stack Developer Intern,TCS (Tata Consultancy Services),Cybersecurity,Bengaluru,On-site,Build complete web applications at TCS (Tata Consultancy Services) by working on both frontend and backend technologies. You'll gain experience across the entire development stack and learn best practices in web development.,"Open to B.Sc CS, MCA, BCA students (2025, 2026, 2027 batches)","[""Node.js"", ""JavaScript"", ""Git""]","[""Express.js"", ""MongoDB"", ""AWS""]","[""MCA"", ""B.Tech""]",3 Months,"₹30,000 / Month",https://careers.tcs-tata-consultancy-services.com/apply/internship-391,Demo Dataset
Quality Assurance Intern,CloudNine Dynamics,EdTech,Chennai,Remote,"Ensure software quality at CloudNine Dynamics by designing test cases and identifying bugs before release. You'll perform manual testing, create automation scripts, and maintain quality standards.","Open to MCA, B.Sc CS, BCA students (2026, 2027 batches)","[""SQL"", ""Test Cases"", ""Manual Testing""]","[""LoadRunner"", ""Automation Testing"", ""Linux""]","[""BCA"", ""B.Sc CS"", ""MCA""]",6 Months,"₹5,000 / Month",https://careers.cloudnine-dynamics.com/apply/internship-392,Demo Dataset
Cybersecurity Analyst Intern,ByteForce Labs,IT & Software,Pune,On-site,"Help ByteForce Labs protect its digital assets by analyzing security threats and implementing protective measures. You'll participate in security audits, vulnerability assessments, and incident response activities.","Open to MCA, BCA students (2025, 2027, 2028 batches)","[""Encryption"", ""Linux"", ""Network Security""]","[""Penetration Testing"", ""Metasploit"", ""SIEM""]","[""MCA"", ""BCA""]",1 Month,"₹30,000 / Month",https://careers.byteforce-labs.com/apply/internship-393,Demo Dataset
Solutions Architect Intern,CloudNine Dynamics,Data Analytics,Chennai,Hybrid,"Design comprehensive IT solutions for CloudNine Dynamics's clients and internal needs. You'll evaluate technologies, create architecture diagrams, and present recommendations.","Open to B.Tech, B.Sc CS, BCA students (2025, 2026, 2028 batches)","[""SQL"", ""Cloud Architecture"", ""Documentation""]","[""Docker"", ""Python"", ""Kubernetes""]","[""B.Tech"", ""B.Sc CS""]",2 Months,"₹20,000 / Month",https://careers.cloudnine-dynamics.com/apply/internship-394,Demo Dataset
Python Developer Intern,SynergyAI Systems,Cybersecurity,Delhi NCR,On-site,Write clean and efficient Python code for SynergyAI Systems's projects and applications. You'll learn Python best practices and contribute to building robust software solutions.,"Open to MCA, B.Sc CS, B.Tech students (2025, 2026, 2027 batches)","[""Python"", ""SQL"", ""OOP""]","[""PostgreSQL"", ""Django"", ""Docker""]","[""B.Tech"", ""BCA"", ""B.Sc CS""]",3 Months,"₹30,000 / Month",https://careers.synergyai-systems.com/apply/internship-395,Demo Dataset
Cloud Architect Intern,IBM India,Data Analytics,Mumbai,Hybrid,"Design scalable and secure cloud solutions for IBM India's applications and infrastructure. You'll work with cloud platforms, optimize costs, and ensure high availability.","Open to MCA, BCA students (2025, 2026, 2028 batches)","[""Linux"", ""System Design"", ""Cloud Architecture""]","[""Kubernetes"", ""Docker"", ""GCP""]","[""MCA"", ""B.Sc CS""]",1 Month,"₹20,000 / Month",https://careers.ibm-india.com/apply/internship-396,Demo Dataset
Machine Learning Intern,CloudStack Infra,IT & Software,Chennai,Hybrid,Contribute to CloudStack Infra's AI initiatives by developing and training machine learning models on real datasets. You'll work alongside ML engineers to solve complex problems and implement cutting-edge algorithms.,"Open to BCA, B.Tech, B.Sc CS students (2026, 2027, 2028 batches)","[""scikit-learn"", ""Statistics"", ""TensorFlow""]","[""PyTorch"", ""NLP"", ""Deep Learning""]","[""B.Sc CS"", ""B.Tech""]",1 Month,"₹25,000 / Month",https://careers.cloudstack-infra.com/apply/internship-397,Demo Dataset
Software Development Intern,Oracle India,Data Analytics,Kolkata,Remote,"Join Oracle India's development team and contribute to building scalable software solutions using modern technologies. You will work on real-world projects, collaborate with experienced engineers, and gain hands-on experience in the full software development lifecycle.","Open to MCA, B.Tech, BCA students (2026, 2028 batches)","[""C++"", ""Python"", ""Java""]","[""Docker"", ""AWS"", ""SQL""]","[""B.Tech"", ""BCA""]",6 Months,"₹12,000 / Month",https://careers.oracle-india.com/apply/internship-398,Demo Dataset
Solutions Architect Intern,TCS (Tata Consultancy Services),FinTech,Chennai,Hybrid,"Design comprehensive IT solutions for TCS (Tata Consultancy Services)'s clients and internal needs. You'll evaluate technologies, create architecture diagrams, and present recommendations.","Open to B.Sc CS, B.Tech students (2026, 2028 batches)","[""Documentation"", ""Cloud Architecture"", ""AWS""]","[""Kubernetes"", ""Python"", ""Azure""]","[""B.Sc CS"", ""B.Tech"", ""BCA""]",6 Months,"₹15,000 / Month",https://careers.tcs-tata-consultancy-services.com/apply/internship-399,Demo Dataset
Machine Learning Intern,Amazon India,Cloud Computing,Pune,On-site,Contribute to Amazon India's AI initiatives by developing and training machine learning models on real datasets. You'll work alongside ML engineers to solve complex problems and implement cutting-edge algorithms.,"Open to B.Tech, MCA, BCA students (2025, 2027, 2028 batches)","[""scikit-learn"", ""TensorFlow"", ""Machine Learning""]","[""NLP"", ""AWS"", ""Computer Vision""]","[""B.Sc CS"", ""BCA""]",2 Months,"₹20,000 / Month",https://careers.amazon-india.com/apply/internship-400,Demo Dataset
Full Stack Developer Intern,SmartAI Innovations,Artificial Intelligence,Kolkata,On-site,Build complete web applications at SmartAI Innovations by working on both frontend and backend technologies. You'll gain experience across the entire development stack and learn best practices in web development.,"Open to B.Sc CS, BCA, MCA students (2026, 2027 batches)","[""Git"", ""React"", ""JavaScript""]","[""REST APIs"", ""Express.js"", ""Docker""]","[""B.Sc CS"", ""B.Tech""]",1 Month,"₹15,000 / Month",https://careers.smartai-innovations.com/apply/internship-401,Demo Dataset
Software Development Intern,ABC Tech,IT & Software,Hyderabad,Hybrid,"Join ABC Tech's development team and contribute to building scalable software solutions using modern technologies. You will work on real-world projects, collaborate with experienced engineers, and gain hands-on experience in the full software development lifecycle.","Open to BCA, B.Sc CS students (2025, 2026, 2027 batches)","[""C++"", ""Git"", ""Python""]","[""Linux"", ""REST APIs"", ""SQL""]","[""BCA"", ""MCA""]",3 Months,"₹18,000 / Month",https://careers.abc-tech.com/apply/internship-402,Demo Dataset
Software Development Intern,NeuroByte AI,EdTech,Bengaluru,Remote,"Join NeuroByte AI's development team and contribute to building scalable software solutions using modern technologies. You will work on real-world projects, collaborate with experienced engineers, and gain hands-on experience in the full software development lifecycle.","Open to BCA, MCA, B.Sc CS students (2026, 2027, 2028 batches)","[""Git"", ""Java"", ""C++""]","[""Linux"", ""AWS"", ""Docker""]","[""MCA"", ""B.Sc CS"", ""BCA""]",6 Months,"₹18,000 / Month",https://careers.neurobyte-ai.com/apply/internship-403,Demo Dataset
Business Analyst Intern,Accenture India,E-commerce,Pune,Hybrid,"Work with Accenture India's stakeholders to gather requirements and improve business processes. You'll create documentation, analyze workflows, and support project implementation.","Open to B.Tech, MCA students (2025, 2027, 2028 batches)","[""SQL"", ""Excel"", ""Communication""]","[""Tableau"", ""Requirements Gathering"", ""JIRA""]","[""MCA"", ""B.Tech""]",1 Month,"₹25,000 / Month",https://careers.accenture-india.com/apply/internship-404,Demo Dataset
Machine Learning Intern,Swiggy,Data Analytics,Mumbai,Hybrid,Contribute to Swiggy's AI initiatives by developing and training machine learning models on real datasets. You'll work alongside ML engineers to solve complex problems and implement cutting-edge algorithms.,"Open to B.Tech, MCA, B.Sc CS students (2027, 2028 batches)","[""Machine Learning"", ""Statistics"", ""Python""]","[""AWS"", ""NLP"", ""Deep Learning""]","[""BCA"", ""B.Tech"", ""B.Sc CS""]",3 Months,"₹15,000 / Month",https://careers.swiggy.com/apply/internship-405,Demo Dataset
Data Science Intern,Tech Mahindra,FinTech,Kolkata,Hybrid,"Apply statistical methods and machine learning techniques to solve business problems for Tech Mahindra. You'll work with large datasets, build predictive models, and communicate insights to stakeholders.","Open to B.Tech, BCA, B.Sc CS students (2027, 2028 batches)","[""Pandas"", ""Statistics"", ""Python""]","[""R"", ""AWS"", ""TensorFlow""]","[""B.Sc CS"", ""B.Tech"", ""BCA""]",1 Month,"₹20,000 / Month",https://careers.tech-mahindra.com/apply/internship-406,Demo Dataset
Quality Assurance Intern,Unacademy,Data Analytics,Mumbai,Hybrid,"Ensure software quality at Unacademy by designing test cases and identifying bugs before release. You'll perform manual testing, create automation scripts, and maintain quality standards.","Open to BCA, MCA, B.Tech students (2027, 2028 batches)","[""Manual Testing"", ""Bug Tracking"", ""Python""]","[""Automation Testing"", ""Selenium"", ""Linux""]","[""B.Sc CS"", ""MCA"", ""B.Tech""]",6 Months,"₹12,000 / Month",https://careers.unacademy.com/apply/internship-407,Demo Dataset
Frontend Developer Intern,HCL Technologies,Cybersecurity,Pune,Hybrid,Build responsive and interactive user interfaces for HCL Technologies's web applications using modern frameworks. You'll collaborate with designers and backend developers to deliver engaging user experiences.,"Open to B.Sc CS, BCA students (2026, 2027, 2028 batches)","[""HTML"", ""JavaScript"", ""React""]","[""Figma"", ""TypeScript"", ""Redux""]","[""B.Tech"", ""BCA"", ""B.Sc CS""]",6 Months,"₹5,000 / Month",https://careers.hcl-technologies.com/apply/internship-408,Demo Dataset
Business Analyst Intern,PixelCraft Studios,EdTech,Remote,On-site,"Work with PixelCraft Studios's stakeholders to gather requirements and improve business processes. You'll create documentation, analyze workflows, and support project implementation.","Open to MCA, B.Tech, B.Sc CS students (2026, 2027 batches)","[""SQL"", ""Excel"", ""Documentation""]","[""Requirements Gathering"", ""Tableau"", ""JIRA""]","[""MCA"", ""B.Tech""]",1 Month,"₹15,000 / Month",https://careers.pixelcraft-studios.com/apply/internship-409,Demo Dataset
UI/UX Design Intern,Wipro,Cybersecurity,Delhi NCR,Remote,"Create beautiful and intuitive user interfaces for Wipro's digital products. You'll conduct user research, create prototypes, and collaborate with developers to bring designs to life.","Open to BCA, B.Tech, MCA students (2026, 2027, 2028 batches)","[""Prototyping"", ""Figma"", ""UX Research""]","[""Sketch"", ""CSS"", ""Adobe XD""]","[""MCA"", ""B.Tech"", ""BCA""]",2 Months,"₹15,000 / Month",https://careers.wipro.com/apply/internship-410,Demo Dataset
Mobile App Developer Intern,Vedantu,E-commerce,Chennai,Remote,"Develop mobile applications for iOS or Android platforms at Vedantu. You'll work on feature development, testing, and optimization to deliver high-quality mobile experiences.","Open to B.Sc CS, BCA, MCA students (2026, 2028 batches)","[""React Native"", ""Java"", ""Kotlin""]","[""REST APIs"", ""Swift"", ""iOS""]","[""MCA"", ""B.Tech"", ""B.Sc CS""]",6 Months,"₹5,000 / Month",https://careers.vedantu.com/apply/internship-411,Demo Dataset
UI/UX Design Intern,VectorShift AI,FinTech,Chennai,On-site,"Create beautiful and intuitive user interfaces for VectorShift AI's digital products. You'll conduct user research, create prototypes, and collaborate with developers to bring designs to life.","Open to B.Tech, BCA, MCA students (2025, 2026, 2028 batches)","[""Figma"", ""Wireframing"", ""UX Research""]","[""Adobe XD"", ""Sketch"", ""CSS""]","[""B.Sc CS"", ""B.Tech"", ""MCA""]",6 Months,"₹5,000 / Month",https://careers.vectorshift-ai.com/apply/internship-412,Demo Dataset
Frontend Developer Intern,Cisco Systems India,Artificial Intelligence,Remote,Remote,Build responsive and interactive user interfaces for Cisco Systems India's web applications using modern frameworks. You'll collaborate with designers and backend developers to deliver engaging user experiences.,"Open to MCA, BCA, B.Tech students (2026, 2028 batches)","[""Git"", ""CSS"", ""React""]","[""Redux"", ""Vue.js"", ""REST APIs""]","[""B.Sc CS"", ""BCA""]",2 Months,"₹30,000 / Month",https://careers.cisco-systems-india.com/apply/internship-413,Demo Dataset
Cloud Architect Intern,Vedantu,Cybersecurity,Pune,On-site,"Design scalable and secure cloud solutions for Vedantu's applications and infrastructure. You'll work with cloud platforms, optimize costs, and ensure high availability.","Open to MCA, B.Tech, B.Sc CS students (2025, 2027, 2028 batches)","[""System Design"", ""Cloud Architecture"", ""Networking""]","[""GCP"", ""Docker"", ""Kubernetes""]","[""BCA"", ""B.Tech"", ""MCA""]",3 Months,"₹30,000 / Month",https://careers.vedantu.com/apply/internship-414,Demo Dataset
UI/UX Design Intern,VectorShift AI,Artificial Intelligence,Kolkata,Remote,"Create beautiful and intuitive user interfaces for VectorShift AI's digital products. You'll conduct user research, create prototypes, and collaborate with developers to bring designs to life.","Open to B.Tech, B.Sc CS students (2025, 2027, 2028 batches)","[""UX Research"", ""Figma"", ""UI Design""]","[""User Testing"", ""Design Systems"", ""CSS""]","[""B.Tech"", ""B.Sc CS"", ""MCA""]",3 Months,"₹20,000 / Month",https://careers.vectorshift-ai.com/apply/internship-415,Demo Dataset
Product Manager Intern,Insight Analytics,Cloud Computing,Delhi NCR,On-site,"Support Insight Analytics's product team in developing and launching successful products. You'll conduct market research, analyze user feedback, and contribute to product strategy.","Open to MCA, B.Tech students (2026, 2028 batches)","[""Excel"", ""SQL"", ""Market Analysis""]","[""User Research"", ""Roadmapping"", ""A/B Testing""]","[""B.Tech"", ""BCA""]",3 Months,"₹12,000 / Month",https://careers.insight-analytics.com/apply/internship-416,Demo Dataset
Quality Assurance Intern,Amazon India,Cloud Computing,Hyderabad,On-site,"Ensure software quality at Amazon India by designing test cases and identifying bugs before release. You'll perform manual testing, create automation scripts, and maintain quality standards.","Open to B.Tech, B.Sc CS, BCA students (2025, 2027 batches)","[""Manual Testing"", ""Test Cases"", ""SQL""]","[""Selenium"", ""JIRA"", ""Linux""]","[""B.Tech"", ""B.Sc CS""]",1 Month,"₹20,000 / Month",https://careers.amazon-india.com/apply/internship-417,Demo Dataset
Business Analyst Intern,QuantumLeap AI,EdTech,Delhi NCR,On-site,"Work with QuantumLeap AI's stakeholders to gather requirements and improve business processes. You'll create documentation, analyze workflows, and support project implementation.","Open to B.Tech, BCA, MCA students (2026, 2027 batches)","[""SQL"", ""Business Analysis"", ""Documentation""]","[""Python"", ""Tableau"", ""JIRA""]","[""MCA"", ""B.Tech"", ""B.Sc CS""]",3 Months,"₹25,000 / Month",https://careers.quantumleap-ai.com/apply/internship-418,Demo Dataset
Frontend Developer Intern,CloudNine Dynamics,E-commerce,Mumbai,On-site,Build responsive and interactive user interfaces for CloudNine Dynamics's web applications using modern frameworks. You'll collaborate with designers and backend developers to deliver engaging user experiences.,"Open to MCA, BCA students (2026, 2028 batches)","[""JavaScript"", ""React"", ""HTML""]","[""TypeScript"", ""Vue.js"", ""Figma""]","[""B.Sc CS"", ""B.Tech"", ""MCA""]",2 Months,"₹5,000 / Month",https://careers.cloudnine-dynamics.com/apply/internship-419,Demo Dataset
Data Analyst Intern,Microsoft India,Data Analytics,Delhi NCR,Hybrid,"Work with Microsoft India's data team to analyze business metrics and create actionable insights. You'll develop data visualizations, write SQL queries, and support data-driven decision-making across the organization.","Open to B.Sc CS, BCA, B.Tech students (2027, 2028 batches)","[""Data Visualization"", ""SQL"", ""Python""]","[""Tableau"", ""Power BI"", ""Python""]","[""BCA"", ""B.Sc CS""]",3 Months,"₹20,000 / Month",https://careers.microsoft-india.com/apply/internship-420,Demo Dataset
Quality Assurance Intern,VectorShift AI,EdTech,Mumbai,Hybrid,"Ensure software quality at VectorShift AI by designing test cases and identifying bugs before release. You'll perform manual testing, create automation scripts, and maintain quality standards.","Open to B.Tech, B.Sc CS students (2026, 2028 batches)","[""SQL"", ""Python"", ""Manual Testing""]","[""Linux"", ""LoadRunner"", ""JIRA""]","[""MCA"", ""B.Tech"", ""BCA""]",2 Months,"₹5,000 / Month",https://careers.vectorshift-ai.com/apply/internship-421,Demo Dataset
Machine Learning Intern,HCL Technologies,E-commerce,Bengaluru,On-site,Contribute to HCL Technologies's AI initiatives by developing and training machine learning models on real datasets. You'll work alongside ML engineers to solve complex problems and implement cutting-edge algorithms.,"Open to MCA, BCA students (2025, 2028 batches)","[""Machine Learning"", ""Statistics"", ""Python""]","[""NLP"", ""Computer Vision"", ""Deep Learning""]","[""MCA"", ""BCA""]",6 Months,"₹18,000 / Month",https://careers.hcl-technologies.com/apply/internship-422,Demo Dataset
Backend Developer Intern,NeuroTech Solutions,Artificial Intelligence,Delhi NCR,Remote,"Design and develop server-side logic and APIs for NeuroTech Solutions's applications. You'll work with databases, optimize performance, and ensure scalability of backend systems.","Open to MCA, B.Tech students (2025, 2026, 2028 batches)","[""Python"", ""REST APIs"", ""Java""]","[""PostgreSQL"", ""Node.js"", ""Express.js""]","[""BCA"", ""B.Sc CS""]",1 Month,"₹5,000 / Month",https://careers.neurotech-solutions.com/apply/internship-423,Demo Dataset
Solutions Architect Intern,Flipkart,E-commerce,Bengaluru,Hybrid,"Design comprehensive IT solutions for Flipkart's clients and internal needs. You'll evaluate technologies, create architecture diagrams, and present recommendations.","Open to B.Sc CS, B.Tech, MCA students (2026, 2027, 2028 batches)","[""SQL"", ""Cloud Architecture"", ""System Design""]","[""Azure"", ""Python"", ""GCP""]","[""B.Tech"", ""B.Sc CS"", ""MCA""]",1 Month,"₹25,000 / Month",https://careers.flipkart.com/apply/internship-424,Demo Dataset
Business Analyst Intern,Vedantu,E-commerce,Pune,On-site,"Work with Vedantu's stakeholders to gather requirements and improve business processes. You'll create documentation, analyze workflows, and support project implementation.","Open to BCA, B.Sc CS, B.Tech students (2025, 2026 batches)","[""Excel"", ""SQL"", ""Documentation""]","[""Tableau"", ""Requirements Gathering"", ""Process Mapping""]","[""B.Sc CS"", ""BCA"", ""B.Tech""]",2 Months,"₹15,000 / Month",https://careers.vedantu.com/apply/internship-425,Demo Dataset
Frontend Developer Intern,CodeWave Analytics,Data Analytics,Bengaluru,Remote,Build responsive and interactive user interfaces for CodeWave Analytics's web applications using modern frameworks. You'll collaborate with designers and backend developers to deliver engaging user experiences.,"Open to B.Tech, MCA, B.Sc CS students (2025, 2026, 2027 batches)","[""CSS"", ""HTML"", ""React""]","[""REST APIs"", ""Figma"", ""TypeScript""]","[""BCA"", ""MCA"", ""B.Sc CS""]",3 Months,"₹12,000 / Month",https://careers.codewave-analytics.com/apply/internship-426,Demo Dataset
Mobile App Developer Intern,SecureNet India,Artificial Intelligence,Delhi NCR,Remote,"Develop mobile applications for iOS or Android platforms at SecureNet India. You'll work on feature development, testing, and optimization to deliver high-quality mobile experiences.","Open to MCA, BCA, B.Tech students (2025, 2028 batches)","[""React Native"", ""Java"", ""Kotlin""]","[""Swift"", ""Firebase"", ""iOS""]","[""MCA"", ""B.Tech"", ""B.Sc CS""]",3 Months,"₹30,000 / Month",https://careers.securenet-india.com/apply/internship-427,Demo Dataset
Full Stack Developer Intern,Insight Analytics,FinTech,Remote,On-site,Build complete web applications at Insight Analytics by working on both frontend and backend technologies. You'll gain experience across the entire development stack and learn best practices in web development.,"Open to MCA, B.Sc CS students (2027, 2028 batches)","[""SQL"", ""Node.js"", ""React""]","[""Express.js"", ""Docker"", ""MongoDB""]","[""BCA"", ""B.Sc CS"", ""MCA""]",2 Months,"₹10,000 / Month",https://careers.insight-analytics.com/apply/internship-428,Demo Dataset
Solutions Architect Intern,HCL Technologies,IT & Software,Bengaluru,On-site,"Design comprehensive IT solutions for HCL Technologies's clients and internal needs. You'll evaluate technologies, create architecture diagrams, and present recommendations.","Open to MCA, B.Sc CS students (2025, 2027, 2028 batches)","[""Documentation"", ""AWS"", ""Cloud Architecture""]","[""Kubernetes"", ""Docker"", ""Python""]","[""B.Sc CS"", ""MCA""]",2 Months,"₹5,000 / Month",https://careers.hcl-technologies.com/apply/internship-429,Demo Dataset
AI/ML Engineer Intern,ProdigyTech Labs,Cybersecurity,Kolkata,Remote,"Advance ProdigyTech Labs's AI capabilities by developing intelligent systems and algorithms. You'll experiment with new techniques, optimize models, and solve complex AI problems.","Open to B.Tech, BCA, B.Sc CS students (2025, 2026, 2028 batches)","[""TensorFlow"", ""Python"", ""Statistics""]","[""AWS"", ""Computer Vision"", ""NLP""]","[""B.Sc CS"", ""BCA""]",1 Month,"₹15,000 / Month",https://careers.prodigytech-labs.com/apply/internship-430,Demo Dataset
Data Analyst Intern,CloudStack Infra,Data Analytics,Chennai,On-site,"Work with CloudStack Infra's data team to analyze business metrics and create actionable insights. You'll develop data visualizations, write SQL queries, and support data-driven decision-making across the organization.","Open to BCA, MCA, B.Tech students (2025, 2026 batches)","[""Excel"", ""Data Visualization"", ""Statistics""]","[""Apache Spark"", ""Tableau"", ""Python""]","[""MCA"", ""BCA""]",2 Months,"₹18,000 / Month",https://careers.cloudstack-infra.com/apply/internship-431,Demo Dataset
AI/ML Engineer Intern,QuantumLeap AI,IT & Software,Remote,Remote,"Advance QuantumLeap AI's AI capabilities by developing intelligent systems and algorithms. You'll experiment with new techniques, optimize models, and solve complex AI problems.","Open to B.Sc CS, MCA students (2026, 2027, 2028 batches)","[""Machine Learning"", ""Deep Learning"", ""Statistics""]","[""AWS"", ""PyTorch"", ""NLP""]","[""B.Sc CS"", ""B.Tech""]",6 Months,"₹18,000 / Month",https://careers.quantumleap-ai.com/apply/internship-432,Demo Dataset
Software Development Intern,Infosys,Artificial Intelligence,Bengaluru,Remote,"Join Infosys's development team and contribute to building scalable software solutions using modern technologies. You will work on real-world projects, collaborate with experienced engineers, and gain hands-on experience in the full software development lifecycle.","Open to B.Tech, B.Sc CS, MCA students (2026, 2028 batches)","[""Git"", ""Python"", ""Java""]","[""REST APIs"", ""Docker"", ""Linux""]","[""MCA"", ""B.Tech"", ""BCA""]",1 Month,"₹12,000 / Month",https://careers.infosys.com/apply/internship-433,Demo Dataset
Cloud Architect Intern,Razorpay,EdTech,Delhi NCR,On-site,"Design scalable and secure cloud solutions for Razorpay's applications and infrastructure. You'll work with cloud platforms, optimize costs, and ensure high availability.","Open to BCA, B.Tech students (2025, 2026, 2027 batches)","[""System Design"", ""Networking"", ""Linux""]","[""Azure"", ""GCP"", ""Kubernetes""]","[""B.Sc CS"", ""BCA""]",1 Month,"₹25,000 / Month",https://careers.razorpay.com/apply/internship-434,Demo Dataset
Network Engineer Intern,Tech Mahindra,EdTech,Delhi NCR,Hybrid,"Support Tech Mahindra's network infrastructure by configuring and maintaining network systems. You'll work on network security, connectivity, and performance optimization.","Open to B.Sc CS, MCA, B.Tech students (2025, 2026, 2028 batches)","[""Routing"", ""Linux"", ""TCP/IP""]","[""Cisco IOS"", ""VPN"", ""Python""]","[""MCA"", ""B.Sc CS""]",3 Months,"₹15,000 / Month",https://careers.tech-mahindra.com/apply/internship-435,Demo Dataset
Database Administrator Intern,Unacademy,Cloud Computing,Delhi NCR,Remote,"Manage and optimize Unacademy's databases to ensure performance and reliability. You'll handle backups, security, and database maintenance tasks.","Open to BCA, B.Sc CS, B.Tech students (2025, 2027, 2028 batches)","[""MySQL"", ""Linux"", ""SQL""]","[""AWS"", ""Oracle"", ""MongoDB""]","[""MCA"", ""B.Sc CS"", ""B.Tech""]",2 Months,"₹15,000 / Month",https://careers.unacademy.com/apply/internship-436,Demo Dataset
Backend Developer Intern,Apple India,Data Analytics,Kolkata,Hybrid,"Design and develop server-side logic and APIs for Apple India's applications. You'll work with databases, optimize performance, and ensure scalability of backend systems.","Open to B.Tech, B.Sc CS, BCA students (2025, 2027, 2028 batches)","[""Java"", ""SQL"", ""Python""]","[""MongoDB"", ""Express.js"", ""Docker""]","[""MCA"", ""B.Tech"", ""BCA""]",2 Months,"₹20,000 / Month",https://careers.apple-india.com/apply/internship-437,Demo Dataset
Cybersecurity Analyst Intern,Amazon India,E-commerce,Remote,On-site,"Help Amazon India protect its digital assets by analyzing security threats and implementing protective measures. You'll participate in security audits, vulnerability assessments, and incident response activities.","Open to MCA, BCA, B.Tech students (2025, 2026 batches)","[""Linux"", ""Encryption"", ""Network Security""]","[""Penetration Testing"", ""Metasploit"", ""AWS""]","[""B.Tech"", ""B.Sc CS"", ""MCA""]",6 Months,"₹20,000 / Month",https://careers.amazon-india.com/apply/internship-438,Demo Dataset
Network Engineer Intern,DeepMind India,E-commerce,Hyderabad,On-site,"Support DeepMind India's network infrastructure by configuring and maintaining network systems. You'll work on network security, connectivity, and performance optimization.","Open to MCA, B.Tech students (2025, 2026 batches)","[""Networking"", ""Linux"", ""Switching""]","[""Network Security"", ""VPN"", ""Python""]","[""B.Sc CS"", ""MCA"", ""B.Tech""]",3 Months,"₹5,000 / Month",https://careers.deepmind-india.com/apply/internship-439,Demo Dataset
Software Development Intern,SmartAI Innovations,E-commerce,Bengaluru,Remote,"Join SmartAI Innovations's development team and contribute to building scalable software solutions using modern technologies. You will work on real-world projects, collaborate with experienced engineers, and gain hands-on experience in the full software development lifecycle.","Open to BCA, B.Tech students (2025, 2026, 2028 batches)","[""Python"", ""C++"", ""Data Structures""]","[""Linux"", ""REST APIs"", ""AWS""]","[""B.Sc CS"", ""BCA""]",2 Months,"₹18,000 / Month",https://careers.smartai-innovations.com/apply/internship-440,Demo Dataset
Network Engineer Intern,Infosys,Cloud Computing,Mumbai,Remote,"Support Infosys's network infrastructure by configuring and maintaining network systems. You'll work on network security, connectivity, and performance optimization.","Open to BCA, B.Tech students (2025, 2027, 2028 batches)","[""TCP/IP"", ""Switching"", ""Linux""]","[""VPN"", ""Firewalls"", ""Python""]","[""B.Sc CS"", ""B.Tech"", ""MCA""]",6 Months,"₹10,000 / Month",https://careers.infosys.com/apply/internship-441,Demo Dataset
Database Administrator Intern,VectorShift AI,FinTech,Bengaluru,On-site,"Manage and optimize VectorShift AI's databases to ensure performance and reliability. You'll handle backups, security, and database maintenance tasks.","Open to BCA, MCA students (2025, 2027 batches)","[""PostgreSQL"", ""Linux"", ""Database Design""]","[""AWS"", ""Performance Tuning"", ""Oracle""]","[""MCA"", ""B.Sc CS""]",3 Months,"₹5,000 / Month",https://careers.vectorshift-ai.com/apply/internship-442,Demo Dataset
Solutions Architect Intern,Amazon India,Cloud Computing,Chennai,Hybrid,"Design comprehensive IT solutions for Amazon India's clients and internal needs. You'll evaluate technologies, create architecture diagrams, and present recommendations.","Open to B.Tech, BCA students (2025, 2027 batches)","[""System Design"", ""AWS"", ""SQL""]","[""Kubernetes"", ""GCP"", ""Docker""]","[""B.Sc CS"", ""B.Tech"", ""BCA""]",1 Month,"₹5,000 / Month",https://careers.amazon-india.com/apply/internship-443,Demo Dataset
Python Developer Intern,Vedantu,Artificial Intelligence,Mumbai,Hybrid,Write clean and efficient Python code for Vedantu's projects and applications. You'll learn Python best practices and contribute to building robust software solutions.,"Open to B.Sc CS, BCA students (2025, 2026, 2027 batches)","[""Git"", ""Python"", ""OOP""]","[""Flask"", ""Docker"", ""Django""]","[""MCA"", ""B.Sc CS"", ""B.Tech""]",3 Months,"₹15,000 / Month",https://careers.vedantu.com/apply/internship-444,Demo Dataset
Frontend Developer Intern,VectorShift AI,Cloud Computing,Delhi NCR,On-site,Build responsive and interactive user interfaces for VectorShift AI's web applications using modern frameworks. You'll collaborate with designers and backend developers to deliver engaging user experiences.,"Open to MCA, B.Tech students (2025, 2026 batches)","[""Git"", ""HTML"", ""CSS""]","[""REST APIs"", ""Redux"", ""Figma""]","[""B.Sc CS"", ""MCA"", ""BCA""]",2 Months,"₹15,000 / Month",https://careers.vectorshift-ai.com/apply/internship-445,Demo Dataset
AI/ML Engineer Intern,Vedantu,IT & Software,Kolkata,Hybrid,"Advance Vedantu's AI capabilities by developing intelligent systems and algorithms. You'll experiment with new techniques, optimize models, and solve complex AI problems.","Open to B.Sc CS, MCA students (2025, 2027, 2028 batches)","[""Python"", ""Machine Learning"", ""TensorFlow""]","[""PyTorch"", ""Computer Vision"", ""Reinforcement Learning""]","[""MCA"", ""B.Sc CS"", ""B.Tech""]",2 Months,"₹30,000 / Month",https://careers.vedantu.com/apply/internship-446,Demo Dataset
Quality Assurance Intern,SecureNet India,Artificial Intelligence,Delhi NCR,Hybrid,"Ensure software quality at SecureNet India by designing test cases and identifying bugs before release. You'll perform manual testing, create automation scripts, and maintain quality standards.","Open to B.Sc CS, BCA, MCA students (2027, 2028 batches)","[""Test Cases"", ""SQL"", ""Bug Tracking""]","[""Selenium"", ""JIRA"", ""Automation Testing""]","[""B.Sc CS"", ""MCA"", ""B.Tech""]",6 Months,"₹15,000 / Month",https://careers.securenet-india.com/apply/internship-447,Demo Dataset
Mobile App Developer Intern,PixelCraft Studios,Artificial Intelligence,Chennai,On-site,"Develop mobile applications for iOS or Android platforms at PixelCraft Studios. You'll work on feature development, testing, and optimization to deliver high-quality mobile experiences.","Open to B.Tech, MCA students (2025, 2026, 2028 batches)","[""Kotlin"", ""Android"", ""Java""]","[""Swift"", ""iOS"", ""SQLite""]","[""BCA"", ""B.Tech""]",6 Months,"₹10,000 / Month",https://careers.pixelcraft-studios.com/apply/internship-448,Demo Dataset
Cloud & DevOps Intern,CloudNine Dynamics,EdTech,Pune,Hybrid,"Support CloudNine Dynamics's cloud infrastructure and deployment pipelines using DevOps best practices. You'll work on containerization, CI/CD automation, and cloud platform management.","Open to B.Tech, BCA, MCA students (2025, 2026, 2028 batches)","[""AWS"", ""Linux"", ""Python""]","[""Kubernetes"", ""Azure"", ""Terraform""]","[""B.Tech"", ""BCA""]",2 Months,"₹20,000 / Month",https://careers.cloudnine-dynamics.com/apply/internship-449,Demo Dataset
Mobile App Developer Intern,Google India,FinTech,Mumbai,On-site,"Develop mobile applications for iOS or Android platforms at Google India. You'll work on feature development, testing, and optimization to deliver high-quality mobile experiences.","Open to BCA, B.Tech, MCA students (2025, 2026, 2027 batches)","[""React Native"", ""Kotlin"", ""Git""]","[""Swift"", ""SQLite"", ""REST APIs""]","[""MCA"", ""B.Sc CS""]",3 Months,"₹5,000 / Month",https://careers.google-india.com/apply/internship-450,Demo Dataset
AI/ML Engineer Intern,ABC Tech,Cybersecurity,Kolkata,Remote,"Advance ABC Tech's AI capabilities by developing intelligent systems and algorithms. You'll experiment with new techniques, optimize models, and solve complex AI problems.","Open to B.Tech, BCA, MCA students (2026, 2027, 2028 batches)","[""Python"", ""Machine Learning"", ""Statistics""]","[""Reinforcement Learning"", ""AWS"", ""Computer Vision""]","[""B.Sc CS"", ""BCA"", ""B.Tech""]",6 Months,"₹10,000 / Month",https://careers.abc-tech.com/apply/internship-451,Demo Dataset
Data Science Intern,Zomato,Cybersecurity,Bengaluru,On-site,"Apply statistical methods and machine learning techniques to solve business problems for Zomato. You'll work with large datasets, build predictive models, and communicate insights to stakeholders.","Open to B.Sc CS, MCA, BCA students (2025, 2026, 2028 batches)","[""Python"", ""SQL"", ""Pandas""]","[""Tableau"", ""AWS"", ""scikit-learn""]","[""MCA"", ""B.Tech""]",6 Months,"₹15,000 / Month",https://careers.zomato.com/apply/internship-452,Demo Dataset
Business Analyst Intern,SynergyAI Systems,FinTech,Kolkata,Hybrid,"Work with SynergyAI Systems's stakeholders to gather requirements and improve business processes. You'll create documentation, analyze workflows, and support project implementation.","Open to MCA, B.Tech, B.Sc CS students (2025, 2026 batches)","[""Business Analysis"", ""Excel"", ""Documentation""]","[""Python"", ""Tableau"", ""JIRA""]","[""B.Tech"", ""MCA""]",2 Months,"₹20,000 / Month",https://careers.synergyai-systems.com/apply/internship-453,Demo Dataset
Business Analyst Intern,CloudNine Dynamics,Artificial Intelligence,Bengaluru,On-site,"Work with CloudNine Dynamics's stakeholders to gather requirements and improve business processes. You'll create documentation, analyze workflows, and support project implementation.","Open to BCA, B.Sc CS students (2025, 2026, 2028 batches)","[""Communication"", ""SQL"", ""Documentation""]","[""Process Mapping"", ""Requirements Gathering"", ""Tableau""]","[""MCA"", ""B.Tech"", ""BCA""]",6 Months,"₹20,000 / Month",https://careers.cloudnine-dynamics.com/apply/internship-454,Demo Dataset
Quality Assurance Intern,NeuroByte AI,E-commerce,Remote,Hybrid,"Ensure software quality at NeuroByte AI by designing test cases and identifying bugs before release. You'll perform manual testing, create automation scripts, and maintain quality standards.","Open to B.Sc CS, MCA, B.Tech students (2025, 2026, 2027 batches)","[""Python"", ""Test Cases"", ""Manual Testing""]","[""JIRA"", ""Automation Testing"", ""Selenium""]","[""B.Sc CS"", ""B.Tech"", ""MCA""]",1 Month,"₹15,000 / Month",https://careers.neurobyte-ai.com/apply/internship-455,Demo Dataset
Business Analyst Intern,DataDrive Solutions,IT & Software,Hyderabad,On-site,"Work with DataDrive Solutions's stakeholders to gather requirements and improve business processes. You'll create documentation, analyze workflows, and support project implementation.","Open to B.Sc CS, MCA, B.Tech students (2026, 2027, 2028 batches)","[""Documentation"", ""Communication"", ""SQL""]","[""Requirements Gathering"", ""Process Mapping"", ""Tableau""]","[""B.Tech"", ""BCA"", ""B.Sc CS""]",2 Months,"₹18,000 / Month",https://careers.datadrive-solutions.com/apply/internship-456,Demo Dataset
Network Engineer Intern,Intel India,Data Analytics,Remote,On-site,"Support Intel India's network infrastructure by configuring and maintaining network systems. You'll work on network security, connectivity, and performance optimization.","Open to B.Tech, B.Sc CS, MCA students (2026, 2027, 2028 batches)","[""Networking"", ""TCP/IP"", ""Routing""]","[""Python"", ""VPN"", ""Firewalls""]","[""MCA"", ""B.Tech""]",3 Months,"₹25,000 / Month",https://careers.intel-india.com/apply/internship-457,Demo Dataset
AI/ML Engineer Intern,Zomato,FinTech,Mumbai,Remote,"Advance Zomato's AI capabilities by developing intelligent systems and algorithms. You'll experiment with new techniques, optimize models, and solve complex AI problems.","Open to BCA, B.Sc CS students (2026, 2027 batches)","[""Deep Learning"", ""Python"", ""Machine Learning""]","[""AWS"", ""Reinforcement Learning"", ""PyTorch""]","[""MCA"", ""B.Sc CS"", ""B.Tech""]",1 Month,"₹25,000 / Month",https://careers.zomato.com/apply/internship-458,Demo Dataset
Software Development Intern,SynergyAI Systems,Data Analytics,Kolkata,On-site,"Join SynergyAI Systems's development team and contribute to building scalable software solutions using modern technologies. You will work on real-world projects, collaborate with experienced engineers, and gain hands-on experience in the full software development lifecycle.","Open to BCA, MCA students (2026, 2027, 2028 batches)","[""Python"", ""Java"", ""C++""]","[""REST APIs"", ""AWS"", ""Docker""]","[""MCA"", ""B.Tech""]",2 Months,"₹5,000 / Month",https://careers.synergyai-systems.com/apply/internship-459,Demo Dataset
Database Administrator Intern,QuantumLeap AI,FinTech,Remote,On-site,"Manage and optimize QuantumLeap AI's databases to ensure performance and reliability. You'll handle backups, security, and database maintenance tasks.","Open to B.Sc CS, B.Tech students (2026, 2027 batches)","[""MySQL"", ""Database Design"", ""SQL""]","[""Backup & Recovery"", ""Performance Tuning"", ""AWS""]","[""B.Tech"", ""BCA"", ""B.Sc CS""]",1 Month,"₹5,000 / Month",https://careers.quantumleap-ai.com/apply/internship-460,Demo Dataset
AI/ML Engineer Intern,Unacademy,FinTech,Mumbai,Hybrid,"Advance Unacademy's AI capabilities by developing intelligent systems and algorithms. You'll experiment with new techniques, optimize models, and solve complex AI problems.","Open to MCA, B.Sc CS, B.Tech students (2025, 2026 batches)","[""Statistics"", ""Machine Learning"", ""Deep Learning""]","[""NLP"", ""PyTorch"", ""AWS""]","[""B.Sc CS"", ""MCA""]",6 Months,"₹15,000 / Month",https://careers.unacademy.com/apply/internship-461,Demo Dataset
Cloud & DevOps Intern,Insight Analytics,Artificial Intelligence,Pune,Remote,"Support Insight Analytics's cloud infrastructure and deployment pipelines using DevOps best practices. You'll work on containerization, CI/CD automation, and cloud platform management.","Open to MCA, B.Tech, B.Sc CS students (2025, 2027, 2028 batches)","[""Python"", ""Git"", ""Docker""]","[""Kubernetes"", ""Jenkins"", ""Terraform""]","[""MCA"", ""B.Sc CS""]",1 Month,"₹12,000 / Month",https://careers.insight-analytics.com/apply/internship-462,Demo Dataset
Python Developer Intern,IBM India,EdTech,Chennai,On-site,Write clean and efficient Python code for IBM India's projects and applications. You'll learn Python best practices and contribute to building robust software solutions.,"Open to B.Tech, BCA students (2025, 2026, 2028 batches)","[""Git"", ""Data Structures"", ""OOP""]","[""Django"", ""Docker"", ""FastAPI""]","[""BCA"", ""MCA""]",1 Month,"₹30,000 / Month",https://careers.ibm-india.com/apply/internship-463,Demo Dataset
Software Development Intern,DataDrive Solutions,FinTech,Pune,Remote,"Join DataDrive Solutions's development team and contribute to building scalable software solutions using modern technologies. You will work on real-world projects, collaborate with experienced engineers, and gain hands-on experience in the full software development lifecycle.","Open to MCA, BCA, B.Sc CS students (2025, 2028 batches)","[""Java"", ""Data Structures"", ""Python""]","[""Linux"", ""Docker"", ""AWS""]","[""MCA"", ""BCA""]",6 Months,"₹18,000 / Month",https://careers.datadrive-solutions.com/apply/internship-464,Demo Dataset
Frontend Developer Intern,Zomato,EdTech,Delhi NCR,Remote,Build responsive and interactive user interfaces for Zomato's web applications using modern frameworks. You'll collaborate with designers and backend developers to deliver engaging user experiences.,"Open to MCA, B.Tech, BCA students (2025, 2026 batches)","[""HTML"", ""CSS"", ""Git""]","[""Redux"", ""Figma"", ""TypeScript""]","[""B.Tech"", ""B.Sc CS""]",2 Months,"₹12,000 / Month",https://careers.zomato.com/apply/internship-465,Demo Dataset
Full Stack Developer Intern,Tech Mahindra,IT & Software,Chennai,Remote,Build complete web applications at Tech Mahindra by working on both frontend and backend technologies. You'll gain experience across the entire development stack and learn best practices in web development.,"Open to B.Sc CS, BCA, B.Tech students (2025, 2027, 2028 batches)","[""Node.js"", ""Git"", ""SQL""]","[""REST APIs"", ""AWS"", ""MongoDB""]","[""MCA"", ""B.Sc CS""]",3 Months,"₹12,000 / Month",https://careers.tech-mahindra.com/apply/internship-466,Demo Dataset
Product Manager Intern,Google India,Data Analytics,Chennai,On-site,"Support Google India's product team in developing and launching successful products. You'll conduct market research, analyze user feedback, and contribute to product strategy.","Open to BCA, B.Tech, B.Sc CS students (2027, 2028 batches)","[""Communication"", ""Market Analysis"", ""Product Strategy""]","[""User Research"", ""Analytics"", ""Python""]","[""BCA"", ""B.Tech"", ""B.Sc CS""]",2 Months,"₹10,000 / Month",https://careers.google-india.com/apply/internship-467,Demo Dataset
Data Analyst Intern,CodeWave Analytics,Artificial Intelligence,Chennai,Hybrid,"Work with CodeWave Analytics's data team to analyze business metrics and create actionable insights. You'll develop data visualizations, write SQL queries, and support data-driven decision-making across the organization.","Open to B.Tech, B.Sc CS, BCA students (2025, 2028 batches)","[""SQL"", ""Excel"", ""Statistics""]","[""Apache Spark"", ""Tableau"", ""Python""]","[""MCA"", ""BCA"", ""B.Sc CS""]",3 Months,"₹30,000 / Month",https://careers.codewave-analytics.com/apply/internship-468,Demo Dataset
Full Stack Developer Intern,ABC Tech,EdTech,Delhi NCR,Remote,Build complete web applications at ABC Tech by working on both frontend and backend technologies. You'll gain experience across the entire development stack and learn best practices in web development.,"Open to MCA, B.Tech, B.Sc CS students (2026, 2027 batches)","[""React"", ""Node.js"", ""SQL""]","[""REST APIs"", ""Express.js"", ""Docker""]","[""B.Tech"", ""BCA"", ""B.Sc CS""]",1 Month,"₹12,000 / Month",https://careers.abc-tech.com/apply/internship-469,Demo Dataset
Data Analyst Intern,Intel India,Data Analytics,Chennai,Hybrid,"Work with Intel India's data team to analyze business metrics and create actionable insights. You'll develop data visualizations, write SQL queries, and support data-driven decision-making across the organization.","Open to BCA, B.Sc CS, MCA students (2025, 2028 batches)","[""Excel"", ""SQL"", ""Data Visualization""]","[""Tableau"", ""R"", ""Apache Spark""]","[""BCA"", ""B.Tech""]",3 Months,"₹25,000 / Month",https://careers.intel-india.com/apply/internship-470,Demo Dataset
AI/ML Engineer Intern,DeepMind India,Cloud Computing,Mumbai,On-site,"Advance DeepMind India's AI capabilities by developing intelligent systems and algorithms. You'll experiment with new techniques, optimize models, and solve complex AI problems.","Open to B.Tech, B.Sc CS, MCA students (2025, 2027, 2028 batches)","[""Statistics"", ""Python"", ""Machine Learning""]","[""PyTorch"", ""Computer Vision"", ""Reinforcement Learning""]","[""B.Tech"", ""BCA""]",2 Months,"₹5,000 / Month",https://careers.deepmind-india.com/apply/internship-471,Demo Dataset
Data Science Intern,PixelCraft Studios,IT & Software,Hyderabad,Remote,"Apply statistical methods and machine learning techniques to solve business problems for PixelCraft Studios. You'll work with large datasets, build predictive models, and communicate insights to stakeholders.","Open to B.Sc CS, BCA, B.Tech students (2025, 2027, 2028 batches)","[""Pandas"", ""Python"", ""Statistics""]","[""scikit-learn"", ""AWS"", ""TensorFlow""]","[""B.Tech"", ""BCA"", ""MCA""]",3 Months,"₹12,000 / Month",https://careers.pixelcraft-studios.com/apply/internship-472,Demo Dataset
Machine Learning Intern,HCL Technologies,Cloud Computing,Mumbai,Hybrid,Contribute to HCL Technologies's AI initiatives by developing and training machine learning models on real datasets. You'll work alongside ML engineers to solve complex problems and implement cutting-edge algorithms.,"Open to BCA, MCA students (2025, 2026 batches)","[""Machine Learning"", ""Statistics"", ""TensorFlow""]","[""Deep Learning"", ""Computer Vision"", ""AWS""]","[""MCA"", ""B.Sc CS"", ""B.Tech""]",1 Month,"₹20,000 / Month",https://careers.hcl-technologies.com/apply/internship-473,Demo Dataset
Business Analyst Intern,CloudNine Dynamics,IT & Software,Hyderabad,On-site,"Work with CloudNine Dynamics's stakeholders to gather requirements and improve business processes. You'll create documentation, analyze workflows, and support project implementation.","Open to B.Sc CS, MCA, BCA students (2025, 2026, 2027 batches)","[""Excel"", ""Business Analysis"", ""SQL""]","[""Tableau"", ""Requirements Gathering"", ""JIRA""]","[""B.Tech"", ""MCA""]",6 Months,"₹25,000 / Month",https://careers.cloudnine-dynamics.com/apply/internship-474,Demo Dataset
Mobile App Developer Intern,PolicyBazaar,E-commerce,Hyderabad,Remote,"Develop mobile applications for iOS or Android platforms at PolicyBazaar. You'll work on feature development, testing, and optimization to deliver high-quality mobile experiences.","Open to B.Tech, MCA, B.Sc CS students (2025, 2026, 2028 batches)","[""Android"", ""Java"", ""Git""]","[""Firebase"", ""Swift"", ""iOS""]","[""B.Sc CS"", ""B.Tech""]",2 Months,"₹25,000 / Month",https://careers.policybazaar.com/apply/internship-475,Demo Dataset
Mobile App Developer Intern,SmartAI Innovations,IT & Software,Remote,Remote,"Develop mobile applications for iOS or Android platforms at SmartAI Innovations. You'll work on feature development, testing, and optimization to deliver high-quality mobile experiences.","Open to BCA, B.Sc CS, MCA students (2025, 2026, 2028 batches)","[""Java"", ""Kotlin"", ""React Native""]","[""REST APIs"", ""Swift"", ""Firebase""]","[""B.Sc CS"", ""BCA""]",1 Month,"₹10,000 / Month",https://careers.smartai-innovations.com/apply/internship-476,Demo Dataset
Python Developer Intern,Ola Electric,FinTech,Mumbai,Hybrid,Write clean and efficient Python code for Ola Electric's projects and applications. You'll learn Python best practices and contribute to building robust software solutions.,"Open to B.Sc CS, B.Tech students (2025, 2026, 2028 batches)","[""Git"", ""Data Structures"", ""OOP""]","[""FastAPI"", ""Flask"", ""Docker""]","[""B.Tech"", ""B.Sc CS""]",1 Month,"₹5,000 / Month",https://careers.ola-electric.com/apply/internship-477,Demo Dataset
Quality Assurance Intern,CloudStack Infra,Cloud Computing,Kolkata,On-site,"Ensure software quality at CloudStack Infra by designing test cases and identifying bugs before release. You'll perform manual testing, create automation scripts, and maintain quality standards.","Open to B.Tech, MCA, BCA students (2025, 2026, 2028 batches)","[""Bug Tracking"", ""SQL"", ""Manual Testing""]","[""Selenium"", ""Automation Testing"", ""Linux""]","[""B.Sc CS"", ""MCA"", ""BCA""]",3 Months,"₹5,000 / Month",https://careers.cloudstack-infra.com/apply/internship-478,Demo Dataset
Python Developer Intern,TechVision Labs,FinTech,Kolkata,On-site,Write clean and efficient Python code for TechVision Labs's projects and applications. You'll learn Python best practices and contribute to building robust software solutions.,"Open to B.Tech, MCA, B.Sc CS students (2025, 2027, 2028 batches)","[""Git"", ""Data Structures"", ""OOP""]","[""Docker"", ""Django"", ""FastAPI""]","[""B.Sc CS"", ""BCA"", ""MCA""]",1 Month,"₹10,000 / Month",https://careers.techvision-labs.com/apply/internship-479,Demo Dataset
UI/UX Design Intern,IBM India,E-commerce,Remote,Remote,"Create beautiful and intuitive user interfaces for IBM India's digital products. You'll conduct user research, create prototypes, and collaborate with developers to bring designs to life.","Open to BCA, MCA, B.Sc CS students (2025, 2028 batches)","[""Figma"", ""Prototyping"", ""Wireframing""]","[""CSS"", ""Adobe XD"", ""Design Systems""]","[""B.Tech"", ""MCA""]",3 Months,"₹18,000 / Month",https://careers.ibm-india.com/apply/internship-480,Demo Dataset
Solutions Architect Intern,Wipro,Data Analytics,Remote,On-site,"Design comprehensive IT solutions for Wipro's clients and internal needs. You'll evaluate technologies, create architecture diagrams, and present recommendations.","Open to B.Sc CS, B.Tech, BCA students (2025, 2026, 2028 batches)","[""Documentation"", ""System Design"", ""Cloud Architecture""]","[""Azure"", ""Docker"", ""GCP""]","[""B.Tech"", ""B.Sc CS""]",6 Months,"₹12,000 / Month",https://careers.wipro.com/apply/internship-481,Demo Dataset
Frontend Developer Intern,Freshworks,EdTech,Pune,On-site,Build responsive and interactive user interfaces for Freshworks's web applications using modern frameworks. You'll collaborate with designers and backend developers to deliver engaging user experiences.,"Open to MCA, B.Tech students (2025, 2026 batches)","[""Git"", ""HTML"", ""JavaScript""]","[""TypeScript"", ""REST APIs"", ""Figma""]","[""B.Sc CS"", ""MCA""]",2 Months,"₹12,000 / Month",https://careers.freshworks.com/apply/internship-482,Demo Dataset
Full Stack Developer Intern,Insight Analytics,Data Analytics,Mumbai,Remote,Build complete web applications at Insight Analytics by working on both frontend and backend technologies. You'll gain experience across the entire development stack and learn best practices in web development.,"Open to MCA, B.Tech students (2025, 2026, 2027 batches)","[""Git"", ""SQL"", ""Node.js""]","[""MongoDB"", ""REST APIs"", ""Docker""]","[""B.Tech"", ""B.Sc CS"", ""MCA""]",1 Month,"₹30,000 / Month",https://careers.insight-analytics.com/apply/internship-483,Demo Dataset
Full Stack Developer Intern,FutureCode Systems,IT & Software,Hyderabad,Remote,Build complete web applications at FutureCode Systems by working on both frontend and backend technologies. You'll gain experience across the entire development stack and learn best practices in web development.,"Open to B.Sc CS, BCA, B.Tech students (2025, 2028 batches)","[""JavaScript"", ""Git"", ""React""]","[""REST APIs"", ""Docker"", ""AWS""]","[""BCA"", ""B.Tech""]",2 Months,"₹18,000 / Month",https://careers.futurecode-systems.com/apply/internship-484,Demo Dataset
Mobile App Developer Intern,Accenture India,E-commerce,Delhi NCR,Remote,"Develop mobile applications for iOS or Android platforms at Accenture India. You'll work on feature development, testing, and optimization to deliver high-quality mobile experiences.","Open to BCA, B.Tech students (2025, 2026, 2027 batches)","[""Git"", ""React Native"", ""Kotlin""]","[""Firebase"", ""iOS"", ""Swift""]","[""B.Tech"", ""BCA""]",6 Months,"₹18,000 / Month",https://careers.accenture-india.com/apply/internship-485,Demo Dataset
Full Stack Developer Intern,Accenture India,Cloud Computing,Kolkata,Hybrid,Build complete web applications at Accenture India by working on both frontend and backend technologies. You'll gain experience across the entire development stack and learn best practices in web development.,"Open to B.Tech, B.Sc CS, MCA students (2026, 2027, 2028 batches)","[""Git"", ""SQL"", ""JavaScript""]","[""Express.js"", ""Docker"", ""MongoDB""]","[""MCA"", ""B.Sc CS""]",2 Months,"₹5,000 / Month",https://careers.accenture-india.com/apply/internship-486,Demo Dataset
Solutions Architect Intern,Apple India,Cybersecurity,Pune,Hybrid,"Design comprehensive IT solutions for Apple India's clients and internal needs. You'll evaluate technologies, create architecture diagrams, and present recommendations.","Open to MCA, B.Tech students (2027, 2028 batches)","[""System Design"", ""SQL"", ""Documentation""]","[""GCP"", ""Docker"", ""Python""]","[""MCA"", ""B.Tech""]",6 Months,"₹12,000 / Month",https://careers.apple-india.com/apply/internship-487,Demo Dataset
Database Administrator Intern,Apple India,Data Analytics,Remote,Remote,"Manage and optimize Apple India's databases to ensure performance and reliability. You'll handle backups, security, and database maintenance tasks.","Open to BCA, B.Sc CS, MCA students (2026, 2028 batches)","[""SQL"", ""Database Design"", ""Linux""]","[""Oracle"", ""Backup & Recovery"", ""MongoDB""]","[""B.Tech"", ""B.Sc CS""]",2 Months,"₹15,000 / Month",https://careers.apple-india.com/apply/internship-488,Demo Dataset
AI/ML Engineer Intern,DeepMind India,FinTech,Delhi NCR,Remote,"Advance DeepMind India's AI capabilities by developing intelligent systems and algorithms. You'll experiment with new techniques, optimize models, and solve complex AI problems.","Open to B.Sc CS, BCA students (2025, 2027, 2028 batches)","[""Machine Learning"", ""TensorFlow"", ""Python""]","[""Reinforcement Learning"", ""NLP"", ""Computer Vision""]","[""B.Sc CS"", ""MCA""]",6 Months,"₹20,000 / Month",https://careers.deepmind-india.com/apply/internship-489,Demo Dataset
Data Analyst Intern,InnovateTech,E-commerce,Remote,Hybrid,"Work with InnovateTech's data team to analyze business metrics and create actionable insights. You'll develop data visualizations, write SQL queries, and support data-driven decision-making across the organization.","Open to B.Sc CS, BCA students (2025, 2028 batches)","[""Excel"", ""Statistics"", ""Python""]","[""R"", ""Python"", ""Tableau""]","[""B.Tech"", ""B.Sc CS"", ""BCA""]",1 Month,"₹12,000 / Month",https://careers.innovatetech.com/apply/internship-490,Demo Dataset
Mobile App Developer Intern,Cognizant,FinTech,Kolkata,Remote,"Develop mobile applications for iOS or Android platforms at Cognizant. You'll work on feature development, testing, and optimization to deliver high-quality mobile experiences.","Open to MCA, BCA, B.Sc CS students (2025, 2026, 2028 batches)","[""React Native"", ""Git"", ""Java""]","[""SQLite"", ""Firebase"", ""iOS""]","[""B.Sc CS"", ""B.Tech""]",3 Months,"₹18,000 / Month",https://careers.cognizant.com/apply/internship-491,Demo Dataset
Database Administrator Intern,Cognizant,Artificial Intelligence,Pune,Remote,"Manage and optimize Cognizant's databases to ensure performance and reliability. You'll handle backups, security, and database maintenance tasks.","Open to B.Sc CS, MCA students (2027, 2028 batches)","[""SQL"", ""Database Design"", ""MySQL""]","[""AWS"", ""Performance Tuning"", ""Oracle""]","[""BCA"", ""B.Tech"", ""MCA""]",6 Months,"₹12,000 / Month",https://careers.cognizant.com/apply/internship-492,Demo Dataset
AI/ML Engineer Intern,TechVision Labs,Cloud Computing,Chennai,Remote,"Advance TechVision Labs's AI capabilities by developing intelligent systems and algorithms. You'll experiment with new techniques, optimize models, and solve complex AI problems.","Open to BCA, MCA students (2025, 2027 batches)","[""Deep Learning"", ""Machine Learning"", ""Statistics""]","[""Computer Vision"", ""PyTorch"", ""Reinforcement Learning""]","[""MCA"", ""B.Tech""]",2 Months,"₹12,000 / Month",https://careers.techvision-labs.com/apply/internship-493,Demo Dataset
Backend Developer Intern,SynergyAI Systems,Artificial Intelligence,Remote,On-site,"Design and develop server-side logic and APIs for SynergyAI Systems's applications. You'll work with databases, optimize performance, and ensure scalability of backend systems.","Open to MCA, B.Tech, BCA students (2026, 2027, 2028 batches)","[""Python"", ""Git"", ""REST APIs""]","[""Docker"", ""Node.js"", ""PostgreSQL""]","[""BCA"", ""B.Sc CS"", ""MCA""]",1 Month,"₹30,000 / Month",https://careers.synergyai-systems.com/apply/internship-494,Demo Dataset
Database Administrator Intern,Accenture India,Artificial Intelligence,Mumbai,Hybrid,"Manage and optimize Accenture India's databases to ensure performance and reliability. You'll handle backups, security, and database maintenance tasks.","Open to B.Sc CS, MCA, BCA students (2026, 2028 batches)","[""SQL"", ""Linux"", ""PostgreSQL""]","[""Backup & Recovery"", ""MongoDB"", ""AWS""]","[""BCA"", ""MCA"", ""B.Tech""]",1 Month,"₹18,000 / Month",https://careers.accenture-india.com/apply/internship-495,Demo Dataset
Backend Developer Intern,Tech Mahindra,Data Analytics,Hyderabad,On-site,"Design and develop server-side logic and APIs for Tech Mahindra's applications. You'll work with databases, optimize performance, and ensure scalability of backend systems.","Open to MCA, B.Sc CS students (2025, 2026, 2027 batches)","[""Python"", ""REST APIs"", ""Git""]","[""Express.js"", ""PostgreSQL"", ""MongoDB""]","[""B.Sc CS"", ""MCA""]",2 Months,"₹20,000 / Month",https://careers.tech-mahindra.com/apply/internship-496,Demo Dataset
Business Analyst Intern,InnovateTech,Cloud Computing,Chennai,Hybrid,"Work with InnovateTech's stakeholders to gather requirements and improve business processes. You'll create documentation, analyze workflows, and support project implementation.","Open to B.Tech, BCA, MCA students (2025, 2026, 2027 batches)","[""SQL"", ""Communication"", ""Documentation""]","[""Tableau"", ""JIRA"", ""Python""]","[""B.Tech"", ""B.Sc CS"", ""MCA""]",2 Months,"₹18,000 / Month",https://careers.innovatetech.com/apply/internship-497,Demo Dataset
Data Science Intern,InnovateTech,Cloud Computing,Bengaluru,Hybrid,"Apply statistical methods and machine learning techniques to solve business problems for InnovateTech. You'll work with large datasets, build predictive models, and communicate insights to stakeholders.","Open to MCA, BCA, B.Sc CS students (2025, 2026, 2028 batches)","[""Pandas"", ""Statistics"", ""SQL""]","[""AWS"", ""TensorFlow"", ""R""]","[""B.Tech"", ""MCA""]",6 Months,"₹25,000 / Month",https://careers.innovatetech.com/apply/internship-498,Demo Dataset
Python Developer Intern,InnovateTech,FinTech,Hyderabad,On-site,Write clean and efficient Python code for InnovateTech's projects and applications. You'll learn Python best practices and contribute to building robust software solutions.,"Open to MCA, B.Tech students (2025, 2027 batches)","[""SQL"", ""Git"", ""Python""]","[""Docker"", ""PostgreSQL"", ""Django""]","[""BCA"", ""B.Sc CS"", ""MCA""]",2 Months,"₹18,000 / Month",https://careers.innovatetech.com/apply/internship-499,Demo Dataset
Full Stack Developer Intern,TCS (Tata Consultancy Services),Cloud Computing,Delhi NCR,Remote,Build complete web applications at TCS (Tata Consultancy Services) by working on both frontend and backend technologies. You'll gain experience across the entire development stack and learn best practices in web development.,"Open to MCA, B.Sc CS students (2025, 2026, 2027 batches)","[""JavaScript"", ""Git"", ""React""]","[""Docker"", ""REST APIs"", ""MongoDB""]","[""MCA"", ""B.Tech"", ""BCA""]",3 Months,"₹25,000 / Month",https://careers.tcs-tata-consultancy-services.com/apply/internship-500,Demo Dataset
Full Stack Developer Intern,TechVision Labs,Artificial Intelligence,Remote,Hybrid,Build complete web applications at TechVision Labs by working on both frontend and backend technologies. You'll gain experience across the entire development stack and learn best practices in web development.,"Open to MCA, B.Tech, BCA students (2025, 2027 batches)","[""React"", ""Node.js"", ""JavaScript""]","[""Docker"", ""AWS"", ""Express.js""]","[""MCA"", ""B.Sc CS""]",3 Months,"₹25,000 / Month",https://careers.techvision-labs.com/apply/internship-501,Demo Dataset
Data Science Intern,Infosys,E-commerce,Kolkata,Remote,"Apply statistical methods and machine learning techniques to solve business problems for Infosys. You'll work with large datasets, build predictive models, and communicate insights to stakeholders.","Open to MCA, BCA students (2025, 2028 batches)","[""Statistics"", ""Machine Learning"", ""Python""]","[""Tableau"", ""AWS"", ""R""]","[""B.Tech"", ""BCA"", ""MCA""]",6 Months,"₹25,000 / Month",https://careers.infosys.com/apply/internship-502,Demo Dataset
Mobile App Developer Intern,SynergyAI Systems,IT & Software,Bengaluru,Hybrid,"Develop mobile applications for iOS or Android platforms at SynergyAI Systems. You'll work on feature development, testing, and optimization to deliver high-quality mobile experiences.","Open to MCA, B.Sc CS students (2025, 2027, 2028 batches)","[""Git"", ""Kotlin"", ""Android""]","[""iOS"", ""SQLite"", ""REST APIs""]","[""MCA"", ""BCA"", ""B.Tech""]",6 Months,"₹15,000 / Month",https://careers.synergyai-systems.com/apply/internship-503,Demo Dataset
Cloud & DevOps Intern,ProdigyTech Labs,Cybersecurity,Remote,Hybrid,"Support ProdigyTech Labs's cloud infrastructure and deployment pipelines using DevOps best practices. You'll work on containerization, CI/CD automation, and cloud platform management.","Open to BCA, B.Tech students (2025, 2026, 2027 batches)","[""Python"", ""Docker"", ""Git""]","[""Jenkins"", ""Kubernetes"", ""Terraform""]","[""B.Tech"", ""MCA""]",6 Months,"₹10,000 / Month",https://careers.prodigytech-labs.com/apply/internship-504,Demo Dataset
UI/UX Design Intern,ProdigyTech Labs,Artificial Intelligence,Pune,On-site,"Create beautiful and intuitive user interfaces for ProdigyTech Labs's digital products. You'll conduct user research, create prototypes, and collaborate with developers to bring designs to life.","Open to BCA, MCA students (2026, 2027 batches)","[""Prototyping"", ""UX Research"", ""Wireframing""]","[""Design Systems"", ""CSS"", ""User Testing""]","[""BCA"", ""B.Tech""]",6 Months,"₹25,000 / Month",https://careers.prodigytech-labs.com/apply/internship-505,Demo Dataset
Cloud Architect Intern,TCS (Tata Consultancy Services),Artificial Intelligence,Chennai,Remote,"Design scalable and secure cloud solutions for TCS (Tata Consultancy Services)'s applications and infrastructure. You'll work with cloud platforms, optimize costs, and ensure high availability.","Open to B.Sc CS, B.Tech students (2025, 2027, 2028 batches)","[""Cloud Architecture"", ""Networking"", ""System Design""]","[""Kubernetes"", ""Terraform"", ""GCP""]","[""MCA"", ""B.Sc CS""]",1 Month,"₹12,000 / Month",https://careers.tcs-tata-consultancy-services.com/apply/internship-506,Demo Dataset
Python Developer Intern,Microsoft India,Data Analytics,Chennai,Hybrid,Write clean and efficient Python code for Microsoft India's projects and applications. You'll learn Python best practices and contribute to building robust software solutions.,"Open to B.Sc CS, B.Tech, BCA students (2025, 2028 batches)","[""Git"", ""Python"", ""SQL""]","[""Flask"", ""Docker"", ""FastAPI""]","[""B.Tech"", ""B.Sc CS""]",3 Months,"₹20,000 / Month",https://careers.microsoft-india.com/apply/internship-507,Demo Dataset
Data Analyst Intern,ABC Tech,IT & Software,Bengaluru,On-site,"Work with ABC Tech's data team to analyze business metrics and create actionable insights. You'll develop data visualizations, write SQL queries, and support data-driven decision-making across the organization.","Open to BCA, MCA, B.Tech students (2027, 2028 batches)","[""Excel"", ""Data Visualization"", ""Python""]","[""R"", ""Python"", ""Tableau""]","[""MCA"", ""B.Sc CS""]",3 Months,"₹15,000 / Month",https://careers.abc-tech.com/apply/internship-508,Demo Dataset
Database Administrator Intern,PolicyBazaar,Cloud Computing,Hyderabad,Hybrid,"Manage and optimize PolicyBazaar's databases to ensure performance and reliability. You'll handle backups, security, and database maintenance tasks.","Open to MCA, B.Sc CS students (2026, 2028 batches)","[""PostgreSQL"", ""MySQL"", ""Database Design""]","[""Performance Tuning"", ""AWS"", ""Backup & Recovery""]","[""BCA"", ""B.Tech"", ""B.Sc CS""]",1 Month,"₹30,000 / Month",https://careers.policybazaar.com/apply/internship-509,Demo Dataset
Frontend Developer Intern,InnovateTech,Data Analytics,Bengaluru,Hybrid,Build responsive and interactive user interfaces for InnovateTech's web applications using modern frameworks. You'll collaborate with designers and backend developers to deliver engaging user experiences.,"Open to MCA, B.Sc CS students (2027, 2028 batches)","[""React"", ""CSS"", ""Git""]","[""Vue.js"", ""TypeScript"", ""Redux""]","[""B.Tech"", ""BCA""]",1 Month,"₹5,000 / Month",https://careers.innovatetech.com/apply/internship-510,Demo Dataset
Data Science Intern,Intel India,E-commerce,Mumbai,Hybrid,"Apply statistical methods and machine learning techniques to solve business problems for Intel India. You'll work with large datasets, build predictive models, and communicate insights to stakeholders.","Open to B.Tech, BCA students (2025, 2026, 2028 batches)","[""SQL"", ""Python"", ""Machine Learning""]","[""TensorFlow"", ""AWS"", ""R""]","[""BCA"", ""B.Tech""]",1 Month,"₹5,000 / Month",https://careers.intel-india.com/apply/internship-511,Demo Dataset
Cloud Architect Intern,InnovateTech,EdTech,Hyderabad,Hybrid,"Design scalable and secure cloud solutions for InnovateTech's applications and infrastructure. You'll work with cloud platforms, optimize costs, and ensure high availability.","Open to B.Sc CS, BCA, MCA students (2025, 2026, 2027 batches)","[""System Design"", ""Networking"", ""Linux""]","[""Terraform"", ""Kubernetes"", ""GCP""]","[""B.Sc CS"", ""B.Tech""]",2 Months,"₹15,000 / Month",https://careers.innovatetech.com/apply/internship-512,Demo Dataset
AI/ML Engineer Intern,ProdigyTech Labs,IT & Software,Delhi NCR,On-site,"Advance ProdigyTech Labs's AI capabilities by developing intelligent systems and algorithms. You'll experiment with new techniques, optimize models, and solve complex AI problems.","Open to B.Tech, BCA students (2025, 2026, 2028 batches)","[""Python"", ""Statistics"", ""TensorFlow""]","[""AWS"", ""Reinforcement Learning"", ""Computer Vision""]","[""B.Tech"", ""B.Sc CS"", ""MCA""]",3 Months,"₹20,000 / Month",https://careers.prodigytech-labs.com/apply/internship-513,Demo Dataset
Full Stack Developer Intern,Insight Analytics,EdTech,Chennai,Remote,Build complete web applications at Insight Analytics by working on both frontend and backend technologies. You'll gain experience across the entire development stack and learn best practices in web development.,"Open to MCA, B.Tech, BCA students (2026, 2027, 2028 batches)","[""JavaScript"", ""SQL"", ""Git""]","[""Express.js"", ""AWS"", ""Docker""]","[""B.Sc CS"", ""B.Tech"", ""BCA""]",6 Months,"₹5,000 / Month",https://careers.insight-analytics.com/apply/internship-514,Demo Dataset
Frontend Developer Intern,Oracle India,Data Analytics,Delhi NCR,On-site,Build responsive and interactive user interfaces for Oracle India's web applications using modern frameworks. You'll collaborate with designers and backend developers to deliver engaging user experiences.,"Open to B.Tech, MCA students (2026, 2027, 2028 batches)","[""Git"", ""JavaScript"", ""HTML""]","[""Vue.js"", ""REST APIs"", ""Redux""]","[""B.Sc CS"", ""B.Tech"", ""MCA""]",1 Month,"₹30,000 / Month",https://careers.oracle-india.com/apply/internship-515,Demo Dataset
AI/ML Engineer Intern,Infosys,FinTech,Pune,On-site,"Advance Infosys's AI capabilities by developing intelligent systems and algorithms. You'll experiment with new techniques, optimize models, and solve complex AI problems.","Open to MCA, B.Tech, B.Sc CS students (2027, 2028 batches)","[""Statistics"", ""TensorFlow"", ""Machine Learning""]","[""Computer Vision"", ""Reinforcement Learning"", ""NLP""]","[""B.Tech"", ""B.Sc CS""]",1 Month,"₹20,000 / Month",https://careers.infosys.com/apply/internship-516,Demo Dataset
Business Analyst Intern,Cognizant,FinTech,Delhi NCR,On-site,"Work with Cognizant's stakeholders to gather requirements and improve business processes. You'll create documentation, analyze workflows, and support project implementation.","Open to B.Tech, B.Sc CS, MCA students (2025, 2026, 2028 batches)","[""Business Analysis"", ""SQL"", ""Documentation""]","[""Tableau"", ""Python"", ""Process Mapping""]","[""MCA"", ""BCA"", ""B.Tech""]",1 Month,"₹15,000 / Month",https://careers.cognizant.com/apply/internship-517,Demo Dataset
Database Administrator Intern,Vedantu,Cloud Computing,Bengaluru,Hybrid,"Manage and optimize Vedantu's databases to ensure performance and reliability. You'll handle backups, security, and database maintenance tasks.","Open to B.Sc CS, BCA, B.Tech students (2026, 2027 batches)","[""PostgreSQL"", ""Database Design"", ""Linux""]","[""AWS"", ""Oracle"", ""Backup & Recovery""]","[""B.Tech"", ""MCA""]",3 Months,"₹10,000 / Month",https://careers.vedantu.com/apply/internship-518,Demo Dataset
Software Development Intern,ABC Tech,Cloud Computing,Delhi NCR,Hybrid,"Join ABC Tech's development team and contribute to building scalable software solutions using modern technologies. You will work on real-world projects, collaborate with experienced engineers, and gain hands-on experience in the full software development lifecycle.","Open to BCA, B.Sc CS, B.Tech students (2026, 2027, 2028 batches)","[""Python"", ""Data Structures"", ""Java""]","[""Linux"", ""Docker"", ""REST APIs""]","[""B.Sc CS"", ""MCA""]",1 Month,"₹10,000 / Month",https://careers.abc-tech.com/apply/internship-519,Demo Dataset
Solutions Architect Intern,Apple India,IT & Software,Delhi NCR,Hybrid,"Design comprehensive IT solutions for Apple India's clients and internal needs. You'll evaluate technologies, create architecture diagrams, and present recommendations.","Open to MCA, BCA students (2025, 2026, 2027 batches)","[""Cloud Architecture"", ""AWS"", ""Documentation""]","[""Python"", ""GCP"", ""Docker""]","[""BCA"", ""MCA"", ""B.Sc CS""]",1 Month,"₹20,000 / Month",https://careers.apple-india.com/apply/internship-520,Demo Dataset
Frontend Developer Intern,Flipkart,Cybersecurity,Chennai,Hybrid,Build responsive and interactive user interfaces for Flipkart's web applications using modern frameworks. You'll collaborate with designers and backend developers to deliver engaging user experiences.,"Open to B.Tech, B.Sc CS students (2025, 2026, 2028 batches)","[""JavaScript"", ""Git"", ""React""]","[""REST APIs"", ""Redux"", ""Figma""]","[""BCA"", ""B.Tech"", ""B.Sc CS""]",1 Month,"₹12,000 / Month",https://careers.flipkart.com/apply/internship-521,Demo Dataset
Network Engineer Intern,Cognizant,Cybersecurity,Kolkata,Hybrid,"Support Cognizant's network infrastructure by configuring and maintaining network systems. You'll work on network security, connectivity, and performance optimization.","Open to B.Tech, BCA, B.Sc CS students (2026, 2027, 2028 batches)","[""Switching"", ""Routing"", ""Networking""]","[""Firewalls"", ""Cisco IOS"", ""Network Security""]","[""BCA"", ""B.Tech"", ""B.Sc CS""]",3 Months,"₹10,000 / Month",https://careers.cognizant.com/apply/internship-522,Demo Dataset
Machine Learning Intern,PixelCraft Studios,Cloud Computing,Mumbai,Remote,Contribute to PixelCraft Studios's AI initiatives by developing and training machine learning models on real datasets. You'll work alongside ML engineers to solve complex problems and implement cutting-edge algorithms.,"Open to BCA, MCA, B.Sc CS students (2025, 2028 batches)","[""scikit-learn"", ""Statistics"", ""Python""]","[""PyTorch"", ""Deep Learning"", ""AWS""]","[""BCA"", ""B.Sc CS"", ""B.Tech""]",3 Months,"₹10,000 / Month",https://careers.pixelcraft-studios.com/apply/internship-523,Demo Dataset
Database Administrator Intern,Oracle India,FinTech,Kolkata,On-site,"Manage and optimize Oracle India's databases to ensure performance and reliability. You'll handle backups, security, and database maintenance tasks.","Open to BCA, MCA, B.Sc CS students (2027, 2028 batches)","[""Linux"", ""Database Design"", ""SQL""]","[""MongoDB"", ""AWS"", ""Oracle""]","[""B.Tech"", ""B.Sc CS""]",1 Month,"₹12,000 / Month",https://careers.oracle-india.com/apply/internship-524,Demo Dataset
Product Manager Intern,SecureNet India,IT & Software,Remote,Hybrid,"Support SecureNet India's product team in developing and launching successful products. You'll conduct market research, analyze user feedback, and contribute to product strategy.","Open to B.Sc CS, B.Tech, MCA students (2026, 2027, 2028 batches)","[""Market Analysis"", ""Excel"", ""SQL""]","[""Python"", ""A/B Testing"", ""Roadmapping""]","[""B.Tech"", ""B.Sc CS"", ""BCA""]",2 Months,"₹20,000 / Month",https://careers.securenet-india.com/apply/internship-525,Demo Dataset
Frontend Developer Intern,Google India,Data Analytics,Remote,Remote,Build responsive and interactive user interfaces for Google India's web applications using modern frameworks. You'll collaborate with designers and backend developers to deliver engaging user experiences.,"Open to B.Sc CS, B.Tech, BCA students (2025, 2027, 2028 batches)","[""HTML"", ""Git"", ""CSS""]","[""REST APIs"", ""TypeScript"", ""Figma""]","[""B.Tech"", ""MCA"", ""BCA""]",6 Months,"₹10,000 / Month",https://careers.google-india.com/apply/internship-526,Demo Dataset
Solutions Architect Intern,QuantumLeap AI,Cloud Computing,Kolkata,Hybrid,"Design comprehensive IT solutions for QuantumLeap AI's clients and internal needs. You'll evaluate technologies, create architecture diagrams, and present recommendations.","Open to BCA, MCA, B.Sc CS students (2025, 2026 batches)","[""Documentation"", ""SQL"", ""System Design""]","[""Azure"", ""Python"", ""Kubernetes""]","[""B.Tech"", ""BCA"", ""MCA""]",1 Month,"₹30,000 / Month",https://careers.quantumleap-ai.com/apply/internship-527,Demo Dataset
Software Development Intern,VectorShift AI,FinTech,Pune,On-site,"Join VectorShift AI's development team and contribute to building scalable software solutions using modern technologies. You will work on real-world projects, collaborate with experienced engineers, and gain hands-on experience in the full software development lifecycle.","Open to B.Tech, MCA, BCA students (2026, 2027, 2028 batches)","[""C++"", ""Git"", ""Java""]","[""REST APIs"", ""Linux"", ""SQL""]","[""MCA"", ""BCA"", ""B.Sc CS""]",6 Months,"₹5,000 / Month",https://careers.vectorshift-ai.com/apply/internship-528,Demo Dataset
Product Manager Intern,VectorShift AI,EdTech,Chennai,Remote,"Support VectorShift AI's product team in developing and launching successful products. You'll conduct market research, analyze user feedback, and contribute to product strategy.","Open to B.Sc CS, B.Tech, BCA students (2025, 2026, 2028 batches)","[""SQL"", ""Product Strategy"", ""Market Analysis""]","[""User Research"", ""Python"", ""Analytics""]","[""BCA"", ""B.Sc CS""]",6 Months,"₹20,000 / Month",https://careers.vectorshift-ai.com/apply/internship-529,Demo Dataset
Solutions Architect Intern,Paytm,FinTech,Pune,Remote,"Design comprehensive IT solutions for Paytm's clients and internal needs. You'll evaluate technologies, create architecture diagrams, and present recommendations.","Open to B.Sc CS, BCA, B.Tech students (2026, 2027, 2028 batches)","[""AWS"", ""Cloud Architecture"", ""Documentation""]","[""Docker"", ""Kubernetes"", ""GCP""]","[""B.Sc CS"", ""B.Tech""]",1 Month,"₹18,000 / Month",https://careers.paytm.com/apply/internship-530,Demo Dataset
Quality Assurance Intern,Unacademy,Cybersecurity,Bengaluru,On-site,"Ensure software quality at Unacademy by designing test cases and identifying bugs before release. You'll perform manual testing, create automation scripts, and maintain quality standards.","Open to BCA, MCA students (2025, 2027 batches)","[""Python"", ""Bug Tracking"", ""Test Cases""]","[""Linux"", ""JIRA"", ""Automation Testing""]","[""B.Sc CS"", ""MCA""]",1 Month,"₹25,000 / Month",https://careers.unacademy.com/apply/internship-531,Demo Dataset
Business Analyst Intern,InnovateTech,FinTech,Chennai,Remote,"Work with InnovateTech's stakeholders to gather requirements and improve business processes. You'll create documentation, analyze workflows, and support project implementation.","Open to MCA, BCA students (2026, 2027 batches)","[""SQL"", ""Excel"", ""Communication""]","[""JIRA"", ""Tableau"", ""Process Mapping""]","[""B.Sc CS"", ""MCA""]",1 Month,"₹18,000 / Month",https://careers.innovatetech.com/apply/internship-532,Demo Dataset
Database Administrator Intern,IBM India,E-commerce,Remote,On-site,"Manage and optimize IBM India's databases to ensure performance and reliability. You'll handle backups, security, and database maintenance tasks.","Open to B.Sc CS, B.Tech students (2025, 2027 batches)","[""PostgreSQL"", ""Linux"", ""MySQL""]","[""Oracle"", ""AWS"", ""MongoDB""]","[""MCA"", ""B.Tech"", ""BCA""]",2 Months,"₹15,000 / Month",https://careers.ibm-india.com/apply/internship-533,Demo Dataset
Network Engineer Intern,Apple India,Cloud Computing,Chennai,On-site,"Support Apple India's network infrastructure by configuring and maintaining network systems. You'll work on network security, connectivity, and performance optimization.","Open to BCA, MCA students (2026, 2027, 2028 batches)","[""TCP/IP"", ""Switching"", ""Linux""]","[""Firewalls"", ""Network Security"", ""Python""]","[""BCA"", ""B.Sc CS"", ""MCA""]",2 Months,"₹20,000 / Month",https://careers.apple-india.com/apply/internship-534,Demo Dataset
Python Developer Intern,Google India,FinTech,Remote,Hybrid,Write clean and efficient Python code for Google India's projects and applications. You'll learn Python best practices and contribute to building robust software solutions.,"Open to B.Sc CS, MCA, B.Tech students (2025, 2027 batches)","[""OOP"", ""Python"", ""SQL""]","[""Django"", ""Docker"", ""PostgreSQL""]","[""BCA"", ""B.Sc CS"", ""MCA""]",2 Months,"₹30,000 / Month",https://careers.google-india.com/apply/internship-535,Demo Dataset
Quality Assurance Intern,IBM India,Cybersecurity,Hyderabad,On-site,"Ensure software quality at IBM India by designing test cases and identifying bugs before release. You'll perform manual testing, create automation scripts, and maintain quality standards.","Open to MCA, BCA students (2025, 2028 batches)","[""Bug Tracking"", ""Manual Testing"", ""Python""]","[""Automation Testing"", ""Selenium"", ""JIRA""]","[""B.Sc CS"", ""BCA"", ""MCA""]",6 Months,"₹15,000 / Month",https://careers.ibm-india.com/apply/internship-536,Demo Dataset
AI/ML Engineer Intern,CodeWave Analytics,IT & Software,Delhi NCR,On-site,"Advance CodeWave Analytics's AI capabilities by developing intelligent systems and algorithms. You'll experiment with new techniques, optimize models, and solve complex AI problems.","Open to B.Sc CS, MCA students (2025, 2026, 2028 batches)","[""Python"", ""Machine Learning"", ""Statistics""]","[""NLP"", ""PyTorch"", ""Reinforcement Learning""]","[""MCA"", ""B.Tech""]",6 Months,"₹20,000 / Month",https://careers.codewave-analytics.com/apply/internship-537,Demo Dataset
Network Engineer Intern,PolicyBazaar,Data Analytics,Remote,Hybrid,"Support PolicyBazaar's network infrastructure by configuring and maintaining network systems. You'll work on network security, connectivity, and performance optimization.","Open to BCA, B.Tech, MCA students (2026, 2027, 2028 batches)","[""Networking"", ""Linux"", ""Routing""]","[""Firewalls"", ""Cisco IOS"", ""VPN""]","[""B.Sc CS"", ""MCA"", ""BCA""]",3 Months,"₹12,000 / Month",https://careers.policybazaar.com/apply/internship-538,Demo Dataset
Data Science Intern,NeuroByte AI,EdTech,Hyderabad,Hybrid,"Apply statistical methods and machine learning techniques to solve business problems for NeuroByte AI. You'll work with large datasets, build predictive models, and communicate insights to stakeholders.","Open to B.Tech, MCA students (2025, 2026, 2028 batches)","[""SQL"", ""Pandas"", ""Statistics""]","[""AWS"", ""scikit-learn"", ""TensorFlow""]","[""MCA"", ""BCA""]",3 Months,"₹5,000 / Month",https://careers.neurobyte-ai.com/apply/internship-539,Demo Dataset
Cybersecurity Analyst Intern,TechVision Labs,IT & Software,Delhi NCR,Remote,"Help TechVision Labs protect its digital assets by analyzing security threats and implementing protective measures. You'll participate in security audits, vulnerability assessments, and incident response activities.","Open to B.Sc CS, B.Tech students (2025, 2026, 2027 batches)","[""Network Security"", ""Python"", ""Firewall""]","[""Metasploit"", ""AWS"", ""SIEM""]","[""MCA"", ""B.Tech""]",2 Months,"₹10,000 / Month",https://careers.techvision-labs.com/apply/internship-540,Demo Dataset
Product Manager Intern,Microsoft India,Artificial Intelligence,Delhi NCR,Remote,"Support Microsoft India's product team in developing and launching successful products. You'll conduct market research, analyze user feedback, and contribute to product strategy.","Open to B.Sc CS, BCA, B.Tech students (2025, 2026 batches)","[""SQL"", ""Market Analysis"", ""Excel""]","[""User Research"", ""Analytics"", ""Roadmapping""]","[""B.Tech"", ""BCA""]",3 Months,"₹10,000 / Month",https://careers.microsoft-india.com/apply/internship-541,Demo Dataset
Cybersecurity Analyst Intern,Freshworks,Data Analytics,Remote,On-site,"Help Freshworks protect its digital assets by analyzing security threats and implementing protective measures. You'll participate in security audits, vulnerability assessments, and incident response activities.","Open to MCA, BCA, B.Sc CS students (2025, 2027, 2028 batches)","[""Firewall"", ""Python"", ""Encryption""]","[""SIEM"", ""AWS"", ""Wireshark""]","[""B.Sc CS"", ""MCA""]",3 Months,"₹20,000 / Month",https://careers.freshworks.com/apply/internship-542,Demo Dataset
Product Manager Intern,Infosys,EdTech,Chennai,Hybrid,"Support Infosys's product team in developing and launching successful products. You'll conduct market research, analyze user feedback, and contribute to product strategy.","Open to MCA, BCA students (2026, 2027, 2028 batches)","[""Excel"", ""Communication"", ""SQL""]","[""User Research"", ""Python"", ""Roadmapping""]","[""B.Sc CS"", ""BCA""]",6 Months,"₹30,000 / Month",https://careers.infosys.com/apply/internship-543,Demo Dataset
Mobile App Developer Intern,Flipkart,Artificial Intelligence,Chennai,On-site,"Develop mobile applications for iOS or Android platforms at Flipkart. You'll work on feature development, testing, and optimization to deliver high-quality mobile experiences.","Open to B.Sc CS, B.Tech students (2026, 2028 batches)","[""Java"", ""Android"", ""Git""]","[""iOS"", ""Firebase"", ""REST APIs""]","[""B.Sc CS"", ""B.Tech"", ""BCA""]",2 Months,"₹10,000 / Month",https://careers.flipkart.com/apply/internship-544,Demo Dataset
Cloud Architect Intern,HCL Technologies,Data Analytics,Remote,Hybrid,"Design scalable and secure cloud solutions for HCL Technologies's applications and infrastructure. You'll work with cloud platforms, optimize costs, and ensure high availability.","Open to BCA, B.Sc CS, B.Tech students (2025, 2027, 2028 batches)","[""AWS"", ""Linux"", ""Networking""]","[""Azure"", ""Kubernetes"", ""Docker""]","[""B.Tech"", ""B.Sc CS"", ""BCA""]",6 Months,"₹30,000 / Month",https://careers.hcl-technologies.com/apply/internship-545,Demo Dataset
AI/ML Engineer Intern,Amazon India,Data Analytics,Kolkata,Remote,"Advance Amazon India's AI capabilities by developing intelligent systems and algorithms. You'll experiment with new techniques, optimize models, and solve complex AI problems.","Open to MCA, B.Tech students (2025, 2027 batches)","[""TensorFlow"", ""Statistics"", ""Machine Learning""]","[""Reinforcement Learning"", ""NLP"", ""Computer Vision""]","[""B.Sc CS"", ""B.Tech""]",3 Months,"₹12,000 / Month",https://careers.amazon-india.com/apply/internship-546,Demo Dataset
Data Science Intern,SmartAI Innovations,Data Analytics,Pune,Hybrid,"Apply statistical methods and machine learning techniques to solve business problems for SmartAI Innovations. You'll work with large datasets, build predictive models, and communicate insights to stakeholders.","Open to BCA, B.Sc CS students (2026, 2027, 2028 batches)","[""Pandas"", ""Statistics"", ""Python""]","[""R"", ""AWS"", ""TensorFlow""]","[""B.Tech"", ""BCA""]",1 Month,"₹12,000 / Month",https://careers.smartai-innovations.com/apply/internship-547,Demo Dataset
Data Analyst Intern,IBM India,Data Analytics,Remote,On-site,"Work with IBM India's data team to analyze business metrics and create actionable insights. You'll develop data visualizations, write SQL queries, and support data-driven decision-making across the organization.","Open to B.Sc CS, B.Tech, BCA students (2027, 2028 batches)","[""Python"", ""SQL"", ""Statistics""]","[""Python"", ""Tableau"", ""R""]","[""B.Sc CS"", ""B.Tech"", ""BCA""]",3 Months,"₹25,000 / Month",https://careers.ibm-india.com/apply/internship-548,Demo Dataset
Software Development Intern,ByteForce Labs,Data Analytics,Pune,On-site,"Join ByteForce Labs's development team and contribute to building scalable software solutions using modern technologies. You will work on real-world projects, collaborate with experienced engineers, and gain hands-on experience in the full software development lifecycle.","Open to B.Sc CS, BCA, B.Tech students (2026, 2027, 2028 batches)","[""Python"", ""C++"", ""Data Structures""]","[""SQL"", ""AWS"", ""Docker""]","[""B.Sc CS"", ""MCA""]",2 Months,"₹12,000 / Month",https://careers.byteforce-labs.com/apply/internship-549,Demo Dataset
Software Development Intern,Intel India,Cybersecurity,Hyderabad,On-site,"Join Intel India's development team and contribute to building scalable software solutions using modern technologies. You will work on real-world projects, collaborate with experienced engineers, and gain hands-on experience in the full software development lifecycle.","Open to BCA, B.Sc CS, B.Tech students (2025, 2028 batches)","[""C++"", ""Java"", ""Git""]","[""Linux"", ""AWS"", ""REST APIs""]","[""MCA"", ""B.Sc CS""]",6 Months,"₹12,000 / Month",https://careers.intel-india.com/apply/internship-550,Demo Dataset
Data Science Intern,Unacademy,FinTech,Delhi NCR,Remote,"Apply statistical methods and machine learning techniques to solve business problems for Unacademy. You'll work with large datasets, build predictive models, and communicate insights to stakeholders.","Open to B.Sc CS, BCA students (2025, 2026, 2028 batches)","[""Pandas"", ""Python"", ""Statistics""]","[""TensorFlow"", ""AWS"", ""R""]","[""B.Sc CS"", ""BCA"", ""MCA""]",6 Months,"₹10,000 / Month",https://careers.unacademy.com/apply/internship-551,Demo Dataset
Cloud & DevOps Intern,SmartAI Innovations,E-commerce,Kolkata,Remote,"Support SmartAI Innovations's cloud infrastructure and deployment pipelines using DevOps best practices. You'll work on containerization, CI/CD automation, and cloud platform management.","Open to MCA, B.Sc CS, B.Tech students (2025, 2026, 2027 batches)","[""Docker"", ""Linux"", ""Git""]","[""Kubernetes"", ""CI/CD"", ""Azure""]","[""BCA"", ""B.Sc CS"", ""B.Tech""]",6 Months,"₹12,000 / Month",https://careers.smartai-innovations.com/apply/internship-552,Demo Dataset
Data Science Intern,ProdigyTech Labs,EdTech,Bengaluru,Remote,"Apply statistical methods and machine learning techniques to solve business problems for ProdigyTech Labs. You'll work with large datasets, build predictive models, and communicate insights to stakeholders.","Open to B.Tech, B.Sc CS, BCA students (2025, 2028 batches)","[""Machine Learning"", ""Python"", ""Pandas""]","[""scikit-learn"", ""TensorFlow"", ""R""]","[""B.Tech"", ""B.Sc CS""]",1 Month,"₹10,000 / Month",https://careers.prodigytech-labs.com/apply/internship-553,Demo Dataset
Mobile App Developer Intern,Wipro,FinTech,Bengaluru,Remote,"Develop mobile applications for iOS or Android platforms at Wipro. You'll work on feature development, testing, and optimization to deliver high-quality mobile experiences.","Open to B.Tech, BCA students (2025, 2027 batches)","[""React Native"", ""Java"", ""Kotlin""]","[""iOS"", ""Swift"", ""SQLite""]","[""BCA"", ""MCA""]",1 Month,"₹20,000 / Month",https://careers.wipro.com/apply/internship-554,Demo Dataset
Quality Assurance Intern,Intel India,IT & Software,Hyderabad,On-site,"Ensure software quality at Intel India by designing test cases and identifying bugs before release. You'll perform manual testing, create automation scripts, and maintain quality standards.","Open to MCA, B.Sc CS, B.Tech students (2026, 2027, 2028 batches)","[""Test Cases"", ""Python"", ""SQL""]","[""Selenium"", ""Automation Testing"", ""LoadRunner""]","[""B.Tech"", ""BCA""]",1 Month,"₹18,000 / Month",https://careers.intel-india.com/apply/internship-555,Demo Dataset
Cloud & DevOps Intern,NeuroTech Solutions,Cloud Computing,Pune,Hybrid,"Support NeuroTech Solutions's cloud infrastructure and deployment pipelines using DevOps best practices. You'll work on containerization, CI/CD automation, and cloud platform management.","Open to BCA, B.Tech, MCA students (2025, 2027, 2028 batches)","[""Git"", ""Linux"", ""AWS""]","[""Azure"", ""Jenkins"", ""Kubernetes""]","[""B.Tech"", ""B.Sc CS""]",1 Month,"₹10,000 / Month",https://careers.neurotech-solutions.com/apply/internship-556,Demo Dataset
Network Engineer Intern,IBM India,Artificial Intelligence,Remote,Hybrid,"Support IBM India's network infrastructure by configuring and maintaining network systems. You'll work on network security, connectivity, and performance optimization.","Open to MCA, B.Sc CS, BCA students (2025, 2026, 2028 batches)","[""TCP/IP"", ""Linux"", ""Networking""]","[""Python"", ""Firewalls"", ""Cisco IOS""]","[""B.Sc CS"", ""BCA""]",1 Month,"₹12,000 / Month",https://careers.ibm-india.com/apply/internship-557,Demo Dataset
Data Analyst Intern,PolicyBazaar,Cloud Computing,Pune,Remote,"Work with PolicyBazaar's data team to analyze business metrics and create actionable insights. You'll develop data visualizations, write SQL queries, and support data-driven decision-making across the organization.","Open to BCA, MCA students (2025, 2026, 2027 batches)","[""Python"", ""SQL"", ""Data Visualization""]","[""Python"", ""Tableau"", ""R""]","[""B.Sc CS"", ""B.Tech"", ""BCA""]",2 Months,"₹25,000 / Month",https://careers.policybazaar.com/apply/internship-558,Demo Dataset
Quality Assurance Intern,Flipkart,E-commerce,Hyderabad,Hybrid,"Ensure software quality at Flipkart by designing test cases and identifying bugs before release. You'll perform manual testing, create automation scripts, and maintain quality standards.","Open to BCA, B.Tech students (2025, 2026, 2027 batches)","[""Python"", ""Test Cases"", ""Manual Testing""]","[""Linux"", ""Automation Testing"", ""Selenium""]","[""B.Tech"", ""BCA"", ""B.Sc CS""]",3 Months,"₹30,000 / Month",https://careers.flipkart.com/apply/internship-559,Demo Dataset
Data Analyst Intern,Amazon India,EdTech,Delhi NCR,On-site,"Work with Amazon India's data team to analyze business metrics and create actionable insights. You'll develop data visualizations, write SQL queries, and support data-driven decision-making across the organization.","Open to MCA, B.Tech students (2025, 2027 batches)","[""Data Visualization"", ""SQL"", ""Statistics""]","[""Power BI"", ""Apache Spark"", ""R""]","[""B.Sc CS"", ""BCA"", ""MCA""]",6 Months,"₹20,000 / Month",https://careers.amazon-india.com/apply/internship-560,Demo Dataset
Full Stack Developer Intern,ByteForce Labs,FinTech,Delhi NCR,Hybrid,Build complete web applications at ByteForce Labs by working on both frontend and backend technologies. You'll gain experience across the entire development stack and learn best practices in web development.,"Open to BCA, B.Sc CS students (2026, 2027, 2028 batches)","[""JavaScript"", ""Node.js"", ""Git""]","[""REST APIs"", ""Express.js"", ""Docker""]","[""MCA"", ""BCA"", ""B.Tech""]",6 Months,"₹15,000 / Month",https://careers.byteforce-labs.com/apply/internship-561,Demo Dataset
Cloud & DevOps Intern,HCL Technologies,FinTech,Mumbai,On-site,"Support HCL Technologies's cloud infrastructure and deployment pipelines using DevOps best practices. You'll work on containerization, CI/CD automation, and cloud platform management.","Open to BCA, B.Tech, B.Sc CS students (2025, 2028 batches)","[""Git"", ""Docker"", ""AWS""]","[""Azure"", ""Terraform"", ""Jenkins""]","[""MCA"", ""B.Tech""]",6 Months,"₹12,000 / Month",https://careers.hcl-technologies.com/apply/internship-562,Demo Dataset
UI/UX Design Intern,NeuroTech Solutions,Cloud Computing,Remote,Hybrid,"Create beautiful and intuitive user interfaces for NeuroTech Solutions's digital products. You'll conduct user research, create prototypes, and collaborate with developers to bring designs to life.","Open to BCA, B.Tech students (2025, 2026, 2028 batches)","[""UX Research"", ""Prototyping"", ""UI Design""]","[""Adobe XD"", ""CSS"", ""Design Systems""]","[""MCA"", ""B.Tech"", ""B.Sc CS""]",1 Month,"₹15,000 / Month",https://careers.neurotech-solutions.com/apply/internship-563,Demo Dataset
Solutions Architect Intern,HCL Technologies,EdTech,Hyderabad,Hybrid,"Design comprehensive IT solutions for HCL Technologies's clients and internal needs. You'll evaluate technologies, create architecture diagrams, and present recommendations.","Open to B.Tech, B.Sc CS students (2025, 2028 batches)","[""System Design"", ""Documentation"", ""AWS""]","[""GCP"", ""Azure"", ""Python""]","[""MCA"", ""B.Tech"", ""BCA""]",6 Months,"₹25,000 / Month",https://careers.hcl-technologies.com/apply/internship-564,Demo Dataset
Cloud & DevOps Intern,Razorpay,E-commerce,Bengaluru,Hybrid,"Support Razorpay's cloud infrastructure and deployment pipelines using DevOps best practices. You'll work on containerization, CI/CD automation, and cloud platform management.","Open to MCA, B.Sc CS, BCA students (2027, 2028 batches)","[""AWS"", ""Docker"", ""Linux""]","[""CI/CD"", ""Azure"", ""Kubernetes""]","[""B.Tech"", ""B.Sc CS"", ""MCA""]",6 Months,"₹15,000 / Month",https://careers.razorpay.com/apply/internship-565,Demo Dataset
Solutions Architect Intern,Insight Analytics,Cloud Computing,Remote,Hybrid,"Design comprehensive IT solutions for Insight Analytics's clients and internal needs. You'll evaluate technologies, create architecture diagrams, and present recommendations.","Open to BCA, MCA students (2025, 2027, 2028 batches)","[""SQL"", ""AWS"", ""Cloud Architecture""]","[""Azure"", ""GCP"", ""Python""]","[""B.Tech"", ""BCA""]",2 Months,"₹5,000 / Month",https://careers.insight-analytics.com/apply/internship-566,Demo Dataset
Data Analyst Intern,ABC Tech,Artificial Intelligence,Remote,On-site,"Work with ABC Tech's data team to analyze business metrics and create actionable insights. You'll develop data visualizations, write SQL queries, and support data-driven decision-making across the organization.","Open to BCA, MCA, B.Tech students (2026, 2027, 2028 batches)","[""Excel"", ""SQL"", ""Statistics""]","[""Power BI"", ""Python"", ""Apache Spark""]","[""BCA"", ""B.Tech""]",2 Months,"₹20,000 / Month",https://careers.abc-tech.com/apply/internship-567,Demo Dataset
Mobile App Developer Intern,Razorpay,Data Analytics,Bengaluru,Remote,"Develop mobile applications for iOS or Android platforms at Razorpay. You'll work on feature development, testing, and optimization to deliver high-quality mobile experiences.","Open to B.Tech, BCA, MCA students (2025, 2027 batches)","[""React Native"", ""Android"", ""Kotlin""]","[""REST APIs"", ""iOS"", ""Firebase""]","[""BCA"", ""B.Tech""]",3 Months,"₹30,000 / Month",https://careers.razorpay.com/apply/internship-568,Demo Dataset
Full Stack Developer Intern,ByteForce Labs,FinTech,Bengaluru,On-site,Build complete web applications at ByteForce Labs by working on both frontend and backend technologies. You'll gain experience across the entire development stack and learn best practices in web development.,"Open to MCA, B.Sc CS students (2025, 2026, 2027 batches)","[""Git"", ""JavaScript"", ""SQL""]","[""REST APIs"", ""MongoDB"", ""Express.js""]","[""B.Sc CS"", ""MCA"", ""B.Tech""]",1 Month,"₹20,000 / Month",https://careers.byteforce-labs.com/apply/internship-569,Demo Dataset
Python Developer Intern,Flipkart,Data Analytics,Delhi NCR,Remote,Write clean and efficient Python code for Flipkart's projects and applications. You'll learn Python best practices and contribute to building robust software solutions.,"Open to B.Tech, B.Sc CS students (2025, 2026 batches)","[""SQL"", ""OOP"", ""Python""]","[""Docker"", ""Flask"", ""FastAPI""]","[""B.Sc CS"", ""B.Tech""]",1 Month,"₹5,000 / Month",https://careers.flipkart.com/apply/internship-570,Demo Dataset
Machine Learning Intern,IBM India,IT & Software,Delhi NCR,On-site,Contribute to IBM India's AI initiatives by developing and training machine learning models on real datasets. You'll work alongside ML engineers to solve complex problems and implement cutting-edge algorithms.,"Open to MCA, BCA, B.Tech students (2025, 2028 batches)","[""scikit-learn"", ""Statistics"", ""TensorFlow""]","[""Deep Learning"", ""AWS"", ""Computer Vision""]","[""BCA"", ""MCA"", ""B.Tech""]",3 Months,"₹5,000 / Month",https://careers.ibm-india.com/apply/internship-571,Demo Dataset
Software Development Intern,Cisco Systems India,Cybersecurity,Kolkata,Hybrid,"Join Cisco Systems India's development team and contribute to building scalable software solutions using modern technologies. You will work on real-world projects, collaborate with experienced engineers, and gain hands-on experience in the full software development lifecycle.","Open to MCA, B.Tech students (2025, 2028 batches)","[""Data Structures"", ""Python"", ""Java""]","[""Docker"", ""REST APIs"", ""AWS""]","[""MCA"", ""BCA""]",1 Month,"₹15,000 / Month",https://careers.cisco-systems-india.com/apply/internship-572,Demo Dataset
UI/UX Design Intern,Cisco Systems India,Data Analytics,Kolkata,Remote,"Create beautiful and intuitive user interfaces for Cisco Systems India's digital products. You'll conduct user research, create prototypes, and collaborate with developers to bring designs to life.","Open to BCA, B.Tech, MCA students (2026, 2028 batches)","[""Wireframing"", ""UI Design"", ""Figma""]","[""Design Systems"", ""User Testing"", ""Adobe XD""]","[""MCA"", ""B.Sc CS"", ""BCA""]",1 Month,"₹15,000 / Month",https://careers.cisco-systems-india.com/apply/internship-573,Demo Dataset
Quality Assurance Intern,Vedantu,FinTech,Remote,Remote,"Ensure software quality at Vedantu by designing test cases and identifying bugs before release. You'll perform manual testing, create automation scripts, and maintain quality standards.","Open to B.Tech, BCA, B.Sc CS students (2025, 2026 batches)","[""Python"", ""SQL"", ""Bug Tracking""]","[""JIRA"", ""Selenium"", ""Automation Testing""]","[""MCA"", ""B.Sc CS"", ""B.Tech""]",6 Months,"₹30,000 / Month",https://careers.vedantu.com/apply/internship-574,Demo Dataset
Cloud Architect Intern,Google India,FinTech,Bengaluru,Remote,"Design scalable and secure cloud solutions for Google India's applications and infrastructure. You'll work with cloud platforms, optimize costs, and ensure high availability.","Open to B.Sc CS, B.Tech students (2025, 2027, 2028 batches)","[""Networking"", ""Linux"", ""AWS""]","[""Kubernetes"", ""Terraform"", ""Docker""]","[""B.Tech"", ""MCA"", ""B.Sc CS""]",3 Months,"₹20,000 / Month",https://careers.google-india.com/apply/internship-575,Demo Dataset
Cloud Architect Intern,IBM India,IT & Software,Remote,Remote,"Design scalable and secure cloud solutions for IBM India's applications and infrastructure. You'll work with cloud platforms, optimize costs, and ensure high availability.","Open to MCA, B.Sc CS students (2027, 2028 batches)","[""AWS"", ""Cloud Architecture"", ""Networking""]","[""Terraform"", ""Azure"", ""Kubernetes""]","[""B.Sc CS"", ""MCA"", ""BCA""]",1 Month,"₹15,000 / Month",https://careers.ibm-india.com/apply/internship-576,Demo Dataset
Mobile App Developer Intern,Paytm,Artificial Intelligence,Kolkata,Hybrid,"Develop mobile applications for iOS or Android platforms at Paytm. You'll work on feature development, testing, and optimization to deliver high-quality mobile experiences.","Open to BCA, B.Tech, B.Sc CS students (2025, 2027, 2028 batches)","[""Kotlin"", ""Java"", ""React Native""]","[""Firebase"", ""iOS"", ""Swift""]","[""B.Tech"", ""MCA""]",2 Months,"₹30,000 / Month",https://careers.paytm.com/apply/internship-577,Demo Dataset
Data Analyst Intern,CloudNine Dynamics,E-commerce,Chennai,Remote,"Work with CloudNine Dynamics's data team to analyze business metrics and create actionable insights. You'll develop data visualizations, write SQL queries, and support data-driven decision-making across the organization.","Open to MCA, B.Tech students (2025, 2027 batches)","[""Statistics"", ""SQL"", ""Data Visualization""]","[""Power BI"", ""R"", ""Python""]","[""MCA"", ""B.Tech"", ""BCA""]",3 Months,"₹18,000 / Month",https://careers.cloudnine-dynamics.com/apply/internship-578,Demo Dataset
Data Science Intern,TCS (Tata Consultancy Services),Cybersecurity,Mumbai,Remote,"Apply statistical methods and machine learning techniques to solve business problems for TCS (Tata Consultancy Services). You'll work with large datasets, build predictive models, and communicate insights to stakeholders.","Open to B.Sc CS, B.Tech students (2025, 2026, 2028 batches)","[""SQL"", ""Machine Learning"", ""Statistics""]","[""AWS"", ""scikit-learn"", ""TensorFlow""]","[""B.Tech"", ""B.Sc CS"", ""BCA""]",1 Month,"₹25,000 / Month",https://careers.tcs-tata-consultancy-services.com/apply/internship-579,Demo Dataset
Product Manager Intern,Infosys,Cybersecurity,Chennai,Hybrid,"Support Infosys's product team in developing and launching successful products. You'll conduct market research, analyze user feedback, and contribute to product strategy.","Open to B.Sc CS, MCA students (2025, 2026, 2027 batches)","[""Excel"", ""SQL"", ""Market Analysis""]","[""Roadmapping"", ""User Research"", ""A/B Testing""]","[""MCA"", ""B.Tech"", ""BCA""]",1 Month,"₹25,000 / Month",https://careers.infosys.com/apply/internship-580,Demo Dataset
UI/UX Design Intern,Oracle India,EdTech,Hyderabad,Hybrid,"Create beautiful and intuitive user interfaces for Oracle India's digital products. You'll conduct user research, create prototypes, and collaborate with developers to bring designs to life.","Open to BCA, B.Tech students (2025, 2026 batches)","[""UX Research"", ""Wireframing"", ""UI Design""]","[""Adobe XD"", ""Sketch"", ""User Testing""]","[""B.Tech"", ""MCA"", ""B.Sc CS""]",6 Months,"₹30,000 / Month",https://careers.oracle-india.com/apply/internship-581,Demo Dataset
Full Stack Developer Intern,TCS (Tata Consultancy Services),E-commerce,Delhi NCR,Remote,Build complete web applications at TCS (Tata Consultancy Services) by working on both frontend and backend technologies. You'll gain experience across the entire development stack and learn best practices in web development.,"Open to B.Tech, BCA students (2025, 2026, 2027 batches)","[""JavaScript"", ""React"", ""Git""]","[""REST APIs"", ""Docker"", ""Express.js""]","[""MCA"", ""B.Tech"", ""B.Sc CS""]",1 Month,"₹12,000 / Month",https://careers.tcs-tata-consultancy-services.com/apply/internship-582,Demo Dataset
Solutions Architect Intern,Paytm,FinTech,Pune,On-site,"Design comprehensive IT solutions for Paytm's clients and internal needs. You'll evaluate technologies, create architecture diagrams, and present recommendations.","Open to BCA, B.Sc CS students (2027, 2028 batches)","[""Documentation"", ""Cloud Architecture"", ""SQL""]","[""GCP"", ""Kubernetes"", ""Docker""]","[""MCA"", ""BCA"", ""B.Sc CS""]",3 Months,"₹15,000 / Month",https://careers.paytm.com/apply/internship-583,Demo Dataset
Solutions Architect Intern,Flipkart,Cybersecurity,Delhi NCR,On-site,"Design comprehensive IT solutions for Flipkart's clients and internal needs. You'll evaluate technologies, create architecture diagrams, and present recommendations.","Open to BCA, B.Sc CS students (2025, 2027, 2028 batches)","[""Cloud Architecture"", ""AWS"", ""SQL""]","[""Azure"", ""GCP"", ""Python""]","[""B.Sc CS"", ""B.Tech""]",3 Months,"₹10,000 / Month",https://careers.flipkart.com/apply/internship-584,Demo Dataset
Cybersecurity Analyst Intern,SmartAI Innovations,Cloud Computing,Kolkata,On-site,"Help SmartAI Innovations protect its digital assets by analyzing security threats and implementing protective measures. You'll participate in security audits, vulnerability assessments, and incident response activities.","Open to MCA, BCA, B.Sc CS students (2025, 2026 batches)","[""Encryption"", ""Network Security"", ""Linux""]","[""Wireshark"", ""AWS"", ""Penetration Testing""]","[""B.Sc CS"", ""MCA""]",2 Months,"₹25,000 / Month",https://careers.smartai-innovations.com/apply/internship-585,Demo Dataset
UI/UX Design Intern,Vedantu,FinTech,Mumbai,Remote,"Create beautiful and intuitive user interfaces for Vedantu's digital products. You'll conduct user research, create prototypes, and collaborate with developers to bring designs to life.","Open to MCA, B.Sc CS students (2026, 2027 batches)","[""UI Design"", ""Prototyping"", ""Figma""]","[""Adobe XD"", ""User Testing"", ""Sketch""]","[""B.Sc CS"", ""B.Tech"", ""BCA""]",6 Months,"₹18,000 / Month",https://careers.vedantu.com/apply/internship-586,Demo Dataset
Quality Assurance Intern,Intel India,E-commerce,Kolkata,On-site,"Ensure software quality at Intel India by designing test cases and identifying bugs before release. You'll perform manual testing, create automation scripts, and maintain quality standards.","Open to MCA, B.Tech students (2025, 2026, 2028 batches)","[""Bug Tracking"", ""Manual Testing"", ""SQL""]","[""JIRA"", ""Linux"", ""Selenium""]","[""B.Tech"", ""MCA"", ""BCA""]",1 Month,"₹30,000 / Month",https://careers.intel-india.com/apply/internship-587,Demo Dataset
Python Developer Intern,SmartAI Innovations,EdTech,Chennai,Hybrid,Write clean and efficient Python code for SmartAI Innovations's projects and applications. You'll learn Python best practices and contribute to building robust software solutions.,"Open to BCA, MCA students (2026, 2027, 2028 batches)","[""Git"", ""Data Structures"", ""OOP""]","[""Django"", ""Flask"", ""PostgreSQL""]","[""BCA"", ""B.Tech""]",1 Month,"₹18,000 / Month",https://careers.smartai-innovations.com/apply/internship-588,Demo Dataset
Database Administrator Intern,PixelCraft Studios,FinTech,Kolkata,Hybrid,"Manage and optimize PixelCraft Studios's databases to ensure performance and reliability. You'll handle backups, security, and database maintenance tasks.","Open to BCA, B.Sc CS, MCA students (2026, 2027, 2028 batches)","[""SQL"", ""PostgreSQL"", ""Database Design""]","[""Oracle"", ""Backup & Recovery"", ""AWS""]","[""BCA"", ""MCA""]",1 Month,"₹10,000 / Month",https://careers.pixelcraft-studios.com/apply/internship-589,Demo Dataset
Database Administrator Intern,Paytm,FinTech,Bengaluru,On-site,"Manage and optimize Paytm's databases to ensure performance and reliability. You'll handle backups, security, and database maintenance tasks.","Open to B.Sc CS, BCA, B.Tech students (2026, 2028 batches)","[""Linux"", ""PostgreSQL"", ""MySQL""]","[""MongoDB"", ""Backup & Recovery"", ""AWS""]","[""MCA"", ""B.Tech""]",3 Months,"₹5,000 / Month",https://careers.paytm.com/apply/internship-590,Demo Dataset
Database Administrator Intern,VectorShift AI,Artificial Intelligence,Remote,Hybrid,"Manage and optimize VectorShift AI's databases to ensure performance and reliability. You'll handle backups, security, and database maintenance tasks.","Open to B.Sc CS, B.Tech, BCA students (2025, 2027 batches)","[""Database Design"", ""MySQL"", ""Linux""]","[""Performance Tuning"", ""Backup & Recovery"", ""Oracle""]","[""B.Sc CS"", ""B.Tech""]",1 Month,"₹18,000 / Month",https://careers.vectorshift-ai.com/apply/internship-591,Demo Dataset
UI/UX Design Intern,Microsoft India,Cybersecurity,Delhi NCR,Hybrid,"Create beautiful and intuitive user interfaces for Microsoft India's digital products. You'll conduct user research, create prototypes, and collaborate with developers to bring designs to life.","Open to BCA, B.Sc CS, MCA students (2026, 2028 batches)","[""UI Design"", ""UX Research"", ""Wireframing""]","[""Design Systems"", ""CSS"", ""Adobe XD""]","[""BCA"", ""B.Sc CS""]",2 Months,"₹20,000 / Month",https://careers.microsoft-india.com/apply/internship-592,Demo Dataset
Network Engineer Intern,PolicyBazaar,FinTech,Delhi NCR,Hybrid,"Support PolicyBazaar's network infrastructure by configuring and maintaining network systems. You'll work on network security, connectivity, and performance optimization.","Open to BCA, MCA students (2025, 2026, 2028 batches)","[""Linux"", ""Networking"", ""Routing""]","[""VPN"", ""Python"", ""Firewalls""]","[""B.Sc CS"", ""MCA""]",3 Months,"₹12,000 / Month",https://careers.policybazaar.com/apply/internship-593,Demo Dataset
Software Development Intern,InnovateTech,FinTech,Hyderabad,Hybrid,"Join InnovateTech's development team and contribute to building scalable software solutions using modern technologies. You will work on real-world projects, collaborate with experienced engineers, and gain hands-on experience in the full software development lifecycle.","Open to B.Tech, MCA students (2025, 2027 batches)","[""Java"", ""Python"", ""C++""]","[""Linux"", ""Docker"", ""AWS""]","[""B.Sc CS"", ""BCA""]",2 Months,"₹12,000 / Month",https://careers.innovatetech.com/apply/internship-594,Demo Dataset
AI/ML Engineer Intern,Swiggy,FinTech,Pune,On-site,"Advance Swiggy's AI capabilities by developing intelligent systems and algorithms. You'll experiment with new techniques, optimize models, and solve complex AI problems.","Open to B.Sc CS, B.Tech students (2026, 2027, 2028 batches)","[""Python"", ""TensorFlow"", ""Statistics""]","[""Computer Vision"", ""Reinforcement Learning"", ""AWS""]","[""BCA"", ""B.Tech"", ""B.Sc CS""]",2 Months,"₹18,000 / Month",https://careers.swiggy.com/apply/internship-595,Demo Dataset
UI/UX Design Intern,ProdigyTech Labs,Data Analytics,Pune,On-site,"Create beautiful and intuitive user interfaces for ProdigyTech Labs's digital products. You'll conduct user research, create prototypes, and collaborate with developers to bring designs to life.","Open to B.Tech, MCA students (2025, 2027, 2028 batches)","[""Figma"", ""Wireframing"", ""UX Research""]","[""CSS"", ""User Testing"", ""Adobe XD""]","[""BCA"", ""B.Tech""]",6 Months,"₹20,000 / Month",https://careers.prodigytech-labs.com/apply/internship-596,Demo Dataset
Full Stack Developer Intern,DataDrive Solutions,Artificial Intelligence,Mumbai,Hybrid,Build complete web applications at DataDrive Solutions by working on both frontend and backend technologies. You'll gain experience across the entire development stack and learn best practices in web development.,"Open to B.Sc CS, B.Tech, MCA students (2026, 2027, 2028 batches)","[""React"", ""SQL"", ""Node.js""]","[""REST APIs"", ""Express.js"", ""AWS""]","[""B.Sc CS"", ""BCA"", ""B.Tech""]",6 Months,"₹20,000 / Month",https://careers.datadrive-solutions.com/apply/internship-597,Demo Dataset
Mobile App Developer Intern,TechVision Labs,Cloud Computing,Hyderabad,Remote,"Develop mobile applications for iOS or Android platforms at TechVision Labs. You'll work on feature development, testing, and optimization to deliver high-quality mobile experiences.","Open to BCA, B.Sc CS students (2025, 2027 batches)","[""Java"", ""Android"", ""Git""]","[""Swift"", ""iOS"", ""REST APIs""]","[""B.Sc CS"", ""MCA"", ""B.Tech""]",6 Months,"₹20,000 / Month",https://careers.techvision-labs.com/apply/internship-598,Demo Dataset
Full Stack Developer Intern,DeepMind India,Artificial Intelligence,Remote,Remote,Build complete web applications at DeepMind India by working on both frontend and backend technologies. You'll gain experience across the entire development stack and learn best practices in web development.,"Open to MCA, BCA, B.Sc CS students (2025, 2026 batches)","[""SQL"", ""Node.js"", ""Git""]","[""AWS"", ""Docker"", ""MongoDB""]","[""B.Tech"", ""BCA""]",3 Months,"₹20,000 / Month",https://careers.deepmind-india.com/apply/internship-599,Demo Dataset
Data Analyst Intern,Cisco Systems India,E-commerce,Hyderabad,Remote,"Work with Cisco Systems India's data team to analyze business metrics and create actionable insights. You'll develop data visualizations, write SQL queries, and support data-driven decision-making across the organization.","Open to B.Sc CS, BCA students (2025, 2027 batches)","[""Statistics"", ""SQL"", ""Data Visualization""]","[""Python"", ""Apache Spark"", ""R""]","[""B.Tech"", ""MCA"", ""B.Sc CS""]",1 Month,"₹10,000 / Month",https://careers.cisco-systems-india.com/apply/internship-600,Demo Dataset
Network Engineer Intern,Vedantu,EdTech,Hyderabad,Remote,"Support Vedantu's network infrastructure by configuring and maintaining network systems. You'll work on network security, connectivity, and performance optimization.","Open to B.Sc CS, MCA students (2025, 2026, 2028 batches)","[""Routing"", ""TCP/IP"", ""Networking""]","[""VPN"", ""Network Security"", ""Cisco IOS""]","[""B.Sc CS"", ""B.Tech"", ""BCA""]",1 Month,"₹10,000 / Month",https://careers.vedantu.com/apply/internship-601,Demo Dataset
Mobile App Developer Intern,Paytm,Artificial Intelligence,Pune,On-site,"Develop mobile applications for iOS or Android platforms at Paytm. You'll work on feature development, testing, and optimization to deliver high-quality mobile experiences.","Open to B.Sc CS, B.Tech students (2027, 2028 batches)","[""Kotlin"", ""Git"", ""Java""]","[""Firebase"", ""iOS"", ""REST APIs""]","[""MCA"", ""B.Tech""]",3 Months,"₹25,000 / Month",https://careers.paytm.com/apply/internship-602,Demo Dataset
Cloud & DevOps Intern,Oracle India,Cybersecurity,Remote,Remote,"Support Oracle India's cloud infrastructure and deployment pipelines using DevOps best practices. You'll work on containerization, CI/CD automation, and cloud platform management.","Open to MCA, B.Tech students (2025, 2026, 2027 batches)","[""Docker"", ""Git"", ""AWS""]","[""Azure"", ""Terraform"", ""Kubernetes""]","[""B.Sc CS"", ""B.Tech"", ""BCA""]",3 Months,"₹20,000 / Month",https://careers.oracle-india.com/apply/internship-603,Demo Dataset
Software Development Intern,NeuroByte AI,E-commerce,Chennai,Hybrid,"Join NeuroByte AI's development team and contribute to building scalable software solutions using modern technologies. You will work on real-world projects, collaborate with experienced engineers, and gain hands-on experience in the full software development lifecycle.","Open to MCA, B.Tech students (2026, 2027, 2028 batches)","[""Data Structures"", ""C++"", ""Git""]","[""SQL"", ""REST APIs"", ""AWS""]","[""B.Sc CS"", ""MCA"", ""BCA""]",6 Months,"₹5,000 / Month",https://careers.neurobyte-ai.com/apply/internship-604,Demo Dataset
Cloud Architect Intern,Paytm,Artificial Intelligence,Hyderabad,Hybrid,"Design scalable and secure cloud solutions for Paytm's applications and infrastructure. You'll work with cloud platforms, optimize costs, and ensure high availability.","Open to B.Tech, B.Sc CS, MCA students (2025, 2026, 2027 batches)","[""Linux"", ""AWS"", ""Cloud Architecture""]","[""Kubernetes"", ""Azure"", ""Terraform""]","[""BCA"", ""B.Tech""]",1 Month,"₹10,000 / Month",https://careers.paytm.com/apply/internship-605,Demo Dataset
Network Engineer Intern,ByteForce Labs,FinTech,Delhi NCR,On-site,"Support ByteForce Labs's network infrastructure by configuring and maintaining network systems. You'll work on network security, connectivity, and performance optimization.","Open to B.Sc CS, B.Tech, MCA students (2025, 2026, 2027 batches)","[""Routing"", ""Switching"", ""Linux""]","[""Network Security"", ""Cisco IOS"", ""Python""]","[""BCA"", ""MCA""]",2 Months,"₹12,000 / Month",https://careers.byteforce-labs.com/apply/internship-606,Demo Dataset
Full Stack Developer Intern,Oracle India,Cybersecurity,Delhi NCR,Remote,Build complete web applications at Oracle India by working on both frontend and backend technologies. You'll gain experience across the entire development stack and learn best practices in web development.,"Open to BCA, B.Sc CS students (2026, 2027, 2028 batches)","[""Git"", ""SQL"", ""JavaScript""]","[""REST APIs"", ""Express.js"", ""AWS""]","[""MCA"", ""B.Sc CS"", ""BCA""]",2 Months,"₹20,000 / Month",https://careers.oracle-india.com/apply/internship-607,Demo Dataset
Cloud & DevOps Intern,Paytm,FinTech,Delhi NCR,Remote,"Support Paytm's cloud infrastructure and deployment pipelines using DevOps best practices. You'll work on containerization, CI/CD automation, and cloud platform management.","Open to BCA, B.Sc CS students (2025, 2026, 2028 batches)","[""Linux"", ""Docker"", ""Python""]","[""CI/CD"", ""Azure"", ""Jenkins""]","[""MCA"", ""B.Tech""]",6 Months,"₹10,000 / Month",https://careers.paytm.com/apply/internship-608,Demo Dataset
Solutions Architect Intern,HCL Technologies,Cloud Computing,Remote,Remote,"Design comprehensive IT solutions for HCL Technologies's clients and internal needs. You'll evaluate technologies, create architecture diagrams, and present recommendations.","Open to BCA, B.Tech, MCA students (2025, 2027 batches)","[""Cloud Architecture"", ""AWS"", ""System Design""]","[""Docker"", ""Python"", ""Kubernetes""]","[""BCA"", ""MCA"", ""B.Tech""]",1 Month,"₹5,000 / Month",https://careers.hcl-technologies.com/apply/internship-609,Demo Dataset
Business Analyst Intern,Amazon India,Artificial Intelligence,Delhi NCR,On-site,"Work with Amazon India's stakeholders to gather requirements and improve business processes. You'll create documentation, analyze workflows, and support project implementation.","Open to B.Sc CS, BCA students (2025, 2028 batches)","[""Business Analysis"", ""SQL"", ""Excel""]","[""Process Mapping"", ""JIRA"", ""Python""]","[""MCA"", ""BCA""]",3 Months,"₹30,000 / Month",https://careers.amazon-india.com/apply/internship-610,Demo Dataset
Data Science Intern,CodeWave Analytics,Cloud Computing,Hyderabad,Hybrid,"Apply statistical methods and machine learning techniques to solve business problems for CodeWave Analytics. You'll work with large datasets, build predictive models, and communicate insights to stakeholders.","Open to BCA, B.Tech students (2025, 2026, 2028 batches)","[""Pandas"", ""Python"", ""SQL""]","[""R"", ""scikit-learn"", ""Tableau""]","[""B.Tech"", ""BCA""]",2 Months,"₹15,000 / Month",https://careers.codewave-analytics.com/apply/internship-611,Demo Dataset
Cloud Architect Intern,CodeWave Analytics,IT & Software,Pune,Remote,"Design scalable and secure cloud solutions for CodeWave Analytics's applications and infrastructure. You'll work with cloud platforms, optimize costs, and ensure high availability.","Open to B.Sc CS, MCA students (2026, 2027, 2028 batches)","[""System Design"", ""Networking"", ""AWS""]","[""Azure"", ""GCP"", ""Terraform""]","[""MCA"", ""B.Tech""]",6 Months,"₹5,000 / Month",https://careers.codewave-analytics.com/apply/internship-612,Demo Dataset
Cybersecurity Analyst Intern,Flipkart,EdTech,Delhi NCR,On-site,"Help Flipkart protect its digital assets by analyzing security threats and implementing protective measures. You'll participate in security audits, vulnerability assessments, and incident response activities.","Open to MCA, B.Tech, BCA students (2026, 2027, 2028 batches)","[""Python"", ""Encryption"", ""Linux""]","[""Metasploit"", ""Wireshark"", ""SIEM""]","[""BCA"", ""MCA"", ""B.Tech""]",2 Months,"₹10,000 / Month",https://careers.flipkart.com/apply/internship-613,Demo Dataset
Cloud Architect Intern,ByteForce Labs,Cloud Computing,Mumbai,On-site,"Design scalable and secure cloud solutions for ByteForce Labs's applications and infrastructure. You'll work with cloud platforms, optimize costs, and ensure high availability.","Open to BCA, B.Tech students (2025, 2026 batches)","[""System Design"", ""Networking"", ""AWS""]","[""GCP"", ""Terraform"", ""Kubernetes""]","[""B.Tech"", ""MCA""]",3 Months,"₹18,000 / Month",https://careers.byteforce-labs.com/apply/internship-614,Demo Dataset
Cloud Architect Intern,Razorpay,IT & Software,Remote,Remote,"Design scalable and secure cloud solutions for Razorpay's applications and infrastructure. You'll work with cloud platforms, optimize costs, and ensure high availability.","Open to B.Sc CS, BCA students (2025, 2026, 2027 batches)","[""Linux"", ""AWS"", ""Networking""]","[""Docker"", ""GCP"", ""Kubernetes""]","[""BCA"", ""B.Tech"", ""B.Sc CS""]",1 Month,"₹15,000 / Month",https://careers.razorpay.com/apply/internship-615,Demo Dataset
Quality Assurance Intern,Paytm,EdTech,Pune,Hybrid,"Ensure software quality at Paytm by designing test cases and identifying bugs before release. You'll perform manual testing, create automation scripts, and maintain quality standards.","Open to MCA, BCA students (2026, 2027, 2028 batches)","[""Test Cases"", ""SQL"", ""Python""]","[""LoadRunner"", ""Linux"", ""JIRA""]","[""B.Tech"", ""B.Sc CS"", ""MCA""]",2 Months,"₹25,000 / Month",https://careers.paytm.com/apply/internship-616,Demo Dataset
Data Analyst Intern,Oracle India,Artificial Intelligence,Hyderabad,On-site,"Work with Oracle India's data team to analyze business metrics and create actionable insights. You'll develop data visualizations, write SQL queries, and support data-driven decision-making across the organization.","Open to MCA, B.Sc CS, BCA students (2025, 2027, 2028 batches)","[""Python"", ""SQL"", ""Statistics""]","[""R"", ""Tableau"", ""Apache Spark""]","[""BCA"", ""MCA"", ""B.Tech""]",2 Months,"₹30,000 / Month",https://careers.oracle-india.com/apply/internship-617,Demo Dataset
AI/ML Engineer Intern,ProdigyTech Labs,Artificial Intelligence,Remote,Remote,"Advance ProdigyTech Labs's AI capabilities by developing intelligent systems and algorithms. You'll experiment with new techniques, optimize models, and solve complex AI problems.","Open to MCA, B.Tech, B.Sc CS students (2025, 2027 batches)","[""Deep Learning"", ""Machine Learning"", ""TensorFlow""]","[""Reinforcement Learning"", ""PyTorch"", ""NLP""]","[""BCA"", ""B.Tech"", ""MCA""]",2 Months,"₹5,000 / Month",https://careers.prodigytech-labs.com/apply/internship-618,Demo Dataset
Backend Developer Intern,Oracle India,Artificial Intelligence,Bengaluru,On-site,"Design and develop server-side logic and APIs for Oracle India's applications. You'll work with databases, optimize performance, and ensure scalability of backend systems.","Open to MCA, B.Sc CS students (2026, 2028 batches)","[""REST APIs"", ""Java"", ""Git""]","[""Node.js"", ""Docker"", ""PostgreSQL""]","[""B.Tech"", ""BCA"", ""MCA""]",3 Months,"₹18,000 / Month",https://careers.oracle-india.com/apply/internship-619,Demo Dataset
Mobile App Developer Intern,QuantumLeap AI,Artificial Intelligence,Delhi NCR,Hybrid,"Develop mobile applications for iOS or Android platforms at QuantumLeap AI. You'll work on feature development, testing, and optimization to deliver high-quality mobile experiences.","Open to BCA, B.Tech students (2027, 2028 batches)","[""Kotlin"", ""Git"", ""Android""]","[""SQLite"", ""Firebase"", ""REST APIs""]","[""B.Tech"", ""B.Sc CS""]",1 Month,"₹5,000 / Month",https://careers.quantumleap-ai.com/apply/internship-620,Demo Dataset
Product Manager Intern,QuantumLeap AI,E-commerce,Hyderabad,On-site,"Support QuantumLeap AI's product team in developing and launching successful products. You'll conduct market research, analyze user feedback, and contribute to product strategy.","Open to BCA, B.Tech, MCA students (2026, 2028 batches)","[""SQL"", ""Communication"", ""Market Analysis""]","[""User Research"", ""A/B Testing"", ""Roadmapping""]","[""BCA"", ""B.Sc CS"", ""B.Tech""]",2 Months,"₹20,000 / Month",https://careers.quantumleap-ai.com/apply/internship-621,Demo Dataset
Data Analyst Intern,Swiggy,E-commerce,Bengaluru,On-site,"Work with Swiggy's data team to analyze business metrics and create actionable insights. You'll develop data visualizations, write SQL queries, and support data-driven decision-making across the organization.","Open to B.Sc CS, B.Tech, MCA students (2027, 2028 batches)","[""Python"", ""Statistics"", ""Data Visualization""]","[""Python"", ""Tableau"", ""Apache Spark""]","[""MCA"", ""BCA""]",3 Months,"₹15,000 / Month",https://careers.swiggy.com/apply/internship-622,Demo Dataset
Cloud & DevOps Intern,DeepMind India,Data Analytics,Mumbai,On-site,"Support DeepMind India's cloud infrastructure and deployment pipelines using DevOps best practices. You'll work on containerization, CI/CD automation, and cloud platform management.","Open to B.Sc CS, BCA students (2025, 2026 batches)","[""Git"", ""Linux"", ""AWS""]","[""Kubernetes"", ""Terraform"", ""CI/CD""]","[""MCA"", ""BCA"", ""B.Tech""]",3 Months,"₹20,000 / Month",https://careers.deepmind-india.com/apply/internship-623,Demo Dataset
Business Analyst Intern,NeuroByte AI,Data Analytics,Chennai,Remote,"Work with NeuroByte AI's stakeholders to gather requirements and improve business processes. You'll create documentation, analyze workflows, and support project implementation.","Open to BCA, B.Sc CS students (2026, 2028 batches)","[""Excel"", ""Communication"", ""Documentation""]","[""JIRA"", ""Tableau"", ""Process Mapping""]","[""B.Sc CS"", ""MCA""]",3 Months,"₹15,000 / Month",https://careers.neurobyte-ai.com/apply/internship-624,Demo Dataset
Machine Learning Intern,DataDrive Solutions,E-commerce,Hyderabad,Hybrid,Contribute to DataDrive Solutions's AI initiatives by developing and training machine learning models on real datasets. You'll work alongside ML engineers to solve complex problems and implement cutting-edge algorithms.,"Open to MCA, B.Sc CS, B.Tech students (2025, 2027, 2028 batches)","[""Python"", ""TensorFlow"", ""scikit-learn""]","[""Computer Vision"", ""AWS"", ""PyTorch""]","[""MCA"", ""B.Sc CS""]",3 Months,"₹18,000 / Month",https://careers.datadrive-solutions.com/apply/internship-625,Demo Dataset
Machine Learning Intern,Unacademy,E-commerce,Remote,Remote,Contribute to Unacademy's AI initiatives by developing and training machine learning models on real datasets. You'll work alongside ML engineers to solve complex problems and implement cutting-edge algorithms.,"Open to BCA, MCA, B.Tech students (2025, 2026 batches)","[""scikit-learn"", ""Machine Learning"", ""TensorFlow""]","[""Computer Vision"", ""AWS"", ""PyTorch""]","[""BCA"", ""MCA""]",6 Months,"₹10,000 / Month",https://careers.unacademy.com/apply/internship-626,Demo Dataset
Data Science Intern,Razorpay,IT & Software,Kolkata,Remote,"Apply statistical methods and machine learning techniques to solve business problems for Razorpay. You'll work with large datasets, build predictive models, and communicate insights to stakeholders.","Open to B.Sc CS, B.Tech, BCA students (2025, 2028 batches)","[""Python"", ""SQL"", ""Pandas""]","[""Tableau"", ""TensorFlow"", ""AWS""]","[""B.Tech"", ""BCA"", ""MCA""]",6 Months,"₹5,000 / Month",https://careers.razorpay.com/apply/internship-627,Demo Dataset
UI/UX Design Intern,Microsoft India,Data Analytics,Bengaluru,On-site,"Create beautiful and intuitive user interfaces for Microsoft India's digital products. You'll conduct user research, create prototypes, and collaborate with developers to bring designs to life.","Open to B.Sc CS, MCA, BCA students (2026, 2027 batches)","[""UI Design"", ""Wireframing"", ""UX Research""]","[""Sketch"", ""CSS"", ""User Testing""]","[""MCA"", ""B.Sc CS""]",1 Month,"₹5,000 / Month",https://careers.microsoft-india.com/apply/internship-628,Demo Dataset
Full Stack Developer Intern,Cognizant,Cloud Computing,Kolkata,Hybrid,Build complete web applications at Cognizant by working on both frontend and backend technologies. You'll gain experience across the entire development stack and learn best practices in web development.,"Open to BCA, B.Tech students (2025, 2026, 2027 batches)","[""SQL"", ""Git"", ""React""]","[""MongoDB"", ""Docker"", ""AWS""]","[""B.Tech"", ""B.Sc CS""]",1 Month,"₹15,000 / Month",https://careers.cognizant.com/apply/internship-629,Demo Dataset
AI/ML Engineer Intern,TechVision Labs,EdTech,Kolkata,On-site,"Advance TechVision Labs's AI capabilities by developing intelligent systems and algorithms. You'll experiment with new techniques, optimize models, and solve complex AI problems.","Open to BCA, B.Tech students (2025, 2026, 2028 batches)","[""Machine Learning"", ""Python"", ""Statistics""]","[""NLP"", ""Computer Vision"", ""Reinforcement Learning""]","[""MCA"", ""BCA""]",2 Months,"₹15,000 / Month",https://careers.techvision-labs.com/apply/internship-630,Demo Dataset
Network Engineer Intern,Wipro,EdTech,Chennai,Hybrid,"Support Wipro's network infrastructure by configuring and maintaining network systems. You'll work on network security, connectivity, and performance optimization.","Open to MCA, BCA students (2025, 2027 batches)","[""TCP/IP"", ""Networking"", ""Switching""]","[""Network Security"", ""Cisco IOS"", ""VPN""]","[""BCA"", ""MCA""]",2 Months,"₹25,000 / Month",https://careers.wipro.com/apply/internship-631,Demo Dataset
AI/ML Engineer Intern,SmartAI Innovations,Cybersecurity,Kolkata,Remote,"Advance SmartAI Innovations's AI capabilities by developing intelligent systems and algorithms. You'll experiment with new techniques, optimize models, and solve complex AI problems.","Open to B.Tech, MCA students (2026, 2027, 2028 batches)","[""TensorFlow"", ""Statistics"", ""Deep Learning""]","[""PyTorch"", ""Computer Vision"", ""AWS""]","[""B.Tech"", ""BCA""]",6 Months,"₹10,000 / Month",https://careers.smartai-innovations.com/apply/internship-632,Demo Dataset
Cloud & DevOps Intern,PixelCraft Studios,FinTech,Remote,Hybrid,"Support PixelCraft Studios's cloud infrastructure and deployment pipelines using DevOps best practices. You'll work on containerization, CI/CD automation, and cloud platform management.","Open to BCA, B.Tech, B.Sc CS students (2025, 2027, 2028 batches)","[""AWS"", ""Linux"", ""Python""]","[""Azure"", ""Kubernetes"", ""CI/CD""]","[""MCA"", ""BCA""]",3 Months,"₹15,000 / Month",https://careers.pixelcraft-studios.com/apply/internship-633,Demo Dataset
Database Administrator Intern,Swiggy,E-commerce,Mumbai,Hybrid,"Manage and optimize Swiggy's databases to ensure performance and reliability. You'll handle backups, security, and database maintenance tasks.","Open to B.Sc CS, BCA, MCA students (2025, 2026, 2028 batches)","[""SQL"", ""Database Design"", ""Linux""]","[""AWS"", ""Backup & Recovery"", ""MongoDB""]","[""B.Tech"", ""MCA"", ""B.Sc CS""]",3 Months,"₹10,000 / Month",https://careers.swiggy.com/apply/internship-634,Demo Dataset
Software Development Intern,Unacademy,Artificial Intelligence,Remote,Hybrid,"Join Unacademy's development team and contribute to building scalable software solutions using modern technologies. You will work on real-world projects, collaborate with experienced engineers, and gain hands-on experience in the full software development lifecycle.","Open to BCA, MCA students (2026, 2028 batches)","[""Java"", ""Python"", ""C++""]","[""Linux"", ""REST APIs"", ""SQL""]","[""BCA"", ""MCA"", ""B.Tech""]",1 Month,"₹30,000 / Month",https://careers.unacademy.com/apply/internship-635,Demo Dataset
Data Analyst Intern,Google India,FinTech,Bengaluru,Remote,"Work with Google India's data team to analyze business metrics and create actionable insights. You'll develop data visualizations, write SQL queries, and support data-driven decision-making across the organization.","Open to B.Sc CS, MCA students (2026, 2027 batches)","[""Python"", ""Statistics"", ""Excel""]","[""Tableau"", ""Python"", ""R""]","[""BCA"", ""MCA""]",6 Months,"₹5,000 / Month",https://careers.google-india.com/apply/internship-636,Demo Dataset
Quality Assurance Intern,CodeWave Analytics,Cloud Computing,Delhi NCR,Hybrid,"Ensure software quality at CodeWave Analytics by designing test cases and identifying bugs before release. You'll perform manual testing, create automation scripts, and maintain quality standards.","Open to B.Tech, B.Sc CS, MCA students (2025, 2027, 2028 batches)","[""Python"", ""Bug Tracking"", ""Test Cases""]","[""Automation Testing"", ""Selenium"", ""Linux""]","[""B.Sc CS"", ""BCA"", ""B.Tech""]",3 Months,"₹20,000 / Month",https://careers.codewave-analytics.com/apply/internship-637,Demo Dataset
UI/UX Design Intern,QuantumLeap AI,E-commerce,Bengaluru,On-site,"Create beautiful and intuitive user interfaces for QuantumLeap AI's digital products. You'll conduct user research, create prototypes, and collaborate with developers to bring designs to life.","Open to B.Tech, B.Sc CS, BCA students (2026, 2027, 2028 batches)","[""Wireframing"", ""UI Design"", ""Prototyping""]","[""Design Systems"", ""CSS"", ""User Testing""]","[""MCA"", ""BCA"", ""B.Sc CS""]",3 Months,"₹10,000 / Month",https://careers.quantumleap-ai.com/apply/internship-638,Demo Dataset
Business Analyst Intern,TCS (Tata Consultancy Services),Cloud Computing,Kolkata,On-site,"Work with TCS (Tata Consultancy Services)'s stakeholders to gather requirements and improve business processes. You'll create documentation, analyze workflows, and support project implementation.","Open to B.Sc CS, B.Tech, BCA students (2025, 2026 batches)","[""Documentation"", ""Excel"", ""SQL""]","[""JIRA"", ""Python"", ""Process Mapping""]","[""B.Sc CS"", ""BCA""]",6 Months,"₹25,000 / Month",https://careers.tcs-tata-consultancy-services.com/apply/internship-639,Demo Dataset
Database Administrator Intern,Accenture India,IT & Software,Chennai,Remote,"Manage and optimize Accenture India's databases to ensure performance and reliability. You'll handle backups, security, and database maintenance tasks.","Open to B.Tech, MCA, B.Sc CS students (2027, 2028 batches)","[""SQL"", ""Linux"", ""PostgreSQL""]","[""Oracle"", ""Backup & Recovery"", ""Performance Tuning""]","[""MCA"", ""BCA""]",2 Months,"₹30,000 / Month",https://careers.accenture-india.com/apply/internship-640,Demo Dataset
Full Stack Developer Intern,Intel India,Artificial Intelligence,Mumbai,On-site,Build complete web applications at Intel India by working on both frontend and backend technologies. You'll gain experience across the entire development stack and learn best practices in web development.,"Open to B.Tech, BCA, MCA students (2026, 2028 batches)","[""Git"", ""JavaScript"", ""SQL""]","[""AWS"", ""MongoDB"", ""Docker""]","[""B.Sc CS"", ""B.Tech""]",3 Months,"₹20,000 / Month",https://careers.intel-india.com/apply/internship-641,Demo Dataset
Software Development Intern,Flipkart,E-commerce,Delhi NCR,Hybrid,"Join Flipkart's development team and contribute to building scalable software solutions using modern technologies. You will work on real-world projects, collaborate with experienced engineers, and gain hands-on experience in the full software development lifecycle.","Open to B.Tech, B.Sc CS students (2025, 2026, 2028 batches)","[""Git"", ""Java"", ""C++""]","[""Linux"", ""REST APIs"", ""Docker""]","[""B.Tech"", ""B.Sc CS""]",2 Months,"₹10,000 / Month",https://careers.flipkart.com/apply/internship-642,Demo Dataset
Network Engineer Intern,PolicyBazaar,Artificial Intelligence,Bengaluru,On-site,"Support PolicyBazaar's network infrastructure by configuring and maintaining network systems. You'll work on network security, connectivity, and performance optimization.","Open to BCA, B.Sc CS, B.Tech students (2027, 2028 batches)","[""Switching"", ""TCP/IP"", ""Linux""]","[""Cisco IOS"", ""Python"", ""Firewalls""]","[""MCA"", ""B.Sc CS"", ""BCA""]",3 Months,"₹25,000 / Month",https://careers.policybazaar.com/apply/internship-643,Demo Dataset
Quality Assurance Intern,SecureNet India,IT & Software,Delhi NCR,Remote,"Ensure software quality at SecureNet India by designing test cases and identifying bugs before release. You'll perform manual testing, create automation scripts, and maintain quality standards.","Open to B.Tech, MCA, BCA students (2025, 2027 batches)","[""Bug Tracking"", ""Python"", ""Test Cases""]","[""Selenium"", ""JIRA"", ""Linux""]","[""BCA"", ""B.Tech"", ""MCA""]",2 Months,"₹18,000 / Month",https://careers.securenet-india.com/apply/internship-644,Demo Dataset
Solutions Architect Intern,Tech Mahindra,E-commerce,Delhi NCR,Hybrid,"Design comprehensive IT solutions for Tech Mahindra's clients and internal needs. You'll evaluate technologies, create architecture diagrams, and present recommendations.","Open to BCA, B.Tech students (2025, 2026 batches)","[""Documentation"", ""System Design"", ""Cloud Architecture""]","[""Azure"", ""Docker"", ""Python""]","[""BCA"", ""B.Tech"", ""MCA""]",3 Months,"₹12,000 / Month",https://careers.tech-mahindra.com/apply/internship-645,Demo Dataset
Solutions Architect Intern,Amazon India,Data Analytics,Kolkata,On-site,"Design comprehensive IT solutions for Amazon India's clients and internal needs. You'll evaluate technologies, create architecture diagrams, and present recommendations.","Open to MCA, B.Tech, B.Sc CS students (2025, 2026, 2027 batches)","[""Documentation"", ""AWS"", ""SQL""]","[""Python"", ""Docker"", ""GCP""]","[""B.Tech"", ""MCA""]",6 Months,"₹30,000 / Month",https://careers.amazon-india.com/apply/internship-646,Demo Dataset
AI/ML Engineer Intern,NeuroByte AI,FinTech,Bengaluru,Remote,"Advance NeuroByte AI's AI capabilities by developing intelligent systems and algorithms. You'll experiment with new techniques, optimize models, and solve complex AI problems.","Open to BCA, B.Tech students (2027, 2028 batches)","[""Statistics"", ""Deep Learning"", ""Machine Learning""]","[""AWS"", ""NLP"", ""PyTorch""]","[""B.Tech"", ""MCA"", ""BCA""]",6 Months,"₹30,000 / Month",https://careers.neurobyte-ai.com/apply/internship-647,Demo Dataset
Cloud Architect Intern,SmartAI Innovations,Data Analytics,Mumbai,Remote,"Design scalable and secure cloud solutions for SmartAI Innovations's applications and infrastructure. You'll work with cloud platforms, optimize costs, and ensure high availability.","Open to BCA, B.Sc CS students (2026, 2028 batches)","[""Linux"", ""System Design"", ""AWS""]","[""Kubernetes"", ""Terraform"", ""Azure""]","[""BCA"", ""MCA""]",6 Months,"₹10,000 / Month",https://careers.smartai-innovations.com/apply/internship-648,Demo Dataset
Solutions Architect Intern,Amazon India,IT & Software,Pune,Remote,"Design comprehensive IT solutions for Amazon India's clients and internal needs. You'll evaluate technologies, create architecture diagrams, and present recommendations.","Open to BCA, MCA, B.Sc CS students (2026, 2027, 2028 batches)","[""System Design"", ""Documentation"", ""AWS""]","[""GCP"", ""Python"", ""Docker""]","[""B.Sc CS"", ""BCA"", ""B.Tech""]",3 Months,"₹5,000 / Month",https://careers.amazon-india.com/apply/internship-649,Demo Dataset
Quality Assurance Intern,Ola Electric,Artificial Intelligence,Kolkata,Hybrid,"Ensure software quality at Ola Electric by designing test cases and identifying bugs before release. You'll perform manual testing, create automation scripts, and maintain quality standards.","Open to B.Sc CS, B.Tech students (2025, 2027, 2028 batches)","[""Test Cases"", ""Python"", ""SQL""]","[""LoadRunner"", ""JIRA"", ""Automation Testing""]","[""BCA"", ""B.Tech"", ""MCA""]",2 Months,"₹30,000 / Month",https://careers.ola-electric.com/apply/internship-650,Demo Dataset
Cloud Architect Intern,TCS (Tata Consultancy Services),Cybersecurity,Delhi NCR,Remote,"Design scalable and secure cloud solutions for TCS (Tata Consultancy Services)'s applications and infrastructure. You'll work with cloud platforms, optimize costs, and ensure high availability.","Open to B.Sc CS, BCA, MCA students (2025, 2026, 2028 batches)","[""Cloud Architecture"", ""Linux"", ""Networking""]","[""Kubernetes"", ""Docker"", ""Azure""]","[""B.Tech"", ""B.Sc CS""]",3 Months,"₹15,000 / Month",https://careers.tcs-tata-consultancy-services.com/apply/internship-651,Demo Dataset
Product Manager Intern,Insight Analytics,IT & Software,Chennai,Remote,"Support Insight Analytics's product team in developing and launching successful products. You'll conduct market research, analyze user feedback, and contribute to product strategy.","Open to B.Sc CS, BCA students (2026, 2027, 2028 batches)","[""Communication"", ""Product Strategy"", ""Excel""]","[""Python"", ""User Research"", ""Roadmapping""]","[""B.Tech"", ""MCA""]",2 Months,"₹30,000 / Month",https://careers.insight-analytics.com/apply/internship-652,Demo Dataset
Data Analyst Intern,SmartAI Innovations,EdTech,Mumbai,Remote,"Work with SmartAI Innovations's data team to analyze business metrics and create actionable insights. You'll develop data visualizations, write SQL queries, and support data-driven decision-making across the organization.","Open to B.Tech, B.Sc CS students (2025, 2026 batches)","[""Python"", ""Statistics"", ""Data Visualization""]","[""Python"", ""R"", ""Apache Spark""]","[""B.Sc CS"", ""B.Tech"", ""BCA""]",3 Months,"₹10,000 / Month",https://careers.smartai-innovations.com/apply/internship-653,Demo Dataset
Cloud & DevOps Intern,TCS (Tata Consultancy Services),FinTech,Pune,On-site,"Support TCS (Tata Consultancy Services)'s cloud infrastructure and deployment pipelines using DevOps best practices. You'll work on containerization, CI/CD automation, and cloud platform management.","Open to B.Sc CS, BCA, B.Tech students (2027, 2028 batches)","[""Git"", ""Docker"", ""AWS""]","[""Terraform"", ""Azure"", ""CI/CD""]","[""B.Sc CS"", ""MCA"", ""BCA""]",3 Months,"₹18,000 / Month",https://careers.tcs-tata-consultancy-services.com/apply/internship-654,Demo Dataset
Quality Assurance Intern,NeuroTech Solutions,EdTech,Bengaluru,Remote,"Ensure software quality at NeuroTech Solutions by designing test cases and identifying bugs before release. You'll perform manual testing, create automation scripts, and maintain quality standards.","Open to B.Sc CS, MCA students (2025, 2026, 2028 batches)","[""Python"", ""Test Cases"", ""Bug Tracking""]","[""Selenium"", ""LoadRunner"", ""Automation Testing""]","[""MCA"", ""B.Tech"", ""B.Sc CS""]",2 Months,"₹12,000 / Month",https://careers.neurotech-solutions.com/apply/internship-655,Demo Dataset
AI/ML Engineer Intern,SecureNet India,Cybersecurity,Pune,Hybrid,"Advance SecureNet India's AI capabilities by developing intelligent systems and algorithms. You'll experiment with new techniques, optimize models, and solve complex AI problems.","Open to B.Sc CS, MCA, B.Tech students (2025, 2026 batches)","[""Deep Learning"", ""Statistics"", ""TensorFlow""]","[""Reinforcement Learning"", ""NLP"", ""AWS""]","[""B.Tech"", ""MCA""]",2 Months,"₹5,000 / Month",https://careers.securenet-india.com/apply/internship-656,Demo Dataset
Cybersecurity Analyst Intern,Intel India,IT & Software,Hyderabad,Hybrid,"Help Intel India protect its digital assets by analyzing security threats and implementing protective measures. You'll participate in security audits, vulnerability assessments, and incident response activities.","Open to MCA, B.Sc CS students (2027, 2028 batches)","[""Python"", ""Encryption"", ""Network Security""]","[""SIEM"", ""AWS"", ""Metasploit""]","[""B.Sc CS"", ""MCA"", ""BCA""]",2 Months,"₹25,000 / Month",https://careers.intel-india.com/apply/internship-657,Demo Dataset
Mobile App Developer Intern,Cognizant,E-commerce,Mumbai,On-site,"Develop mobile applications for iOS or Android platforms at Cognizant. You'll work on feature development, testing, and optimization to deliver high-quality mobile experiences.","Open to MCA, B.Tech, BCA students (2025, 2026, 2027 batches)","[""React Native"", ""Kotlin"", ""Android""]","[""SQLite"", ""iOS"", ""Swift""]","[""BCA"", ""MCA""]",1 Month,"₹25,000 / Month",https://careers.cognizant.com/apply/internship-658,Demo Dataset
Cloud Architect Intern,PolicyBazaar,EdTech,Mumbai,Remote,"Design scalable and secure cloud solutions for PolicyBazaar's applications and infrastructure. You'll work with cloud platforms, optimize costs, and ensure high availability.","Open to MCA, BCA, B.Sc CS students (2026, 2028 batches)","[""AWS"", ""System Design"", ""Networking""]","[""Azure"", ""Terraform"", ""GCP""]","[""B.Sc CS"", ""MCA""]",1 Month,"₹12,000 / Month",https://careers.policybazaar.com/apply/internship-659,Demo Dataset
Data Science Intern,VectorShift AI,IT & Software,Delhi NCR,Remote,"Apply statistical methods and machine learning techniques to solve business problems for VectorShift AI. You'll work with large datasets, build predictive models, and communicate insights to stakeholders.","Open to BCA, MCA students (2025, 2026, 2027 batches)","[""Machine Learning"", ""Statistics"", ""Python""]","[""R"", ""TensorFlow"", ""scikit-learn""]","[""BCA"", ""MCA""]",3 Months,"₹5,000 / Month",https://careers.vectorshift-ai.com/apply/internship-660,Demo Dataset
AI/ML Engineer Intern,CloudStack Infra,EdTech,Pune,Hybrid,"Advance CloudStack Infra's AI capabilities by developing intelligent systems and algorithms. You'll experiment with new techniques, optimize models, and solve complex AI problems.","Open to B.Sc CS, B.Tech, BCA students (2025, 2027, 2028 batches)","[""Deep Learning"", ""Statistics"", ""Python""]","[""Computer Vision"", ""PyTorch"", ""AWS""]","[""MCA"", ""B.Tech""]",3 Months,"₹10,000 / Month",https://careers.cloudstack-infra.com/apply/internship-661,Demo Dataset
Mobile App Developer Intern,Microsoft India,Cybersecurity,Mumbai,Hybrid,"Develop mobile applications for iOS or Android platforms at Microsoft India. You'll work on feature development, testing, and optimization to deliver high-quality mobile experiences.","Open to BCA, B.Sc CS students (2025, 2027 batches)","[""Kotlin"", ""Git"", ""Java""]","[""SQLite"", ""iOS"", ""Swift""]","[""BCA"", ""MCA""]",3 Months,"₹30,000 / Month",https://careers.microsoft-india.com/apply/internship-662,Demo Dataset
UI/UX Design Intern,Zomato,FinTech,Remote,Remote,"Create beautiful and intuitive user interfaces for Zomato's digital products. You'll conduct user research, create prototypes, and collaborate with developers to bring designs to life.","Open to B.Sc CS, B.Tech students (2025, 2027, 2028 batches)","[""UX Research"", ""UI Design"", ""Figma""]","[""Adobe XD"", ""Design Systems"", ""Sketch""]","[""B.Sc CS"", ""BCA"", ""B.Tech""]",1 Month,"₹18,000 / Month",https://careers.zomato.com/apply/internship-663,Demo Dataset
Product Manager Intern,Oracle India,FinTech,Remote,On-site,"Support Oracle India's product team in developing and launching successful products. You'll conduct market research, analyze user feedback, and contribute to product strategy.","Open to MCA, BCA students (2025, 2027 batches)","[""Market Analysis"", ""Communication"", ""Product Strategy""]","[""Analytics"", ""User Research"", ""Python""]","[""BCA"", ""B.Tech""]",6 Months,"₹5,000 / Month",https://careers.oracle-india.com/apply/internship-664,Demo Dataset
Quality Assurance Intern,Accenture India,Artificial Intelligence,Mumbai,On-site,"Ensure software quality at Accenture India by designing test cases and identifying bugs before release. You'll perform manual testing, create automation scripts, and maintain quality standards.","Open to B.Tech, B.Sc CS students (2025, 2028 batches)","[""Manual Testing"", ""Test Cases"", ""SQL""]","[""Linux"", ""LoadRunner"", ""Selenium""]","[""B.Sc CS"", ""B.Tech"", ""BCA""]",2 Months,"₹20,000 / Month",https://careers.accenture-india.com/apply/internship-665,Demo Dataset
Backend Developer Intern,FutureCode Systems,FinTech,Remote,Hybrid,"Design and develop server-side logic and APIs for FutureCode Systems's applications. You'll work with databases, optimize performance, and ensure scalability of backend systems.","Open to B.Sc CS, BCA, MCA students (2025, 2028 batches)","[""Java"", ""Git"", ""SQL""]","[""Node.js"", ""PostgreSQL"", ""Express.js""]","[""B.Sc CS"", ""MCA"", ""B.Tech""]",6 Months,"₹5,000 / Month",https://careers.futurecode-systems.com/apply/internship-666,Demo Dataset
Machine Learning Intern,Razorpay,Cybersecurity,Chennai,On-site,Contribute to Razorpay's AI initiatives by developing and training machine learning models on real datasets. You'll work alongside ML engineers to solve complex problems and implement cutting-edge algorithms.,"Open to B.Sc CS, MCA students (2026, 2027, 2028 batches)","[""Statistics"", ""Machine Learning"", ""TensorFlow""]","[""Deep Learning"", ""Computer Vision"", ""PyTorch""]","[""B.Tech"", ""BCA"", ""MCA""]",6 Months,"₹30,000 / Month",https://careers.razorpay.com/apply/internship-667,Demo Dataset
Database Administrator Intern,Vedantu,Cloud Computing,Bengaluru,Hybrid,"Manage and optimize Vedantu's databases to ensure performance and reliability. You'll handle backups, security, and database maintenance tasks.","Open to BCA, MCA, B.Sc CS students (2025, 2026, 2027 batches)","[""SQL"", ""PostgreSQL"", ""MySQL""]","[""AWS"", ""MongoDB"", ""Performance Tuning""]","[""MCA"", ""BCA"", ""B.Tech""]",1 Month,"₹20,000 / Month",https://careers.vedantu.com/apply/internship-668,Demo Dataset
AI/ML Engineer Intern,PolicyBazaar,FinTech,Kolkata,Remote,"Advance PolicyBazaar's AI capabilities by developing intelligent systems and algorithms. You'll experiment with new techniques, optimize models, and solve complex AI problems.","Open to BCA, B.Sc CS students (2026, 2027 batches)","[""Python"", ""TensorFlow"", ""Machine Learning""]","[""Reinforcement Learning"", ""NLP"", ""PyTorch""]","[""B.Tech"", ""BCA""]",1 Month,"₹30,000 / Month",https://careers.policybazaar.com/apply/internship-669,Demo Dataset
AI/ML Engineer Intern,Accenture India,Data Analytics,Pune,Hybrid,"Advance Accenture India's AI capabilities by developing intelligent systems and algorithms. You'll experiment with new techniques, optimize models, and solve complex AI problems.","Open to B.Tech, B.Sc CS, MCA students (2025, 2026, 2028 batches)","[""Python"", ""TensorFlow"", ""Deep Learning""]","[""Reinforcement Learning"", ""PyTorch"", ""AWS""]","[""MCA"", ""B.Sc CS"", ""B.Tech""]",3 Months,"₹12,000 / Month",https://careers.accenture-india.com/apply/internship-670,Demo Dataset
Business Analyst Intern,Apple India,Cloud Computing,Bengaluru,Remote,"Work with Apple India's stakeholders to gather requirements and improve business processes. You'll create documentation, analyze workflows, and support project implementation.","Open to B.Sc CS, MCA students (2025, 2027, 2028 batches)","[""Business Analysis"", ""Documentation"", ""Communication""]","[""Process Mapping"", ""JIRA"", ""Tableau""]","[""BCA"", ""MCA"", ""B.Sc CS""]",3 Months,"₹18,000 / Month",https://careers.apple-india.com/apply/internship-671,Demo Dataset
Frontend Developer Intern,DeepMind India,IT & Software,Delhi NCR,Hybrid,Build responsive and interactive user interfaces for DeepMind India's web applications using modern frameworks. You'll collaborate with designers and backend developers to deliver engaging user experiences.,"Open to BCA, B.Sc CS, B.Tech students (2025, 2027, 2028 batches)","[""JavaScript"", ""React"", ""Git""]","[""TypeScript"", ""Redux"", ""REST APIs""]","[""BCA"", ""B.Sc CS"", ""B.Tech""]",1 Month,"₹5,000 / Month",https://careers.deepmind-india.com/apply/internship-672,Demo Dataset
Cloud & DevOps Intern,Zomato,Cybersecurity,Remote,On-site,"Support Zomato's cloud infrastructure and deployment pipelines using DevOps best practices. You'll work on containerization, CI/CD automation, and cloud platform management.","Open to MCA, B.Sc CS students (2027, 2028 batches)","[""AWS"", ""Linux"", ""Python""]","[""Kubernetes"", ""Terraform"", ""Azure""]","[""BCA"", ""B.Sc CS""]",6 Months,"₹12,000 / Month",https://careers.zomato.com/apply/internship-673,Demo Dataset
Full Stack Developer Intern,TechVision Labs,Cloud Computing,Bengaluru,Hybrid,Build complete web applications at TechVision Labs by working on both frontend and backend technologies. You'll gain experience across the entire development stack and learn best practices in web development.,"Open to BCA, B.Sc CS students (2025, 2026, 2027 batches)","[""JavaScript"", ""SQL"", ""Git""]","[""Express.js"", ""Docker"", ""AWS""]","[""MCA"", ""BCA""]",6 Months,"₹30,000 / Month",https://careers.techvision-labs.com/apply/internship-674,Demo Dataset
AI/ML Engineer Intern,NeuroTech Solutions,IT & Software,Remote,Remote,"Advance NeuroTech Solutions's AI capabilities by developing intelligent systems and algorithms. You'll experiment with new techniques, optimize models, and solve complex AI problems.","Open to MCA, BCA, B.Sc CS students (2025, 2027, 2028 batches)","[""Python"", ""Statistics"", ""TensorFlow""]","[""Computer Vision"", ""NLP"", ""PyTorch""]","[""B.Sc CS"", ""B.Tech"", ""MCA""]",6 Months,"₹30,000 / Month",https://careers.neurotech-solutions.com/apply/internship-675,Demo Dataset
Python Developer Intern,Cognizant,Data Analytics,Hyderabad,Remote,Write clean and efficient Python code for Cognizant's projects and applications. You'll learn Python best practices and contribute to building robust software solutions.,"Open to BCA, B.Tech students (2025, 2027 batches)","[""Python"", ""Data Structures"", ""OOP""]","[""Django"", ""Flask"", ""FastAPI""]","[""B.Tech"", ""MCA"", ""BCA""]",2 Months,"₹25,000 / Month",https://careers.cognizant.com/apply/internship-676,Demo Dataset
Cloud Architect Intern,InnovateTech,FinTech,Bengaluru,On-site,"Design scalable and secure cloud solutions for InnovateTech's applications and infrastructure. You'll work with cloud platforms, optimize costs, and ensure high availability.","Open to MCA, B.Sc CS, BCA students (2025, 2026, 2028 batches)","[""AWS"", ""Linux"", ""System Design""]","[""Docker"", ""Azure"", ""Kubernetes""]","[""B.Tech"", ""B.Sc CS""]",1 Month,"₹15,000 / Month",https://careers.innovatetech.com/apply/internship-677,Demo Dataset
Backend Developer Intern,Insight Analytics,Cybersecurity,Mumbai,Hybrid,"Design and develop server-side logic and APIs for Insight Analytics's applications. You'll work with databases, optimize performance, and ensure scalability of backend systems.","Open to MCA, B.Tech students (2025, 2028 batches)","[""SQL"", ""REST APIs"", ""Git""]","[""Express.js"", ""PostgreSQL"", ""Docker""]","[""MCA"", ""B.Tech""]",2 Months,"₹18,000 / Month",https://careers.insight-analytics.com/apply/internship-678,Demo Dataset
Cloud & DevOps Intern,Razorpay,E-commerce,Pune,Remote,"Support Razorpay's cloud infrastructure and deployment pipelines using DevOps best practices. You'll work on containerization, CI/CD automation, and cloud platform management.","Open to B.Tech, BCA, MCA students (2025, 2026, 2027 batches)","[""Git"", ""AWS"", ""Docker""]","[""Terraform"", ""Kubernetes"", ""CI/CD""]","[""B.Sc CS"", ""MCA""]",6 Months,"₹5,000 / Month",https://careers.razorpay.com/apply/internship-679,Demo Dataset
Quality Assurance Intern,Freshworks,Artificial Intelligence,Delhi NCR,On-site,"Ensure software quality at Freshworks by designing test cases and identifying bugs before release. You'll perform manual testing, create automation scripts, and maintain quality standards.","Open to B.Sc CS, MCA students (2025, 2027 batches)","[""SQL"", ""Test Cases"", ""Manual Testing""]","[""JIRA"", ""LoadRunner"", ""Linux""]","[""BCA"", ""B.Tech""]",1 Month,"₹15,000 / Month",https://careers.freshworks.com/apply/internship-680,Demo Dataset
Data Analyst Intern,Infosys,Cybersecurity,Kolkata,Hybrid,"Work with Infosys's data team to analyze business metrics and create actionable insights. You'll develop data visualizations, write SQL queries, and support data-driven decision-making across the organization.","Open to B.Sc CS, B.Tech, BCA students (2027, 2028 batches)","[""SQL"", ""Data Visualization"", ""Statistics""]","[""Apache Spark"", ""Python"", ""Power BI""]","[""BCA"", ""MCA""]",1 Month,"₹18,000 / Month",https://careers.infosys.com/apply/internship-681,Demo Dataset
Database Administrator Intern,Insight Analytics,Cybersecurity,Hyderabad,On-site,"Manage and optimize Insight Analytics's databases to ensure performance and reliability. You'll handle backups, security, and database maintenance tasks.","Open to MCA, BCA students (2025, 2026, 2028 batches)","[""Linux"", ""SQL"", ""MySQL""]","[""Performance Tuning"", ""Backup & Recovery"", ""MongoDB""]","[""B.Tech"", ""BCA""]",3 Months,"₹18,000 / Month",https://careers.insight-analytics.com/apply/internship-682,Demo Dataset
Python Developer Intern,SecureNet India,E-commerce,Bengaluru,Hybrid,Write clean and efficient Python code for SecureNet India's projects and applications. You'll learn Python best practices and contribute to building robust software solutions.,"Open to B.Tech, MCA, BCA students (2025, 2027, 2028 batches)","[""Data Structures"", ""Python"", ""SQL""]","[""Docker"", ""PostgreSQL"", ""FastAPI""]","[""B.Sc CS"", ""B.Tech""]",6 Months,"₹15,000 / Month",https://careers.securenet-india.com/apply/internship-683,Demo Dataset
Database Administrator Intern,Accenture India,Artificial Intelligence,Delhi NCR,Hybrid,"Manage and optimize Accenture India's databases to ensure performance and reliability. You'll handle backups, security, and database maintenance tasks.","Open to B.Tech, B.Sc CS students (2026, 2027, 2028 batches)","[""PostgreSQL"", ""Database Design"", ""MySQL""]","[""Oracle"", ""MongoDB"", ""Backup & Recovery""]","[""BCA"", ""MCA""]",1 Month,"₹10,000 / Month",https://careers.accenture-india.com/apply/internship-684,Demo Dataset
Full Stack Developer Intern,Amazon India,Cloud Computing,Hyderabad,Remote,Build complete web applications at Amazon India by working on both frontend and backend technologies. You'll gain experience across the entire development stack and learn best practices in web development.,"Open to MCA, B.Sc CS, B.Tech students (2025, 2026, 2027 batches)","[""React"", ""Node.js"", ""JavaScript""]","[""MongoDB"", ""REST APIs"", ""Docker""]","[""B.Sc CS"", ""BCA""]",1 Month,"₹12,000 / Month",https://careers.amazon-india.com/apply/internship-685,Demo Dataset
Product Manager Intern,Amazon India,Cybersecurity,Mumbai,Hybrid,"Support Amazon India's product team in developing and launching successful products. You'll conduct market research, analyze user feedback, and contribute to product strategy.","Open to MCA, BCA students (2025, 2027, 2028 batches)","[""SQL"", ""Market Analysis"", ""Excel""]","[""User Research"", ""Roadmapping"", ""Analytics""]","[""B.Sc CS"", ""BCA"", ""B.Tech""]",1 Month,"₹20,000 / Month",https://careers.amazon-india.com/apply/internship-686,Demo Dataset
Product Manager Intern,ABC Tech,FinTech,Mumbai,Remote,"Support ABC Tech's product team in developing and launching successful products. You'll conduct market research, analyze user feedback, and contribute to product strategy.","Open to B.Sc CS, BCA, B.Tech students (2025, 2026, 2027 batches)","[""SQL"", ""Market Analysis"", ""Excel""]","[""Analytics"", ""Roadmapping"", ""A/B Testing""]","[""B.Sc CS"", ""MCA""]",1 Month,"₹18,000 / Month",https://careers.abc-tech.com/apply/internship-687,Demo Dataset
Mobile App Developer Intern,Zomato,Artificial Intelligence,Delhi NCR,Remote,"Develop mobile applications for iOS or Android platforms at Zomato. You'll work on feature development, testing, and optimization to deliver high-quality mobile experiences.","Open to BCA, B.Sc CS students (2025, 2026, 2028 batches)","[""React Native"", ""Kotlin"", ""Java""]","[""SQLite"", ""Firebase"", ""Swift""]","[""B.Tech"", ""BCA""]",6 Months,"₹30,000 / Month",https://careers.zomato.com/apply/internship-688,Demo Dataset
Network Engineer Intern,TechVision Labs,EdTech,Mumbai,Hybrid,"Support TechVision Labs's network infrastructure by configuring and maintaining network systems. You'll work on network security, connectivity, and performance optimization.","Open to BCA, MCA students (2025, 2028 batches)","[""Networking"", ""Switching"", ""TCP/IP""]","[""Cisco IOS"", ""Network Security"", ""VPN""]","[""B.Sc CS"", ""BCA""]",6 Months,"₹15,000 / Month",https://careers.techvision-labs.com/apply/internship-689,Demo Dataset
Product Manager Intern,Infosys,Cybersecurity,Pune,On-site,"Support Infosys's product team in developing and launching successful products. You'll conduct market research, analyze user feedback, and contribute to product strategy.","Open to BCA, B.Sc CS students (2025, 2026 batches)","[""Market Analysis"", ""SQL"", ""Excel""]","[""User Research"", ""Roadmapping"", ""A/B Testing""]","[""B.Sc CS"", ""BCA""]",1 Month,"₹20,000 / Month",https://careers.infosys.com/apply/internship-690,Demo Dataset
Full Stack Developer Intern,Zomato,IT & Software,Delhi NCR,Remote,Build complete web applications at Zomato by working on both frontend and backend technologies. You'll gain experience across the entire development stack and learn best practices in web development.,"Open to MCA, B.Sc CS, B.Tech students (2026, 2027, 2028 batches)","[""Node.js"", ""Git"", ""SQL""]","[""REST APIs"", ""Docker"", ""MongoDB""]","[""B.Tech"", ""MCA"", ""BCA""]",6 Months,"₹20,000 / Month",https://careers.zomato.com/apply/internship-691,Demo Dataset
Mobile App Developer Intern,SynergyAI Systems,FinTech,Bengaluru,Hybrid,"Develop mobile applications for iOS or Android platforms at SynergyAI Systems. You'll work on feature development, testing, and optimization to deliver high-quality mobile experiences.","Open to B.Sc CS, B.Tech, MCA students (2025, 2027 batches)","[""Java"", ""Android"", ""Git""]","[""Firebase"", ""iOS"", ""REST APIs""]","[""B.Sc CS"", ""BCA"", ""B.Tech""]",3 Months,"₹15,000 / Month",https://careers.synergyai-systems.com/apply/internship-692,Demo Dataset
Cloud & DevOps Intern,Razorpay,Data Analytics,Delhi NCR,Hybrid,"Support Razorpay's cloud infrastructure and deployment pipelines using DevOps best practices. You'll work on containerization, CI/CD automation, and cloud platform management.","Open to BCA, B.Sc CS, MCA students (2025, 2026, 2028 batches)","[""AWS"", ""Docker"", ""Linux""]","[""Terraform"", ""Jenkins"", ""Kubernetes""]","[""B.Sc CS"", ""B.Tech""]",3 Months,"₹10,000 / Month",https://careers.razorpay.com/apply/internship-693,Demo Dataset
Cloud & DevOps Intern,DeepMind India,FinTech,Delhi NCR,Remote,"Support DeepMind India's cloud infrastructure and deployment pipelines using DevOps best practices. You'll work on containerization, CI/CD automation, and cloud platform management.","Open to BCA, B.Tech, MCA students (2026, 2028 batches)","[""Git"", ""Python"", ""Linux""]","[""Azure"", ""Jenkins"", ""Terraform""]","[""BCA"", ""B.Sc CS"", ""B.Tech""]",2 Months,"₹30,000 / Month",https://careers.deepmind-india.com/apply/internship-694,Demo Dataset
Python Developer Intern,Microsoft India,FinTech,Chennai,Remote,Write clean and efficient Python code for Microsoft India's projects and applications. You'll learn Python best practices and contribute to building robust software solutions.,"Open to B.Tech, B.Sc CS, MCA students (2025, 2028 batches)","[""OOP"", ""Data Structures"", ""Python""]","[""PostgreSQL"", ""Docker"", ""Flask""]","[""MCA"", ""B.Tech""]",2 Months,"₹30,000 / Month",https://careers.microsoft-india.com/apply/internship-695,Demo Dataset
Solutions Architect Intern,Insight Analytics,E-commerce,Pune,Remote,"Design comprehensive IT solutions for Insight Analytics's clients and internal needs. You'll evaluate technologies, create architecture diagrams, and present recommendations.","Open to MCA, BCA students (2025, 2028 batches)","[""AWS"", ""System Design"", ""SQL""]","[""GCP"", ""Kubernetes"", ""Azure""]","[""B.Tech"", ""BCA"", ""B.Sc CS""]",6 Months,"₹20,000 / Month",https://careers.insight-analytics.com/apply/internship-696,Demo Dataset
Backend Developer Intern,CloudNine Dynamics,Artificial Intelligence,Hyderabad,On-site,"Design and develop server-side logic and APIs for CloudNine Dynamics's applications. You'll work with databases, optimize performance, and ensure scalability of backend systems.","Open to B.Sc CS, BCA, B.Tech students (2025, 2026, 2028 batches)","[""SQL"", ""Python"", ""Git""]","[""Express.js"", ""PostgreSQL"", ""Docker""]","[""B.Sc CS"", ""MCA""]",6 Months,"₹25,000 / Month",https://careers.cloudnine-dynamics.com/apply/internship-697,Demo Dataset
Cybersecurity Analyst Intern,CloudNine Dynamics,E-commerce,Hyderabad,Remote,"Help CloudNine Dynamics protect its digital assets by analyzing security threats and implementing protective measures. You'll participate in security audits, vulnerability assessments, and incident response activities.","Open to MCA, BCA, B.Tech students (2025, 2028 batches)","[""Network Security"", ""Encryption"", ""Linux""]","[""Metasploit"", ""Penetration Testing"", ""AWS""]","[""B.Sc CS"", ""B.Tech""]",3 Months,"₹25,000 / Month",https://careers.cloudnine-dynamics.com/apply/internship-698,Demo Dataset
Backend Developer Intern,DeepMind India,Cybersecurity,Bengaluru,Remote,"Design and develop server-side logic and APIs for DeepMind India's applications. You'll work with databases, optimize performance, and ensure scalability of backend systems.","Open to MCA, BCA students (2025, 2026 batches)","[""Git"", ""SQL"", ""REST APIs""]","[""MongoDB"", ""Node.js"", ""Docker""]","[""B.Tech"", ""BCA""]",2 Months,"₹30,000 / Month",https://careers.deepmind-india.com/apply/internship-699,Demo Dataset
Machine Learning Intern,FutureCode Systems,E-commerce,Hyderabad,On-site,Contribute to FutureCode Systems's AI initiatives by developing and training machine learning models on real datasets. You'll work alongside ML engineers to solve complex problems and implement cutting-edge algorithms.,"Open to BCA, MCA, B.Sc CS students (2026, 2027, 2028 batches)","[""Machine Learning"", ""scikit-learn"", ""Statistics""]","[""AWS"", ""Deep Learning"", ""PyTorch""]","[""MCA"", ""B.Tech""]",2 Months,"₹20,000 / Month",https://careers.futurecode-systems.com/apply/internship-700,Demo Dataset
Cybersecurity Analyst Intern,Apple India,Cloud Computing,Chennai,Hybrid,"Help Apple India protect its digital assets by analyzing security threats and implementing protective measures. You'll participate in security audits, vulnerability assessments, and incident response activities.","Open to MCA, B.Tech, BCA students (2026, 2027, 2028 batches)","[""Encryption"", ""Python"", ""Network Security""]","[""Metasploit"", ""Wireshark"", ""AWS""]","[""MCA"", ""B.Tech""]",2 Months,"₹20,000 / Month",https://careers.apple-india.com/apply/internship-701,Demo Dataset
Data Science Intern,Tech Mahindra,Cybersecurity,Delhi NCR,Remote,"Apply statistical methods and machine learning techniques to solve business problems for Tech Mahindra. You'll work with large datasets, build predictive models, and communicate insights to stakeholders.","Open to BCA, MCA, B.Tech students (2026, 2027 batches)","[""Machine Learning"", ""Pandas"", ""Statistics""]","[""R"", ""Tableau"", ""scikit-learn""]","[""B.Tech"", ""MCA"", ""BCA""]",6 Months,"₹10,000 / Month",https://careers.tech-mahindra.com/apply/internship-702,Demo Dataset
Data Analyst Intern,CodeWave Analytics,E-commerce,Bengaluru,Hybrid,"Work with CodeWave Analytics's data team to analyze business metrics and create actionable insights. You'll develop data visualizations, write SQL queries, and support data-driven decision-making across the organization.","Open to BCA, B.Tech, B.Sc CS students (2025, 2026, 2028 batches)","[""Statistics"", ""Python"", ""Data Visualization""]","[""Python"", ""Tableau"", ""Power BI""]","[""MCA"", ""B.Sc CS"", ""BCA""]",3 Months,"₹18,000 / Month",https://careers.codewave-analytics.com/apply/internship-703,Demo Dataset
Machine Learning Intern,DataDrive Solutions,E-commerce,Pune,On-site,Contribute to DataDrive Solutions's AI initiatives by developing and training machine learning models on real datasets. You'll work alongside ML engineers to solve complex problems and implement cutting-edge algorithms.,"Open to MCA, B.Sc CS students (2026, 2027, 2028 batches)","[""Machine Learning"", ""scikit-learn"", ""Statistics""]","[""Computer Vision"", ""AWS"", ""PyTorch""]","[""B.Tech"", ""BCA""]",3 Months,"₹15,000 / Month",https://careers.datadrive-solutions.com/apply/internship-704,Demo Dataset
Frontend Developer Intern,Unacademy,Cloud Computing,Kolkata,Remote,Build responsive and interactive user interfaces for Unacademy's web applications using modern frameworks. You'll collaborate with designers and backend developers to deliver engaging user experiences.,"Open to B.Tech, BCA, MCA students (2025, 2027, 2028 batches)","[""JavaScript"", ""CSS"", ""React""]","[""Figma"", ""REST APIs"", ""Redux""]","[""BCA"", ""B.Tech""]",6 Months,"₹18,000 / Month",https://careers.unacademy.com/apply/internship-705,Demo Dataset
Cloud & DevOps Intern,Flipkart,Cybersecurity,Delhi NCR,On-site,"Support Flipkart's cloud infrastructure and deployment pipelines using DevOps best practices. You'll work on containerization, CI/CD automation, and cloud platform management.","Open to MCA, B.Tech students (2026, 2028 batches)","[""Python"", ""Linux"", ""AWS""]","[""Azure"", ""CI/CD"", ""Terraform""]","[""BCA"", ""B.Tech""]",2 Months,"₹10,000 / Month",https://careers.flipkart.com/apply/internship-706,Demo Dataset
Cybersecurity Analyst Intern,HCL Technologies,IT & Software,Remote,Remote,"Help HCL Technologies protect its digital assets by analyzing security threats and implementing protective measures. You'll participate in security audits, vulnerability assessments, and incident response activities.","Open to BCA, B.Sc CS students (2026, 2028 batches)","[""Python"", ""Encryption"", ""Network Security""]","[""AWS"", ""Metasploit"", ""SIEM""]","[""B.Sc CS"", ""B.Tech""]",1 Month,"₹30,000 / Month",https://careers.hcl-technologies.com/apply/internship-707,Demo Dataset
Database Administrator Intern,ByteForce Labs,E-commerce,Bengaluru,On-site,"Manage and optimize ByteForce Labs's databases to ensure performance and reliability. You'll handle backups, security, and database maintenance tasks.","Open to MCA, BCA students (2025, 2026, 2027 batches)","[""MySQL"", ""Linux"", ""PostgreSQL""]","[""Backup & Recovery"", ""AWS"", ""Performance Tuning""]","[""B.Sc CS"", ""B.Tech""]",3 Months,"₹25,000 / Month",https://careers.byteforce-labs.com/apply/internship-708,Demo Dataset
Network Engineer Intern,Intel India,Data Analytics,Pune,On-site,"Support Intel India's network infrastructure by configuring and maintaining network systems. You'll work on network security, connectivity, and performance optimization.","Open to B.Sc CS, MCA, BCA students (2025, 2027 batches)","[""Linux"", ""Networking"", ""TCP/IP""]","[""VPN"", ""Network Security"", ""Firewalls""]","[""MCA"", ""B.Tech"", ""B.Sc CS""]",2 Months,"₹5,000 / Month",https://careers.intel-india.com/apply/internship-709,Demo Dataset
Data Analyst Intern,Razorpay,Data Analytics,Remote,Remote,"Work with Razorpay's data team to analyze business metrics and create actionable insights. You'll develop data visualizations, write SQL queries, and support data-driven decision-making across the organization.","Open to B.Sc CS, B.Tech students (2025, 2026, 2027 batches)","[""Statistics"", ""Data Visualization"", ""SQL""]","[""R"", ""Tableau"", ""Python""]","[""B.Sc CS"", ""BCA"", ""MCA""]",2 Months,"₹18,000 / Month",https://careers.razorpay.com/apply/internship-710,Demo Dataset
Product Manager Intern,CodeWave Analytics,EdTech,Hyderabad,On-site,"Support CodeWave Analytics's product team in developing and launching successful products. You'll conduct market research, analyze user feedback, and contribute to product strategy.","Open to MCA, BCA, B.Tech students (2025, 2028 batches)","[""Market Analysis"", ""Product Strategy"", ""Excel""]","[""Roadmapping"", ""Analytics"", ""A/B Testing""]","[""BCA"", ""B.Tech"", ""B.Sc CS""]",2 Months,"₹20,000 / Month",https://careers.codewave-analytics.com/apply/internship-711,Demo Dataset
AI/ML Engineer Intern,Oracle India,EdTech,Delhi NCR,On-site,"Advance Oracle India's AI capabilities by developing intelligent systems and algorithms. You'll experiment with new techniques, optimize models, and solve complex AI problems.","Open to B.Tech, B.Sc CS students (2025, 2026, 2027 batches)","[""TensorFlow"", ""Python"", ""Deep Learning""]","[""Reinforcement Learning"", ""Computer Vision"", ""NLP""]","[""BCA"", ""B.Tech""]",3 Months,"₹12,000 / Month",https://careers.oracle-india.com/apply/internship-712,Demo Dataset
Full Stack Developer Intern,CloudNine Dynamics,Data Analytics,Kolkata,On-site,Build complete web applications at CloudNine Dynamics by working on both frontend and backend technologies. You'll gain experience across the entire development stack and learn best practices in web development.,"Open to BCA, B.Sc CS students (2026, 2027 batches)","[""Node.js"", ""SQL"", ""JavaScript""]","[""AWS"", ""Docker"", ""REST APIs""]","[""MCA"", ""B.Sc CS"", ""B.Tech""]",1 Month,"₹18,000 / Month",https://careers.cloudnine-dynamics.com/apply/internship-713,Demo Dataset
Full Stack Developer Intern,ABC Tech,IT & Software,Kolkata,Hybrid,Build complete web applications at ABC Tech by working on both frontend and backend technologies. You'll gain experience across the entire development stack and learn best practices in web development.,"Open to MCA, BCA, B.Tech students (2026, 2027, 2028 batches)","[""Node.js"", ""SQL"", ""Git""]","[""MongoDB"", ""REST APIs"", ""Docker""]","[""BCA"", ""MCA""]",6 Months,"₹12,000 / Month",https://careers.abc-tech.com/apply/internship-714,Demo Dataset
Cloud & DevOps Intern,PixelCraft Studios,FinTech,Delhi NCR,Hybrid,"Support PixelCraft Studios's cloud infrastructure and deployment pipelines using DevOps best practices. You'll work on containerization, CI/CD automation, and cloud platform management.","Open to BCA, B.Tech students (2025, 2026, 2027 batches)","[""AWS"", ""Linux"", ""Git""]","[""Jenkins"", ""Kubernetes"", ""Terraform""]","[""B.Tech"", ""B.Sc CS""]",6 Months,"₹18,000 / Month",https://careers.pixelcraft-studios.com/apply/internship-715,Demo Dataset
Quality Assurance Intern,TCS (Tata Consultancy Services),Data Analytics,Remote,Remote,"Ensure software quality at TCS (Tata Consultancy Services) by designing test cases and identifying bugs before release. You'll perform manual testing, create automation scripts, and maintain quality standards.","Open to BCA, B.Sc CS, MCA students (2025, 2028 batches)","[""SQL"", ""Bug Tracking"", ""Test Cases""]","[""JIRA"", ""LoadRunner"", ""Selenium""]","[""B.Tech"", ""MCA"", ""B.Sc CS""]",6 Months,"₹5,000 / Month",https://careers.tcs-tata-consultancy-services.com/apply/internship-716,Demo Dataset
Network Engineer Intern,SynergyAI Systems,Cloud Computing,Chennai,Remote,"Support SynergyAI Systems's network infrastructure by configuring and maintaining network systems. You'll work on network security, connectivity, and performance optimization.","Open to BCA, MCA students (2025, 2026, 2027 batches)","[""Switching"", ""Networking"", ""TCP/IP""]","[""VPN"", ""Firewalls"", ""Python""]","[""MCA"", ""BCA"", ""B.Tech""]",6 Months,"₹5,000 / Month",https://careers.synergyai-systems.com/apply/internship-717,Demo Dataset
Network Engineer Intern,Wipro,Cloud Computing,Chennai,Hybrid,"Support Wipro's network infrastructure by configuring and maintaining network systems. You'll work on network security, connectivity, and performance optimization.","Open to B.Sc CS, B.Tech, MCA students (2026, 2027 batches)","[""Networking"", ""TCP/IP"", ""Routing""]","[""Network Security"", ""Python"", ""Firewalls""]","[""B.Tech"", ""MCA"", ""B.Sc CS""]",1 Month,"₹10,000 / Month",https://careers.wipro.com/apply/internship-718,Demo Dataset
Frontend Developer Intern,Ola Electric,Cybersecurity,Pune,Hybrid,Build responsive and interactive user interfaces for Ola Electric's web applications using modern frameworks. You'll collaborate with designers and backend developers to deliver engaging user experiences.,"Open to B.Tech, MCA students (2026, 2027, 2028 batches)","[""React"", ""CSS"", ""Git""]","[""REST APIs"", ""Redux"", ""Figma""]","[""BCA"", ""MCA"", ""B.Sc CS""]",6 Months,"₹10,000 / Month",https://careers.ola-electric.com/apply/internship-719,Demo Dataset
Cybersecurity Analyst Intern,ProdigyTech Labs,Cloud Computing,Bengaluru,Remote,"Help ProdigyTech Labs protect its digital assets by analyzing security threats and implementing protective measures. You'll participate in security audits, vulnerability assessments, and incident response activities.","Open to B.Tech, BCA students (2026, 2027 batches)","[""Firewall"", ""Python"", ""Linux""]","[""SIEM"", ""Penetration Testing"", ""Metasploit""]","[""MCA"", ""BCA""]",3 Months,"₹20,000 / Month",https://careers.prodigytech-labs.com/apply/internship-720,Demo Dataset
Python Developer Intern,TechVision Labs,FinTech,Kolkata,Remote,Write clean and efficient Python code for TechVision Labs's projects and applications. You'll learn Python best practices and contribute to building robust software solutions.,"Open to MCA, B.Sc CS, BCA students (2025, 2028 batches)","[""Git"", ""OOP"", ""Data Structures""]","[""FastAPI"", ""Flask"", ""Docker""]","[""MCA"", ""B.Tech""]",6 Months,"₹10,000 / Month",https://careers.techvision-labs.com/apply/internship-721,Demo Dataset
UI/UX Design Intern,Cisco Systems India,FinTech,Bengaluru,On-site,"Create beautiful and intuitive user interfaces for Cisco Systems India's digital products. You'll conduct user research, create prototypes, and collaborate with developers to bring designs to life.","Open to BCA, B.Sc CS, B.Tech students (2026, 2027, 2028 batches)","[""Wireframing"", ""Figma"", ""UX Research""]","[""CSS"", ""User Testing"", ""Sketch""]","[""BCA"", ""MCA"", ""B.Tech""]",3 Months,"₹10,000 / Month",https://careers.cisco-systems-india.com/apply/internship-722,Demo Dataset
Solutions Architect Intern,Razorpay,Cybersecurity,Delhi NCR,On-site,"Design comprehensive IT solutions for Razorpay's clients and internal needs. You'll evaluate technologies, create architecture diagrams, and present recommendations.","Open to B.Sc CS, BCA, MCA students (2026, 2027 batches)","[""System Design"", ""SQL"", ""Documentation""]","[""Kubernetes"", ""Docker"", ""Azure""]","[""MCA"", ""BCA""]",3 Months,"₹12,000 / Month",https://careers.razorpay.com/apply/internship-723,Demo Dataset
Full Stack Developer Intern,Apple India,EdTech,Delhi NCR,Hybrid,Build complete web applications at Apple India by working on both frontend and backend technologies. You'll gain experience across the entire development stack and learn best practices in web development.,"Open to B.Sc CS, B.Tech students (2026, 2027 batches)","[""React"", ""Git"", ""SQL""]","[""MongoDB"", ""REST APIs"", ""Express.js""]","[""B.Tech"", ""B.Sc CS""]",2 Months,"₹15,000 / Month",https://careers.apple-india.com/apply/internship-724,Demo Dataset
Cloud Architect Intern,TechVision Labs,E-commerce,Chennai,On-site,"Design scalable and secure cloud solutions for TechVision Labs's applications and infrastructure. You'll work with cloud platforms, optimize costs, and ensure high availability.","Open to B.Tech, MCA students (2025, 2026, 2027 batches)","[""AWS"", ""System Design"", ""Linux""]","[""Azure"", ""Kubernetes"", ""Terraform""]","[""B.Tech"", ""B.Sc CS""]",1 Month,"₹25,000 / Month",https://careers.techvision-labs.com/apply/internship-725,Demo Dataset
Mobile App Developer Intern,CodeWave Analytics,EdTech,Bengaluru,Remote,"Develop mobile applications for iOS or Android platforms at CodeWave Analytics. You'll work on feature development, testing, and optimization to deliver high-quality mobile experiences.","Open to BCA, B.Tech, B.Sc CS students (2025, 2027, 2028 batches)","[""Kotlin"", ""Android"", ""Git""]","[""REST APIs"", ""iOS"", ""Swift""]","[""B.Tech"", ""BCA"", ""B.Sc CS""]",1 Month,"₹30,000 / Month",https://careers.codewave-analytics.com/apply/internship-726,Demo Dataset
Backend Developer Intern,Microsoft India,FinTech,Kolkata,Hybrid,"Design and develop server-side logic and APIs for Microsoft India's applications. You'll work with databases, optimize performance, and ensure scalability of backend systems.","Open to B.Sc CS, BCA students (2025, 2026, 2027 batches)","[""Python"", ""SQL"", ""Java""]","[""PostgreSQL"", ""Docker"", ""MongoDB""]","[""MCA"", ""BCA"", ""B.Tech""]",1 Month,"₹20,000 / Month",https://careers.microsoft-india.com/apply/internship-727,Demo Dataset
Mobile App Developer Intern,NeuroTech Solutions,E-commerce,Mumbai,On-site,"Develop mobile applications for iOS or Android platforms at NeuroTech Solutions. You'll work on feature development, testing, and optimization to deliver high-quality mobile experiences.","Open to BCA, MCA students (2025, 2026, 2028 batches)","[""Git"", ""Android"", ""Java""]","[""iOS"", ""SQLite"", ""REST APIs""]","[""B.Tech"", ""BCA""]",2 Months,"₹30,000 / Month",https://careers.neurotech-solutions.com/apply/internship-728,Demo Dataset
Cybersecurity Analyst Intern,Swiggy,Cloud Computing,Mumbai,On-site,"Help Swiggy protect its digital assets by analyzing security threats and implementing protective measures. You'll participate in security audits, vulnerability assessments, and incident response activities.","Open to B.Tech, BCA, B.Sc CS students (2025, 2026, 2028 batches)","[""Network Security"", ""Encryption"", ""Linux""]","[""Metasploit"", ""AWS"", ""Penetration Testing""]","[""MCA"", ""B.Sc CS""]",1 Month,"₹5,000 / Month",https://careers.swiggy.com/apply/internship-729,Demo Dataset
Data Science Intern,Unacademy,Cybersecurity,Pune,Hybrid,"Apply statistical methods and machine learning techniques to solve business problems for Unacademy. You'll work with large datasets, build predictive models, and communicate insights to stakeholders.","Open to B.Tech, B.Sc CS students (2025, 2028 batches)","[""Pandas"", ""Statistics"", ""Python""]","[""scikit-learn"", ""AWS"", ""TensorFlow""]","[""BCA"", ""B.Sc CS""]",2 Months,"₹30,000 / Month",https://careers.unacademy.com/apply/internship-730,Demo Dataset
AI/ML Engineer Intern,QuantumLeap AI,E-commerce,Chennai,Hybrid,"Advance QuantumLeap AI's AI capabilities by developing intelligent systems and algorithms. You'll experiment with new techniques, optimize models, and solve complex AI problems.","Open to BCA, B.Sc CS, B.Tech students (2026, 2027, 2028 batches)","[""Deep Learning"", ""Statistics"", ""Machine Learning""]","[""PyTorch"", ""Computer Vision"", ""AWS""]","[""B.Tech"", ""MCA"", ""BCA""]",2 Months,"₹12,000 / Month",https://careers.quantumleap-ai.com/apply/internship-731,Demo Dataset
Cloud & DevOps Intern,Flipkart,Artificial Intelligence,Pune,Remote,"Support Flipkart's cloud infrastructure and deployment pipelines using DevOps best practices. You'll work on containerization, CI/CD automation, and cloud platform management.","Open to MCA, B.Tech students (2025, 2026, 2028 batches)","[""Git"", ""AWS"", ""Linux""]","[""Terraform"", ""Azure"", ""CI/CD""]","[""BCA"", ""B.Tech""]",6 Months,"₹25,000 / Month",https://careers.flipkart.com/apply/internship-732,Demo Dataset
Network Engineer Intern,NeuroByte AI,IT & Software,Mumbai,On-site,"Support NeuroByte AI's network infrastructure by configuring and maintaining network systems. You'll work on network security, connectivity, and performance optimization.","Open to MCA, BCA students (2025, 2026 batches)","[""TCP/IP"", ""Routing"", ""Switching""]","[""Python"", ""Network Security"", ""VPN""]","[""B.Sc CS"", ""B.Tech"", ""MCA""]",3 Months,"₹12,000 / Month",https://careers.neurobyte-ai.com/apply/internship-733,Demo Dataset
Product Manager Intern,CodeWave Analytics,Cloud Computing,Chennai,Hybrid,"Support CodeWave Analytics's product team in developing and launching successful products. You'll conduct market research, analyze user feedback, and contribute to product strategy.","Open to B.Sc CS, BCA, MCA students (2026, 2027, 2028 batches)","[""SQL"", ""Communication"", ""Product Strategy""]","[""A/B Testing"", ""Python"", ""Roadmapping""]","[""BCA"", ""B.Sc CS"", ""MCA""]",2 Months,"₹15,000 / Month",https://careers.codewave-analytics.com/apply/internship-734,Demo Dataset
Software Development Intern,Amazon India,IT & Software,Bengaluru,Hybrid,"Join Amazon India's development team and contribute to building scalable software solutions using modern technologies. You will work on real-world projects, collaborate with experienced engineers, and gain hands-on experience in the full software development lifecycle.","Open to MCA, B.Tech students (2026, 2027, 2028 batches)","[""Python"", ""Java"", ""C++""]","[""Linux"", ""Docker"", ""AWS""]","[""MCA"", ""B.Tech""]",1 Month,"₹18,000 / Month",https://careers.amazon-india.com/apply/internship-735,Demo Dataset
Solutions Architect Intern,CloudStack Infra,Artificial Intelligence,Pune,On-site,"Design comprehensive IT solutions for CloudStack Infra's clients and internal needs. You'll evaluate technologies, create architecture diagrams, and present recommendations.","Open to MCA, B.Sc CS, BCA students (2025, 2026, 2028 batches)","[""SQL"", ""AWS"", ""System Design""]","[""Azure"", ""Kubernetes"", ""GCP""]","[""BCA"", ""B.Tech""]",3 Months,"₹5,000 / Month",https://careers.cloudstack-infra.com/apply/internship-736,Demo Dataset
AI/ML Engineer Intern,SecureNet India,Artificial Intelligence,Chennai,Hybrid,"Advance SecureNet India's AI capabilities by developing intelligent systems and algorithms. You'll experiment with new techniques, optimize models, and solve complex AI problems.","Open to BCA, B.Sc CS students (2025, 2028 batches)","[""TensorFlow"", ""Statistics"", ""Deep Learning""]","[""Reinforcement Learning"", ""AWS"", ""PyTorch""]","[""MCA"", ""B.Tech""]",2 Months,"₹18,000 / Month",https://careers.securenet-india.com/apply/internship-737,Demo Dataset
Product Manager Intern,IBM India,FinTech,Bengaluru,Remote,"Support IBM India's product team in developing and launching successful products. You'll conduct market research, analyze user feedback, and contribute to product strategy.","Open to B.Sc CS, BCA, MCA students (2025, 2026, 2027 batches)","[""Excel"", ""Communication"", ""SQL""]","[""Roadmapping"", ""Analytics"", ""User Research""]","[""BCA"", ""MCA""]",1 Month,"₹25,000 / Month",https://careers.ibm-india.com/apply/internship-738,Demo Dataset
Database Administrator Intern,Google India,IT & Software,Kolkata,Hybrid,"Manage and optimize Google India's databases to ensure performance and reliability. You'll handle backups, security, and database maintenance tasks.","Open to B.Tech, B.Sc CS students (2026, 2027 batches)","[""Linux"", ""SQL"", ""MySQL""]","[""AWS"", ""Backup & Recovery"", ""Performance Tuning""]","[""MCA"", ""BCA"", ""B.Sc CS""]",2 Months,"₹12,000 / Month",https://careers.google-india.com/apply/internship-739,Demo Dataset
Quality Assurance Intern,Accenture India,FinTech,Pune,On-site,"Ensure software quality at Accenture India by designing test cases and identifying bugs before release. You'll perform manual testing, create automation scripts, and maintain quality standards.","Open to MCA, BCA, B.Sc CS students (2025, 2026 batches)","[""Bug Tracking"", ""SQL"", ""Test Cases""]","[""Selenium"", ""JIRA"", ""Automation Testing""]","[""MCA"", ""B.Sc CS""]",1 Month,"₹12,000 / Month",https://careers.accenture-india.com/apply/internship-740,Demo Dataset
Solutions Architect Intern,Cognizant,IT & Software,Bengaluru,Hybrid,"Design comprehensive IT solutions for Cognizant's clients and internal needs. You'll evaluate technologies, create architecture diagrams, and present recommendations.","Open to BCA, B.Tech students (2025, 2027, 2028 batches)","[""AWS"", ""Documentation"", ""System Design""]","[""GCP"", ""Docker"", ""Kubernetes""]","[""BCA"", ""B.Tech"", ""MCA""]",2 Months,"₹30,000 / Month",https://careers.cognizant.com/apply/internship-741,Demo Dataset
Data Science Intern,Google India,IT & Software,Pune,Remote,"Apply statistical methods and machine learning techniques to solve business problems for Google India. You'll work with large datasets, build predictive models, and communicate insights to stakeholders.","Open to B.Sc CS, MCA students (2026, 2027, 2028 batches)","[""Python"", ""Pandas"", ""Machine Learning""]","[""Tableau"", ""scikit-learn"", ""TensorFlow""]","[""MCA"", ""BCA"", ""B.Sc CS""]",6 Months,"₹15,000 / Month",https://careers.google-india.com/apply/internship-742,Demo Dataset
Mobile App Developer Intern,Unacademy,IT & Software,Hyderabad,Remote,"Develop mobile applications for iOS or Android platforms at Unacademy. You'll work on feature development, testing, and optimization to deliver high-quality mobile experiences.","Open to B.Sc CS, B.Tech, BCA students (2026, 2027, 2028 batches)","[""Kotlin"", ""Android"", ""Git""]","[""iOS"", ""REST APIs"", ""Firebase""]","[""MCA"", ""B.Sc CS""]",1 Month,"₹30,000 / Month",https://careers.unacademy.com/apply/internship-743,Demo Dataset
Mobile App Developer Intern,FutureCode Systems,FinTech,Bengaluru,Hybrid,"Develop mobile applications for iOS or Android platforms at FutureCode Systems. You'll work on feature development, testing, and optimization to deliver high-quality mobile experiences.","Open to BCA, MCA, B.Tech students (2025, 2027, 2028 batches)","[""React Native"", ""Java"", ""Git""]","[""iOS"", ""Swift"", ""Firebase""]","[""B.Sc CS"", ""BCA""]",2 Months,"₹18,000 / Month",https://careers.futurecode-systems.com/apply/internship-744,Demo Dataset
Quality Assurance Intern,Accenture India,Data Analytics,Kolkata,Hybrid,"Ensure software quality at Accenture India by designing test cases and identifying bugs before release. You'll perform manual testing, create automation scripts, and maintain quality standards.","Open to BCA, B.Tech, MCA students (2025, 2026, 2027 batches)","[""Manual Testing"", ""Test Cases"", ""Bug Tracking""]","[""JIRA"", ""Linux"", ""Automation Testing""]","[""B.Tech"", ""MCA""]",1 Month,"₹15,000 / Month",https://careers.accenture-india.com/apply/internship-745,Demo Dataset
Python Developer Intern,Razorpay,Data Analytics,Chennai,Hybrid,Write clean and efficient Python code for Razorpay's projects and applications. You'll learn Python best practices and contribute to building robust software solutions.,"Open to MCA, B.Sc CS students (2025, 2026, 2028 batches)","[""OOP"", ""SQL"", ""Git""]","[""Flask"", ""PostgreSQL"", ""Docker""]","[""B.Tech"", ""MCA"", ""B.Sc CS""]",6 Months,"₹20,000 / Month",https://careers.razorpay.com/apply/internship-746,Demo Dataset
Network Engineer Intern,DataDrive Solutions,FinTech,Hyderabad,Hybrid,"Support DataDrive Solutions's network infrastructure by configuring and maintaining network systems. You'll work on network security, connectivity, and performance optimization.","Open to MCA, B.Tech students (2026, 2028 batches)","[""Routing"", ""TCP/IP"", ""Linux""]","[""Network Security"", ""VPN"", ""Python""]","[""MCA"", ""B.Tech""]",6 Months,"₹12,000 / Month",https://careers.datadrive-solutions.com/apply/internship-747,Demo Dataset
Quality Assurance Intern,Freshworks,E-commerce,Kolkata,Hybrid,"Ensure software quality at Freshworks by designing test cases and identifying bugs before release. You'll perform manual testing, create automation scripts, and maintain quality standards.","Open to BCA, MCA students (2027, 2028 batches)","[""Test Cases"", ""SQL"", ""Python""]","[""LoadRunner"", ""Selenium"", ""JIRA""]","[""BCA"", ""MCA"", ""B.Tech""]",6 Months,"₹18,000 / Month",https://careers.freshworks.com/apply/internship-748,Demo Dataset
Cybersecurity Analyst Intern,InnovateTech,Cloud Computing,Pune,Hybrid,"Help InnovateTech protect its digital assets by analyzing security threats and implementing protective measures. You'll participate in security audits, vulnerability assessments, and incident response activities.","Open to B.Tech, BCA students (2025, 2026, 2028 batches)","[""Encryption"", ""Linux"", ""Network Security""]","[""Wireshark"", ""SIEM"", ""Metasploit""]","[""B.Tech"", ""MCA"", ""B.Sc CS""]",3 Months,"₹18,000 / Month",https://careers.innovatetech.com/apply/internship-749,Demo Dataset
UI/UX Design Intern,Vedantu,Data Analytics,Delhi NCR,Remote,"Create beautiful and intuitive user interfaces for Vedantu's digital products. You'll conduct user research, create prototypes, and collaborate with developers to bring designs to life.","Open to B.Tech, BCA, MCA students (2025, 2026, 2027 batches)","[""UI Design"", ""Figma"", ""UX Research""]","[""Adobe XD"", ""Sketch"", ""CSS""]","[""BCA"", ""B.Tech""]",6 Months,"₹25,000 / Month",https://careers.vedantu.com/apply/internship-750,Demo Dataset
Product Manager Intern,Oracle India,EdTech,Remote,Hybrid,"Support Oracle India's product team in developing and launching successful products. You'll conduct market research, analyze user feedback, and contribute to product strategy.","Open to BCA, B.Sc CS students (2025, 2026 batches)","[""Product Strategy"", ""Communication"", ""Market Analysis""]","[""Roadmapping"", ""A/B Testing"", ""Analytics""]","[""BCA"", ""MCA""]",2 Months,"₹30,000 / Month",https://careers.oracle-india.com/apply/internship-751,Demo Dataset
Network Engineer Intern,FutureCode Systems,E-commerce,Remote,Remote,"Support FutureCode Systems's network infrastructure by configuring and maintaining network systems. You'll work on network security, connectivity, and performance optimization.","Open to B.Sc CS, B.Tech, MCA students (2026, 2027, 2028 batches)","[""TCP/IP"", ""Networking"", ""Switching""]","[""VPN"", ""Python"", ""Network Security""]","[""B.Sc CS"", ""MCA""]",1 Month,"₹15,000 / Month",https://careers.futurecode-systems.com/apply/internship-752,Demo Dataset
Python Developer Intern,CodeWave Analytics,Cybersecurity,Hyderabad,On-site,Write clean and efficient Python code for CodeWave Analytics's projects and applications. You'll learn Python best practices and contribute to building robust software solutions.,"Open to B.Tech, B.Sc CS, MCA students (2025, 2026 batches)","[""SQL"", ""OOP"", ""Data Structures""]","[""Django"", ""Flask"", ""FastAPI""]","[""MCA"", ""B.Tech""]",1 Month,"₹5,000 / Month",https://careers.codewave-analytics.com/apply/internship-753,Demo Dataset
UI/UX Design Intern,Freshworks,IT & Software,Delhi NCR,Remote,"Create beautiful and intuitive user interfaces for Freshworks's digital products. You'll conduct user research, create prototypes, and collaborate with developers to bring designs to life.","Open to MCA, B.Tech, B.Sc CS students (2026, 2027 batches)","[""UX Research"", ""UI Design"", ""Wireframing""]","[""User Testing"", ""Sketch"", ""Adobe XD""]","[""BCA"", ""MCA"", ""B.Sc CS""]",2 Months,"₹30,000 / Month",https://careers.freshworks.com/apply/internship-754,Demo Dataset
Network Engineer Intern,Apple India,E-commerce,Kolkata,Hybrid,"Support Apple India's network infrastructure by configuring and maintaining network systems. You'll work on network security, connectivity, and performance optimization.","Open to B.Tech, B.Sc CS, MCA students (2026, 2027, 2028 batches)","[""Linux"", ""TCP/IP"", ""Routing""]","[""VPN"", ""Network Security"", ""Firewalls""]","[""B.Sc CS"", ""B.Tech""]",6 Months,"₹15,000 / Month",https://careers.apple-india.com/apply/internship-755,Demo Dataset
Product Manager Intern,PixelCraft Studios,Cybersecurity,Delhi NCR,Remote,"Support PixelCraft Studios's product team in developing and launching successful products. You'll conduct market research, analyze user feedback, and contribute to product strategy.","Open to BCA, MCA, B.Sc CS students (2026, 2027, 2028 batches)","[""Communication"", ""Excel"", ""Market Analysis""]","[""Python"", ""A/B Testing"", ""User Research""]","[""B.Sc CS"", ""B.Tech"", ""MCA""]",6 Months,"₹18,000 / Month",https://careers.pixelcraft-studios.com/apply/internship-756,Demo Dataset
Product Manager Intern,Swiggy,Cloud Computing,Mumbai,Hybrid,"Support Swiggy's product team in developing and launching successful products. You'll conduct market research, analyze user feedback, and contribute to product strategy.","Open to B.Tech, BCA, B.Sc CS students (2025, 2028 batches)","[""Communication"", ""Excel"", ""Market Analysis""]","[""User Research"", ""Python"", ""A/B Testing""]","[""BCA"", ""B.Tech""]",2 Months,"₹25,000 / Month",https://careers.swiggy.com/apply/internship-757,Demo Dataset
Database Administrator Intern,Accenture India,Cybersecurity,Remote,Remote,"Manage and optimize Accenture India's databases to ensure performance and reliability. You'll handle backups, security, and database maintenance tasks.","Open to MCA, B.Tech, B.Sc CS students (2027, 2028 batches)","[""SQL"", ""PostgreSQL"", ""Database Design""]","[""AWS"", ""MongoDB"", ""Oracle""]","[""BCA"", ""B.Tech"", ""MCA""]",6 Months,"₹30,000 / Month",https://careers.accenture-india.com/apply/internship-758,Demo Dataset
Machine Learning Intern,Amazon India,Artificial Intelligence,Bengaluru,Remote,Contribute to Amazon India's AI initiatives by developing and training machine learning models on real datasets. You'll work alongside ML engineers to solve complex problems and implement cutting-edge algorithms.,"Open to B.Tech, BCA students (2025, 2028 batches)","[""scikit-learn"", ""TensorFlow"", ""Statistics""]","[""NLP"", ""Deep Learning"", ""Computer Vision""]","[""BCA"", ""B.Sc CS""]",2 Months,"₹20,000 / Month",https://careers.amazon-india.com/apply/internship-759,Demo Dataset
Full Stack Developer Intern,InnovateTech,FinTech,Delhi NCR,On-site,Build complete web applications at InnovateTech by working on both frontend and backend technologies. You'll gain experience across the entire development stack and learn best practices in web development.,"Open to B.Sc CS, BCA students (2025, 2026, 2028 batches)","[""Git"", ""React"", ""Node.js""]","[""AWS"", ""REST APIs"", ""MongoDB""]","[""B.Tech"", ""MCA"", ""B.Sc CS""]",2 Months,"₹18,000 / Month",https://careers.innovatetech.com/apply/internship-760,Demo Dataset
Data Analyst Intern,SecureNet India,Artificial Intelligence,Mumbai,On-site,"Work with SecureNet India's data team to analyze business metrics and create actionable insights. You'll develop data visualizations, write SQL queries, and support data-driven decision-making across the organization.","Open to BCA, B.Sc CS, MCA students (2025, 2026, 2028 batches)","[""Excel"", ""Data Visualization"", ""Statistics""]","[""R"", ""Power BI"", ""Apache Spark""]","[""B.Sc CS"", ""BCA""]",1 Month,"₹18,000 / Month",https://careers.securenet-india.com/apply/internship-761,Demo Dataset
Database Administrator Intern,Ola Electric,Cloud Computing,Mumbai,On-site,"Manage and optimize Ola Electric's databases to ensure performance and reliability. You'll handle backups, security, and database maintenance tasks.","Open to BCA, MCA students (2025, 2026 batches)","[""MySQL"", ""Database Design"", ""SQL""]","[""AWS"", ""Oracle"", ""MongoDB""]","[""BCA"", ""MCA""]",3 Months,"₹10,000 / Month",https://careers.ola-electric.com/apply/internship-762,Demo Dataset
Backend Developer Intern,Flipkart,EdTech,Pune,Hybrid,"Design and develop server-side logic and APIs for Flipkart's applications. You'll work with databases, optimize performance, and ensure scalability of backend systems.","Open to B.Tech, MCA students (2027, 2028 batches)","[""Git"", ""Python"", ""SQL""]","[""MongoDB"", ""Node.js"", ""PostgreSQL""]","[""BCA"", ""B.Sc CS""]",1 Month,"₹5,000 / Month",https://careers.flipkart.com/apply/internship-763,Demo Dataset
Cybersecurity Analyst Intern,CloudStack Infra,IT & Software,Bengaluru,Remote,"Help CloudStack Infra protect its digital assets by analyzing security threats and implementing protective measures. You'll participate in security audits, vulnerability assessments, and incident response activities.","Open to B.Tech, MCA, BCA students (2025, 2026, 2028 batches)","[""Firewall"", ""Python"", ""Network Security""]","[""Penetration Testing"", ""Wireshark"", ""AWS""]","[""B.Sc CS"", ""BCA""]",2 Months,"₹10,000 / Month",https://careers.cloudstack-infra.com/apply/internship-764,Demo Dataset
UI/UX Design Intern,PixelCraft Studios,Cybersecurity,Pune,On-site,"Create beautiful and intuitive user interfaces for PixelCraft Studios's digital products. You'll conduct user research, create prototypes, and collaborate with developers to bring designs to life.","Open to B.Sc CS, B.Tech, MCA students (2026, 2028 batches)","[""Wireframing"", ""Figma"", ""Prototyping""]","[""Design Systems"", ""Adobe XD"", ""Sketch""]","[""B.Tech"", ""MCA"", ""BCA""]",3 Months,"₹15,000 / Month",https://careers.pixelcraft-studios.com/apply/internship-765,Demo Dataset
Quality Assurance Intern,Intel India,EdTech,Pune,On-site,"Ensure software quality at Intel India by designing test cases and identifying bugs before release. You'll perform manual testing, create automation scripts, and maintain quality standards.","Open to MCA, BCA, B.Sc CS students (2025, 2026, 2027 batches)","[""Test Cases"", ""Bug Tracking"", ""Python""]","[""LoadRunner"", ""Linux"", ""Selenium""]","[""B.Sc CS"", ""MCA"", ""BCA""]",2 Months,"₹15,000 / Month",https://careers.intel-india.com/apply/internship-766,Demo Dataset
Data Analyst Intern,FutureCode Systems,Cybersecurity,Chennai,Remote,"Work with FutureCode Systems's data team to analyze business metrics and create actionable insights. You'll develop data visualizations, write SQL queries, and support data-driven decision-making across the organization.","Open to MCA, B.Sc CS, BCA students (2026, 2027, 2028 batches)","[""Python"", ""Data Visualization"", ""Excel""]","[""Apache Spark"", ""Power BI"", ""Python""]","[""MCA"", ""BCA"", ""B.Tech""]",2 Months,"₹12,000 / Month",https://careers.futurecode-systems.com/apply/internship-767,Demo Dataset
Backend Developer Intern,NeuroByte AI,E-commerce,Delhi NCR,Hybrid,"Design and develop server-side logic and APIs for NeuroByte AI's applications. You'll work with databases, optimize performance, and ensure scalability of backend systems.","Open to BCA, MCA, B.Sc CS students (2026, 2027, 2028 batches)","[""Java"", ""REST APIs"", ""Git""]","[""Express.js"", ""PostgreSQL"", ""Node.js""]","[""B.Tech"", ""BCA""]",2 Months,"₹12,000 / Month",https://careers.neurobyte-ai.com/apply/internship-768,Demo Dataset
Machine Learning Intern,Oracle India,Artificial Intelligence,Kolkata,Hybrid,Contribute to Oracle India's AI initiatives by developing and training machine learning models on real datasets. You'll work alongside ML engineers to solve complex problems and implement cutting-edge algorithms.,"Open to B.Sc CS, MCA students (2025, 2026 batches)","[""Machine Learning"", ""Python"", ""TensorFlow""]","[""Deep Learning"", ""Computer Vision"", ""PyTorch""]","[""MCA"", ""BCA"", ""B.Tech""]",2 Months,"₹20,000 / Month",https://careers.oracle-india.com/apply/internship-769,Demo Dataset
Quality Assurance Intern,Oracle India,E-commerce,Mumbai,Hybrid,"Ensure software quality at Oracle India by designing test cases and identifying bugs before release. You'll perform manual testing, create automation scripts, and maintain quality standards.","Open to B.Sc CS, BCA, B.Tech students (2025, 2026 batches)","[""Manual Testing"", ""Python"", ""SQL""]","[""Selenium"", ""LoadRunner"", ""Linux""]","[""BCA"", ""MCA"", ""B.Sc CS""]",2 Months,"₹18,000 / Month",https://careers.oracle-india.com/apply/internship-770,Demo Dataset
Solutions Architect Intern,SmartAI Innovations,Artificial Intelligence,Pune,Remote,"Design comprehensive IT solutions for SmartAI Innovations's clients and internal needs. You'll evaluate technologies, create architecture diagrams, and present recommendations.","Open to B.Tech, BCA students (2025, 2026, 2027 batches)","[""Documentation"", ""System Design"", ""SQL""]","[""Azure"", ""Docker"", ""Kubernetes""]","[""BCA"", ""MCA""]",3 Months,"₹10,000 / Month",https://careers.smartai-innovations.com/apply/internship-771,Demo Dataset
Network Engineer Intern,Google India,Cybersecurity,Kolkata,On-site,"Support Google India's network infrastructure by configuring and maintaining network systems. You'll work on network security, connectivity, and performance optimization.","Open to B.Sc CS, B.Tech, BCA students (2026, 2027, 2028 batches)","[""Switching"", ""TCP/IP"", ""Linux""]","[""VPN"", ""Network Security"", ""Python""]","[""MCA"", ""BCA"", ""B.Tech""]",6 Months,"₹15,000 / Month",https://careers.google-india.com/apply/internship-772,Demo Dataset
Mobile App Developer Intern,Zomato,IT & Software,Bengaluru,Hybrid,"Develop mobile applications for iOS or Android platforms at Zomato. You'll work on feature development, testing, and optimization to deliver high-quality mobile experiences.","Open to BCA, B.Sc CS students (2027, 2028 batches)","[""Java"", ""Git"", ""React Native""]","[""iOS"", ""SQLite"", ""Swift""]","[""MCA"", ""B.Sc CS""]",3 Months,"₹18,000 / Month",https://careers.zomato.com/apply/internship-773,Demo Dataset
Business Analyst Intern,Apple India,FinTech,Kolkata,On-site,"Work with Apple India's stakeholders to gather requirements and improve business processes. You'll create documentation, analyze workflows, and support project implementation.","Open to B.Sc CS, MCA, B.Tech students (2026, 2027, 2028 batches)","[""SQL"", ""Communication"", ""Business Analysis""]","[""Process Mapping"", ""Python"", ""Tableau""]","[""B.Sc CS"", ""MCA""]",6 Months,"₹10,000 / Month",https://careers.apple-india.com/apply/internship-774,Demo Dataset
UI/UX Design Intern,ProdigyTech Labs,IT & Software,Chennai,Hybrid,"Create beautiful and intuitive user interfaces for ProdigyTech Labs's digital products. You'll conduct user research, create prototypes, and collaborate with developers to bring designs to life.","Open to B.Sc CS, BCA students (2025, 2027 batches)","[""UI Design"", ""Figma"", ""UX Research""]","[""Adobe XD"", ""Design Systems"", ""Sketch""]","[""B.Tech"", ""BCA""]",2 Months,"₹5,000 / Month",https://careers.prodigytech-labs.com/apply/internship-775,Demo Dataset
Cloud Architect Intern,CloudStack Infra,Data Analytics,Chennai,Remote,"Design scalable and secure cloud solutions for CloudStack Infra's applications and infrastructure. You'll work with cloud platforms, optimize costs, and ensure high availability.","Open to B.Sc CS, B.Tech students (2026, 2027, 2028 batches)","[""Linux"", ""Cloud Architecture"", ""Networking""]","[""GCP"", ""Terraform"", ""Docker""]","[""BCA"", ""MCA"", ""B.Sc CS""]",3 Months,"₹20,000 / Month",https://careers.cloudstack-infra.com/apply/internship-776,Demo Dataset
Business Analyst Intern,ABC Tech,Cybersecurity,Delhi NCR,On-site,"Work with ABC Tech's stakeholders to gather requirements and improve business processes. You'll create documentation, analyze workflows, and support project implementation.","Open to B.Tech, BCA students (2025, 2026, 2027 batches)","[""Communication"", ""SQL"", ""Business Analysis""]","[""Process Mapping"", ""Tableau"", ""JIRA""]","[""B.Sc CS"", ""B.Tech"", ""MCA""]",1 Month,"₹20,000 / Month",https://careers.abc-tech.com/apply/internship-777,Demo Dataset
Frontend Developer Intern,NeuroByte AI,EdTech,Kolkata,Remote,Build responsive and interactive user interfaces for NeuroByte AI's web applications using modern frameworks. You'll collaborate with designers and backend developers to deliver engaging user experiences.,"Open to B.Tech, BCA, B.Sc CS students (2025, 2026 batches)","[""CSS"", ""HTML"", ""Git""]","[""Figma"", ""REST APIs"", ""Redux""]","[""MCA"", ""BCA"", ""B.Sc CS""]",1 Month,"₹18,000 / Month",https://careers.neurobyte-ai.com/apply/internship-778,Demo Dataset
UI/UX Design Intern,Microsoft India,EdTech,Hyderabad,Remote,"Create beautiful and intuitive user interfaces for Microsoft India's digital products. You'll conduct user research, create prototypes, and collaborate with developers to bring designs to life.","Open to BCA, B.Tech students (2026, 2027, 2028 batches)","[""Figma"", ""Prototyping"", ""Wireframing""]","[""Adobe XD"", ""Design Systems"", ""CSS""]","[""BCA"", ""MCA""]",3 Months,"₹5,000 / Month",https://careers.microsoft-india.com/apply/internship-779,Demo Dataset
Data Science Intern,HCL Technologies,Data Analytics,Kolkata,On-site,"Apply statistical methods and machine learning techniques to solve business problems for HCL Technologies. You'll work with large datasets, build predictive models, and communicate insights to stakeholders.","Open to MCA, B.Tech, B.Sc CS students (2026, 2027 batches)","[""Pandas"", ""SQL"", ""Python""]","[""AWS"", ""scikit-learn"", ""R""]","[""B.Tech"", ""B.Sc CS""]",6 Months,"₹12,000 / Month",https://careers.hcl-technologies.com/apply/internship-780,Demo Dataset
Solutions Architect Intern,Amazon India,Data Analytics,Bengaluru,Remote,"Design comprehensive IT solutions for Amazon India's clients and internal needs. You'll evaluate technologies, create architecture diagrams, and present recommendations.","Open to B.Sc CS, B.Tech students (2025, 2026 batches)","[""Documentation"", ""System Design"", ""Cloud Architecture""]","[""Azure"", ""Python"", ""Docker""]","[""B.Sc CS"", ""B.Tech"", ""BCA""]",2 Months,"₹30,000 / Month",https://careers.amazon-india.com/apply/internship-781,Demo Dataset
Mobile App Developer Intern,HCL Technologies,IT & Software,Delhi NCR,On-site,"Develop mobile applications for iOS or Android platforms at HCL Technologies. You'll work on feature development, testing, and optimization to deliver high-quality mobile experiences.","Open to MCA, B.Sc CS, B.Tech students (2025, 2026, 2027 batches)","[""Android"", ""React Native"", ""Kotlin""]","[""Swift"", ""SQLite"", ""Firebase""]","[""B.Sc CS"", ""BCA""]",3 Months,"₹5,000 / Month",https://careers.hcl-technologies.com/apply/internship-782,Demo Dataset
Product Manager Intern,Paytm,Artificial Intelligence,Bengaluru,Hybrid,"Support Paytm's product team in developing and launching successful products. You'll conduct market research, analyze user feedback, and contribute to product strategy.","Open to BCA, B.Sc CS students (2026, 2027 batches)","[""Communication"", ""Excel"", ""Product Strategy""]","[""A/B Testing"", ""User Research"", ""Python""]","[""B.Sc CS"", ""MCA""]",2 Months,"₹12,000 / Month",https://careers.paytm.com/apply/internship-783,Demo Dataset
Cybersecurity Analyst Intern,SecureNet India,Cloud Computing,Kolkata,Hybrid,"Help SecureNet India protect its digital assets by analyzing security threats and implementing protective measures. You'll participate in security audits, vulnerability assessments, and incident response activities.","Open to MCA, BCA, B.Sc CS students (2025, 2026, 2027 batches)","[""Python"", ""Network Security"", ""Linux""]","[""SIEM"", ""Wireshark"", ""AWS""]","[""BCA"", ""MCA"", ""B.Sc CS""]",6 Months,"₹20,000 / Month",https://careers.securenet-india.com/apply/internship-784,Demo Dataset
Database Administrator Intern,QuantumLeap AI,EdTech,Remote,On-site,"Manage and optimize QuantumLeap AI's databases to ensure performance and reliability. You'll handle backups, security, and database maintenance tasks.","Open to B.Sc CS, MCA students (2025, 2026 batches)","[""MySQL"", ""Database Design"", ""PostgreSQL""]","[""Oracle"", ""MongoDB"", ""AWS""]","[""MCA"", ""BCA""]",3 Months,"₹5,000 / Month",https://careers.quantumleap-ai.com/apply/internship-785,Demo Dataset
Database Administrator Intern,HCL Technologies,FinTech,Bengaluru,Hybrid,"Manage and optimize HCL Technologies's databases to ensure performance and reliability. You'll handle backups, security, and database maintenance tasks.","Open to BCA, B.Tech, MCA students (2027, 2028 batches)","[""Database Design"", ""MySQL"", ""PostgreSQL""]","[""AWS"", ""Performance Tuning"", ""Oracle""]","[""B.Tech"", ""BCA""]",1 Month,"₹12,000 / Month",https://careers.hcl-technologies.com/apply/internship-786,Demo Dataset
Quality Assurance Intern,Zomato,Cybersecurity,Remote,On-site,"Ensure software quality at Zomato by designing test cases and identifying bugs before release. You'll perform manual testing, create automation scripts, and maintain quality standards.","Open to B.Tech, MCA, BCA students (2027, 2028 batches)","[""Bug Tracking"", ""Python"", ""Test Cases""]","[""Linux"", ""JIRA"", ""Automation Testing""]","[""BCA"", ""MCA"", ""B.Tech""]",1 Month,"₹15,000 / Month",https://careers.zomato.com/apply/internship-787,Demo Dataset
Cloud Architect Intern,Oracle India,EdTech,Remote,Hybrid,"Design scalable and secure cloud solutions for Oracle India's applications and infrastructure. You'll work with cloud platforms, optimize costs, and ensure high availability.","Open to BCA, B.Tech students (2025, 2026, 2028 batches)","[""Cloud Architecture"", ""Linux"", ""AWS""]","[""Azure"", ""Terraform"", ""GCP""]","[""MCA"", ""BCA""]",6 Months,"₹5,000 / Month",https://careers.oracle-india.com/apply/internship-788,Demo Dataset
Network Engineer Intern,ABC Tech,Cloud Computing,Kolkata,Remote,"Support ABC Tech's network infrastructure by configuring and maintaining network systems. You'll work on network security, connectivity, and performance optimization.","Open to MCA, BCA students (2025, 2027, 2028 batches)","[""Routing"", ""Linux"", ""TCP/IP""]","[""Firewalls"", ""Python"", ""VPN""]","[""B.Sc CS"", ""BCA""]",2 Months,"₹20,000 / Month",https://careers.abc-tech.com/apply/internship-789,Demo Dataset
Cloud Architect Intern,Insight Analytics,Data Analytics,Mumbai,Hybrid,"Design scalable and secure cloud solutions for Insight Analytics's applications and infrastructure. You'll work with cloud platforms, optimize costs, and ensure high availability.","Open to B.Sc CS, MCA students (2025, 2027 batches)","[""Linux"", ""Networking"", ""Cloud Architecture""]","[""Azure"", ""Kubernetes"", ""Docker""]","[""B.Tech"", ""BCA"", ""B.Sc CS""]",1 Month,"₹30,000 / Month",https://careers.insight-analytics.com/apply/internship-790,Demo Dataset
UI/UX Design Intern,ABC Tech,Data Analytics,Bengaluru,On-site,"Create beautiful and intuitive user interfaces for ABC Tech's digital products. You'll conduct user research, create prototypes, and collaborate with developers to bring designs to life.","Open to BCA, B.Tech students (2025, 2026, 2027 batches)","[""Prototyping"", ""Wireframing"", ""Figma""]","[""Adobe XD"", ""Design Systems"", ""CSS""]","[""MCA"", ""BCA""]",6 Months,"₹20,000 / Month",https://careers.abc-tech.com/apply/internship-791,Demo Dataset
Machine Learning Intern,CodeWave Analytics,Cybersecurity,Remote,On-site,Contribute to CodeWave Analytics's AI initiatives by developing and training machine learning models on real datasets. You'll work alongside ML engineers to solve complex problems and implement cutting-edge algorithms.,"Open to B.Tech, BCA students (2026, 2027, 2028 batches)","[""Statistics"", ""TensorFlow"", ""Machine Learning""]","[""Computer Vision"", ""NLP"", ""Deep Learning""]","[""BCA"", ""B.Tech""]",2 Months,"₹12,000 / Month",https://careers.codewave-analytics.com/apply/internship-792,Demo Dataset
Cloud & DevOps Intern,ProdigyTech Labs,IT & Software,Kolkata,Remote,"Support ProdigyTech Labs's cloud infrastructure and deployment pipelines using DevOps best practices. You'll work on containerization, CI/CD automation, and cloud platform management.","Open to B.Sc CS, MCA students (2026, 2028 batches)","[""Linux"", ""Docker"", ""AWS""]","[""Jenkins"", ""Terraform"", ""Azure""]","[""B.Tech"", ""B.Sc CS"", ""MCA""]",1 Month,"₹15,000 / Month",https://careers.prodigytech-labs.com/apply/internship-793,Demo Dataset
Software Development Intern,CloudStack Infra,FinTech,Bengaluru,On-site,"Join CloudStack Infra's development team and contribute to building scalable software solutions using modern technologies. You will work on real-world projects, collaborate with experienced engineers, and gain hands-on experience in the full software development lifecycle.","Open to MCA, B.Sc CS, BCA students (2025, 2026, 2028 batches)","[""C++"", ""Python"", ""Data Structures""]","[""REST APIs"", ""SQL"", ""Linux""]","[""B.Sc CS"", ""MCA""]",1 Month,"₹18,000 / Month",https://careers.cloudstack-infra.com/apply/internship-794,Demo Dataset
Software Development Intern,DataDrive Solutions,Cybersecurity,Bengaluru,On-site,"Join DataDrive Solutions's development team and contribute to building scalable software solutions using modern technologies. You will work on real-world projects, collaborate with experienced engineers, and gain hands-on experience in the full software development lifecycle.","Open to B.Tech, MCA, B.Sc CS students (2026, 2027 batches)","[""C++"", ""Git"", ""Python""]","[""AWS"", ""Linux"", ""REST APIs""]","[""B.Sc CS"", ""MCA""]",2 Months,"₹20,000 / Month",https://careers.datadrive-solutions.com/apply/internship-795,Demo Dataset
Cloud Architect Intern,Swiggy,Artificial Intelligence,Chennai,Hybrid,"Design scalable and secure cloud solutions for Swiggy's applications and infrastructure. You'll work with cloud platforms, optimize costs, and ensure high availability.","Open to MCA, B.Tech, B.Sc CS students (2027, 2028 batches)","[""Linux"", ""System Design"", ""Networking""]","[""GCP"", ""Azure"", ""Kubernetes""]","[""B.Sc CS"", ""BCA""]",1 Month,"₹20,000 / Month",https://careers.swiggy.com/apply/internship-796,Demo Dataset
UI/UX Design Intern,VectorShift AI,FinTech,Hyderabad,On-site,"Create beautiful and intuitive user interfaces for VectorShift AI's digital products. You'll conduct user research, create prototypes, and collaborate with developers to bring designs to life.","Open to B.Tech, B.Sc CS, MCA students (2025, 2027 batches)","[""Prototyping"", ""UI Design"", ""Figma""]","[""Sketch"", ""Adobe XD"", ""CSS""]","[""B.Tech"", ""B.Sc CS"", ""BCA""]",1 Month,"₹15,000 / Month",https://careers.vectorshift-ai.com/apply/internship-797,Demo Dataset
AI/ML Engineer Intern,Ola Electric,Data Analytics,Kolkata,On-site,"Advance Ola Electric's AI capabilities by developing intelligent systems and algorithms. You'll experiment with new techniques, optimize models, and solve complex AI problems.","Open to B.Sc CS, BCA students (2025, 2028 batches)","[""Machine Learning"", ""Python"", ""TensorFlow""]","[""PyTorch"", ""AWS"", ""Computer Vision""]","[""B.Tech"", ""B.Sc CS""]",1 Month,"₹10,000 / Month",https://careers.ola-electric.com/apply/internship-798,Demo Dataset
Frontend Developer Intern,SmartAI Innovations,Data Analytics,Kolkata,Remote,Build responsive and interactive user interfaces for SmartAI Innovations's web applications using modern frameworks. You'll collaborate with designers and backend developers to deliver engaging user experiences.,"Open to MCA, B.Sc CS, BCA students (2025, 2027 batches)","[""JavaScript"", ""CSS"", ""React""]","[""Vue.js"", ""Figma"", ""REST APIs""]","[""BCA"", ""B.Tech"", ""MCA""]",1 Month,"₹25,000 / Month",https://careers.smartai-innovations.com/apply/internship-799,Demo Dataset
Data Analyst Intern,Ola Electric,Artificial Intelligence,Delhi NCR,Remote,"Work with Ola Electric's data team to analyze business metrics and create actionable insights. You'll develop data visualizations, write SQL queries, and support data-driven decision-making across the organization.","Open to BCA, B.Sc CS students (2025, 2026, 2027 batches)","[""Python"", ""Data Visualization"", ""Statistics""]","[""R"", ""Apache Spark"", ""Tableau""]","[""B.Tech"", ""B.Sc CS""]",6 Months,"₹30,000 / Month",https://careers.ola-electric.com/apply/internship-800,Demo Dataset
Quality Assurance Intern,SmartAI Innovations,Artificial Intelligence,Mumbai,Hybrid,"Ensure software quality at SmartAI Innovations by designing test cases and identifying bugs before release. You'll perform manual testing, create automation scripts, and maintain quality standards.","Open to BCA, B.Sc CS, B.Tech students (2025, 2026 batches)","[""Python"", ""Test Cases"", ""Manual Testing""]","[""LoadRunner"", ""Linux"", ""Selenium""]","[""MCA"", ""B.Tech"", ""BCA""]",1 Month,"₹10,000 / Month",https://careers.smartai-innovations.com/apply/internship-801,Demo Dataset
Data Science Intern,Oracle India,Data Analytics,Mumbai,On-site,"Apply statistical methods and machine learning techniques to solve business problems for Oracle India. You'll work with large datasets, build predictive models, and communicate insights to stakeholders.","Open to B.Tech, B.Sc CS, MCA students (2025, 2026, 2028 batches)","[""SQL"", ""Pandas"", ""Statistics""]","[""R"", ""TensorFlow"", ""AWS""]","[""B.Tech"", ""MCA""]",2 Months,"₹30,000 / Month",https://careers.oracle-india.com/apply/internship-802,Demo Dataset
Machine Learning Intern,Amazon India,Artificial Intelligence,Chennai,Remote,Contribute to Amazon India's AI initiatives by developing and training machine learning models on real datasets. You'll work alongside ML engineers to solve complex problems and implement cutting-edge algorithms.,"Open to MCA, BCA students (2025, 2026 batches)","[""Machine Learning"", ""scikit-learn"", ""Python""]","[""AWS"", ""PyTorch"", ""NLP""]","[""MCA"", ""BCA"", ""B.Sc CS""]",2 Months,"₹20,000 / Month",https://careers.amazon-india.com/apply/internship-803,Demo Dataset
Data Science Intern,QuantumLeap AI,Artificial Intelligence,Pune,Remote,"Apply statistical methods and machine learning techniques to solve business problems for QuantumLeap AI. You'll work with large datasets, build predictive models, and communicate insights to stakeholders.","Open to B.Tech, MCA, BCA students (2025, 2027, 2028 batches)","[""Pandas"", ""Machine Learning"", ""Python""]","[""AWS"", ""R"", ""TensorFlow""]","[""BCA"", ""B.Tech""]",3 Months,"₹18,000 / Month",https://careers.quantumleap-ai.com/apply/internship-804,Demo Dataset
Network Engineer Intern,DeepMind India,EdTech,Kolkata,Remote,"Support DeepMind India's network infrastructure by configuring and maintaining network systems. You'll work on network security, connectivity, and performance optimization.","Open to BCA, B.Sc CS, B.Tech students (2025, 2028 batches)","[""Switching"", ""Routing"", ""Networking""]","[""VPN"", ""Firewalls"", ""Network Security""]","[""B.Sc CS"", ""B.Tech"", ""MCA""]",3 Months,"₹5,000 / Month",https://careers.deepmind-india.com/apply/internship-805,Demo Dataset
Full Stack Developer Intern,CloudStack Infra,FinTech,Mumbai,Hybrid,Build complete web applications at CloudStack Infra by working on both frontend and backend technologies. You'll gain experience across the entire development stack and learn best practices in web development.,"Open to B.Sc CS, B.Tech, BCA students (2025, 2027 batches)","[""React"", ""Node.js"", ""SQL""]","[""REST APIs"", ""MongoDB"", ""Express.js""]","[""BCA"", ""B.Sc CS""]",2 Months,"₹15,000 / Month",https://careers.cloudstack-infra.com/apply/internship-806,Demo Dataset
Machine Learning Intern,Wipro,E-commerce,Bengaluru,On-site,Contribute to Wipro's AI initiatives by developing and training machine learning models on real datasets. You'll work alongside ML engineers to solve complex problems and implement cutting-edge algorithms.,"Open to MCA, BCA students (2026, 2027, 2028 batches)","[""scikit-learn"", ""Machine Learning"", ""TensorFlow""]","[""NLP"", ""AWS"", ""Deep Learning""]","[""B.Sc CS"", ""BCA""]",3 Months,"₹12,000 / Month",https://careers.wipro.com/apply/internship-807,Demo Dataset
Data Analyst Intern,ABC Tech,FinTech,Mumbai,Hybrid,"Work with ABC Tech's data team to analyze business metrics and create actionable insights. You'll develop data visualizations, write SQL queries, and support data-driven decision-making across the organization.","Open to BCA, MCA, B.Sc CS students (2025, 2026, 2028 batches)","[""Statistics"", ""SQL"", ""Data Visualization""]","[""Power BI"", ""Python"", ""Tableau""]","[""BCA"", ""B.Tech"", ""B.Sc CS""]",6 Months,"₹5,000 / Month",https://careers.abc-tech.com/apply/internship-808,Demo Dataset
Frontend Developer Intern,SecureNet India,Artificial Intelligence,Kolkata,Hybrid,Build responsive and interactive user interfaces for SecureNet India's web applications using modern frameworks. You'll collaborate with designers and backend developers to deliver engaging user experiences.,"Open to MCA, B.Sc CS, B.Tech students (2025, 2028 batches)","[""React"", ""CSS"", ""Git""]","[""Vue.js"", ""Redux"", ""Figma""]","[""B.Sc CS"", ""MCA""]",2 Months,"₹25,000 / Month",https://careers.securenet-india.com/apply/internship-809,Demo Dataset
Solutions Architect Intern,VectorShift AI,IT & Software,Chennai,On-site,"Design comprehensive IT solutions for VectorShift AI's clients and internal needs. You'll evaluate technologies, create architecture diagrams, and present recommendations.","Open to BCA, B.Sc CS students (2025, 2026, 2028 batches)","[""SQL"", ""Cloud Architecture"", ""System Design""]","[""Python"", ""Azure"", ""GCP""]","[""BCA"", ""B.Sc CS""]",2 Months,"₹5,000 / Month",https://careers.vectorshift-ai.com/apply/internship-810,Demo Dataset
Mobile App Developer Intern,Tech Mahindra,Cloud Computing,Hyderabad,Remote,"Develop mobile applications for iOS or Android platforms at Tech Mahindra. You'll work on feature development, testing, and optimization to deliver high-quality mobile experiences.","Open to BCA, B.Sc CS students (2027, 2028 batches)","[""React Native"", ""Java"", ""Git""]","[""Swift"", ""SQLite"", ""iOS""]","[""BCA"", ""B.Sc CS"", ""MCA""]",1 Month,"₹12,000 / Month",https://careers.tech-mahindra.com/apply/internship-811,Demo Dataset
Data Analyst Intern,CodeWave Analytics,E-commerce,Hyderabad,Hybrid,"Work with CodeWave Analytics's data team to analyze business metrics and create actionable insights. You'll develop data visualizations, write SQL queries, and support data-driven decision-making across the organization.","Open to MCA, B.Tech students (2027, 2028 batches)","[""Data Visualization"", ""SQL"", ""Excel""]","[""Apache Spark"", ""Tableau"", ""R""]","[""B.Tech"", ""B.Sc CS"", ""MCA""]",2 Months,"₹30,000 / Month",https://careers.codewave-analytics.com/apply/internship-812,Demo Dataset
Mobile App Developer Intern,Ola Electric,Artificial Intelligence,Delhi NCR,On-site,"Develop mobile applications for iOS or Android platforms at Ola Electric. You'll work on feature development, testing, and optimization to deliver high-quality mobile experiences.","Open to B.Tech, B.Sc CS students (2025, 2027, 2028 batches)","[""Android"", ""Kotlin"", ""React Native""]","[""Firebase"", ""SQLite"", ""iOS""]","[""BCA"", ""MCA""]",3 Months,"₹18,000 / Month",https://careers.ola-electric.com/apply/internship-813,Demo Dataset
Python Developer Intern,Freshworks,E-commerce,Bengaluru,On-site,Write clean and efficient Python code for Freshworks's projects and applications. You'll learn Python best practices and contribute to building robust software solutions.,"Open to B.Tech, B.Sc CS, MCA students (2027, 2028 batches)","[""SQL"", ""Data Structures"", ""Python""]","[""Django"", ""Flask"", ""Docker""]","[""MCA"", ""BCA"", ""B.Tech""]",2 Months,"₹25,000 / Month",https://careers.freshworks.com/apply/internship-814,Demo Dataset
Machine Learning Intern,DataDrive Solutions,EdTech,Remote,Hybrid,Contribute to DataDrive Solutions's AI initiatives by developing and training machine learning models on real datasets. You'll work alongside ML engineers to solve complex problems and implement cutting-edge algorithms.,"Open to BCA, MCA, B.Tech students (2025, 2028 batches)","[""TensorFlow"", ""scikit-learn"", ""Python""]","[""NLP"", ""Deep Learning"", ""Computer Vision""]","[""B.Sc CS"", ""B.Tech""]",3 Months,"₹20,000 / Month",https://careers.datadrive-solutions.com/apply/internship-815,Demo Dataset
Cloud & DevOps Intern,FutureCode Systems,Artificial Intelligence,Mumbai,Remote,"Support FutureCode Systems's cloud infrastructure and deployment pipelines using DevOps best practices. You'll work on containerization, CI/CD automation, and cloud platform management.","Open to B.Tech, MCA students (2027, 2028 batches)","[""Python"", ""Linux"", ""AWS""]","[""Jenkins"", ""CI/CD"", ""Terraform""]","[""B.Tech"", ""MCA"", ""BCA""]",2 Months,"₹5,000 / Month",https://careers.futurecode-systems.com/apply/internship-816,Demo Dataset
Software Development Intern,SmartAI Innovations,Data Analytics,Remote,Remote,"Join SmartAI Innovations's development team and contribute to building scalable software solutions using modern technologies. You will work on real-world projects, collaborate with experienced engineers, and gain hands-on experience in the full software development lifecycle.","Open to MCA, B.Tech, B.Sc CS students (2025, 2028 batches)","[""Data Structures"", ""Git"", ""Python""]","[""Linux"", ""Docker"", ""REST APIs""]","[""BCA"", ""B.Tech""]",3 Months,"₹20,000 / Month",https://careers.smartai-innovations.com/apply/internship-817,Demo Dataset
Python Developer Intern,Ola Electric,IT & Software,Mumbai,Hybrid,Write clean and efficient Python code for Ola Electric's projects and applications. You'll learn Python best practices and contribute to building robust software solutions.,"Open to MCA, B.Sc CS, BCA students (2025, 2026, 2028 batches)","[""OOP"", ""Git"", ""Python""]","[""Flask"", ""Docker"", ""FastAPI""]","[""B.Sc CS"", ""BCA""]",2 Months,"₹18,000 / Month",https://careers.ola-electric.com/apply/internship-818,Demo Dataset
Solutions Architect Intern,TCS (Tata Consultancy Services),IT & Software,Pune,Hybrid,"Design comprehensive IT solutions for TCS (Tata Consultancy Services)'s clients and internal needs. You'll evaluate technologies, create architecture diagrams, and present recommendations.","Open to B.Tech, B.Sc CS, BCA students (2025, 2028 batches)","[""Cloud Architecture"", ""SQL"", ""System Design""]","[""Python"", ""Kubernetes"", ""GCP""]","[""B.Tech"", ""MCA""]",2 Months,"₹25,000 / Month",https://careers.tcs-tata-consultancy-services.com/apply/internship-819,Demo Dataset
Business Analyst Intern,CloudNine Dynamics,E-commerce,Pune,Hybrid,"Work with CloudNine Dynamics's stakeholders to gather requirements and improve business processes. You'll create documentation, analyze workflows, and support project implementation.","Open to B.Sc CS, MCA, B.Tech students (2027, 2028 batches)","[""Excel"", ""Business Analysis"", ""Communication""]","[""Tableau"", ""JIRA"", ""Process Mapping""]","[""B.Tech"", ""BCA""]",2 Months,"₹18,000 / Month",https://careers.cloudnine-dynamics.com/apply/internship-820,Demo Dataset
Cybersecurity Analyst Intern,DataDrive Solutions,Data Analytics,Bengaluru,Remote,"Help DataDrive Solutions protect its digital assets by analyzing security threats and implementing protective measures. You'll participate in security audits, vulnerability assessments, and incident response activities.","Open to BCA, MCA students (2025, 2027 batches)","[""Linux"", ""Encryption"", ""Firewall""]","[""Penetration Testing"", ""AWS"", ""SIEM""]","[""B.Sc CS"", ""MCA""]",6 Months,"₹18,000 / Month",https://careers.datadrive-solutions.com/apply/internship-821,Demo Dataset
Cybersecurity Analyst Intern,Zomato,Cloud Computing,Delhi NCR,On-site,"Help Zomato protect its digital assets by analyzing security threats and implementing protective measures. You'll participate in security audits, vulnerability assessments, and incident response activities.","Open to MCA, B.Sc CS, BCA students (2025, 2026, 2027 batches)","[""Network Security"", ""Firewall"", ""Python""]","[""Metasploit"", ""SIEM"", ""AWS""]","[""B.Tech"", ""B.Sc CS"", ""MCA""]",3 Months,"₹25,000 / Month",https://careers.zomato.com/apply/internship-822,Demo Dataset
Frontend Developer Intern,Insight Analytics,EdTech,Hyderabad,Remote,Build responsive and interactive user interfaces for Insight Analytics's web applications using modern frameworks. You'll collaborate with designers and backend developers to deliver engaging user experiences.,"Open to BCA, B.Sc CS students (2025, 2026, 2027 batches)","[""JavaScript"", ""Git"", ""HTML""]","[""REST APIs"", ""Vue.js"", ""TypeScript""]","[""B.Tech"", ""BCA""]",2 Months,"₹15,000 / Month",https://careers.insight-analytics.com/apply/internship-823,Demo Dataset
Software Development Intern,SmartAI Innovations,FinTech,Pune,Hybrid,"Join SmartAI Innovations's development team and contribute to building scalable software solutions using modern technologies. You will work on real-world projects, collaborate with experienced engineers, and gain hands-on experience in the full software development lifecycle.","Open to MCA, BCA, B.Tech students (2025, 2027, 2028 batches)","[""Data Structures"", ""C++"", ""Python""]","[""REST APIs"", ""Linux"", ""Docker""]","[""BCA"", ""B.Tech""]",2 Months,"₹20,000 / Month",https://careers.smartai-innovations.com/apply/internship-824,Demo Dataset
Data Analyst Intern,Swiggy,FinTech,Chennai,On-site,"Work with Swiggy's data team to analyze business metrics and create actionable insights. You'll develop data visualizations, write SQL queries, and support data-driven decision-making across the organization.","Open to BCA, B.Sc CS students (2025, 2026, 2027 batches)","[""Python"", ""Excel"", ""SQL""]","[""Python"", ""Tableau"", ""R""]","[""BCA"", ""MCA"", ""B.Tech""]",3 Months,"₹18,000 / Month",https://careers.swiggy.com/apply/internship-825,Demo Dataset
Python Developer Intern,Apple India,EdTech,Hyderabad,On-site,Write clean and efficient Python code for Apple India's projects and applications. You'll learn Python best practices and contribute to building robust software solutions.,"Open to MCA, B.Tech, B.Sc CS students (2026, 2027, 2028 batches)","[""Python"", ""Git"", ""OOP""]","[""PostgreSQL"", ""Flask"", ""FastAPI""]","[""BCA"", ""MCA""]",2 Months,"₹12,000 / Month",https://careers.apple-india.com/apply/internship-826,Demo Dataset
Backend Developer Intern,QuantumLeap AI,FinTech,Hyderabad,Hybrid,"Design and develop server-side logic and APIs for QuantumLeap AI's applications. You'll work with databases, optimize performance, and ensure scalability of backend systems.","Open to B.Sc CS, B.Tech, MCA students (2027, 2028 batches)","[""Python"", ""SQL"", ""Git""]","[""MongoDB"", ""Node.js"", ""PostgreSQL""]","[""MCA"", ""B.Sc CS""]",6 Months,"₹20,000 / Month",https://careers.quantumleap-ai.com/apply/internship-827,Demo Dataset
Backend Developer Intern,SmartAI Innovations,Artificial Intelligence,Delhi NCR,Remote,"Design and develop server-side logic and APIs for SmartAI Innovations's applications. You'll work with databases, optimize performance, and ensure scalability of backend systems.","Open to MCA, B.Tech students (2026, 2027, 2028 batches)","[""Git"", ""REST APIs"", ""Python""]","[""Docker"", ""MongoDB"", ""Node.js""]","[""MCA"", ""BCA""]",2 Months,"₹5,000 / Month",https://careers.smartai-innovations.com/apply/internship-828,Demo Dataset
Software Development Intern,Paytm,Data Analytics,Pune,Remote,"Join Paytm's development team and contribute to building scalable software solutions using modern technologies. You will work on real-world projects, collaborate with experienced engineers, and gain hands-on experience in the full software development lifecycle.","Open to B.Sc CS, MCA students (2025, 2027, 2028 batches)","[""Data Structures"", ""Python"", ""Java""]","[""AWS"", ""REST APIs"", ""Linux""]","[""B.Tech"", ""B.Sc CS"", ""MCA""]",6 Months,"₹15,000 / Month",https://careers.paytm.com/apply/internship-829,Demo Dataset
UI/UX Design Intern,ProdigyTech Labs,Artificial Intelligence,Remote,Remote,"Create beautiful and intuitive user interfaces for ProdigyTech Labs's digital products. You'll conduct user research, create prototypes, and collaborate with developers to bring designs to life.","Open to MCA, BCA, B.Sc CS students (2026, 2027 batches)","[""Figma"", ""Wireframing"", ""Prototyping""]","[""Sketch"", ""CSS"", ""Design Systems""]","[""B.Sc CS"", ""BCA"", ""B.Tech""]",6 Months,"₹30,000 / Month",https://careers.prodigytech-labs.com/apply/internship-830,Demo Dataset
UI/UX Design Intern,Google India,Artificial Intelligence,Mumbai,Remote,"Create beautiful and intuitive user interfaces for Google India's digital products. You'll conduct user research, create prototypes, and collaborate with developers to bring designs to life.","Open to B.Tech, BCA students (2025, 2028 batches)","[""UX Research"", ""Prototyping"", ""UI Design""]","[""Design Systems"", ""Adobe XD"", ""CSS""]","[""B.Sc CS"", ""MCA""]",2 Months,"₹30,000 / Month",https://careers.google-india.com/apply/internship-831,Demo Dataset
Full Stack Developer Intern,NeuroByte AI,Data Analytics,Pune,Remote,Build complete web applications at NeuroByte AI by working on both frontend and backend technologies. You'll gain experience across the entire development stack and learn best practices in web development.,"Open to B.Sc CS, B.Tech students (2027, 2028 batches)","[""Git"", ""SQL"", ""Node.js""]","[""MongoDB"", ""AWS"", ""Express.js""]","[""BCA"", ""MCA"", ""B.Tech""]",2 Months,"₹15,000 / Month",https://careers.neurobyte-ai.com/apply/internship-832,Demo Dataset
Backend Developer Intern,Accenture India,Artificial Intelligence,Pune,Hybrid,"Design and develop server-side logic and APIs for Accenture India's applications. You'll work with databases, optimize performance, and ensure scalability of backend systems.","Open to B.Sc CS, BCA, B.Tech students (2025, 2026 batches)","[""Java"", ""REST APIs"", ""Git""]","[""MongoDB"", ""Node.js"", ""Docker""]","[""B.Sc CS"", ""MCA""]",1 Month,"₹25,000 / Month",https://careers.accenture-india.com/apply/internship-833,Demo Dataset
Machine Learning Intern,Freshworks,Cloud Computing,Chennai,On-site,Contribute to Freshworks's AI initiatives by developing and training machine learning models on real datasets. You'll work alongside ML engineers to solve complex problems and implement cutting-edge algorithms.,"Open to B.Tech, MCA students (2025, 2026, 2028 batches)","[""scikit-learn"", ""Python"", ""Machine Learning""]","[""AWS"", ""Computer Vision"", ""PyTorch""]","[""MCA"", ""B.Sc CS""]",3 Months,"₹20,000 / Month",https://careers.freshworks.com/apply/internship-834,Demo Dataset
Backend Developer Intern,Accenture India,Data Analytics,Hyderabad,Hybrid,"Design and develop server-side logic and APIs for Accenture India's applications. You'll work with databases, optimize performance, and ensure scalability of backend systems.","Open to BCA, MCA students (2025, 2027 batches)","[""Git"", ""SQL"", ""Python""]","[""Docker"", ""MongoDB"", ""Node.js""]","[""BCA"", ""MCA"", ""B.Tech""]",3 Months,"₹25,000 / Month",https://careers.accenture-india.com/apply/internship-835,Demo Dataset
Software Development Intern,CloudStack Infra,Artificial Intelligence,Delhi NCR,Hybrid,"Join CloudStack Infra's development team and contribute to building scalable software solutions using modern technologies. You will work on real-world projects, collaborate with experienced engineers, and gain hands-on experience in the full software development lifecycle.","Open to B.Sc CS, BCA, B.Tech students (2026, 2028 batches)","[""Data Structures"", ""C++"", ""Java""]","[""SQL"", ""Docker"", ""REST APIs""]","[""BCA"", ""B.Tech"", ""B.Sc CS""]",2 Months,"₹18,000 / Month",https://careers.cloudstack-infra.com/apply/internship-836,Demo Dataset
Python Developer Intern,Tech Mahindra,Data Analytics,Chennai,Remote,Write clean and efficient Python code for Tech Mahindra's projects and applications. You'll learn Python best practices and contribute to building robust software solutions.,"Open to B.Sc CS, BCA, B.Tech students (2026, 2027, 2028 batches)","[""Git"", ""SQL"", ""OOP""]","[""Docker"", ""Django"", ""Flask""]","[""MCA"", ""B.Tech""]",6 Months,"₹10,000 / Month",https://careers.tech-mahindra.com/apply/internship-837,Demo Dataset
AI/ML Engineer Intern,Paytm,E-commerce,Kolkata,On-site,"Advance Paytm's AI capabilities by developing intelligent systems and algorithms. You'll experiment with new techniques, optimize models, and solve complex AI problems.","Open to B.Sc CS, MCA students (2025, 2026, 2027 batches)","[""Deep Learning"", ""Machine Learning"", ""Statistics""]","[""Reinforcement Learning"", ""PyTorch"", ""NLP""]","[""B.Sc CS"", ""B.Tech"", ""BCA""]",2 Months,"₹25,000 / Month",https://careers.paytm.com/apply/internship-838,Demo Dataset
Backend Developer Intern,Wipro,FinTech,Remote,On-site,"Design and develop server-side logic and APIs for Wipro's applications. You'll work with databases, optimize performance, and ensure scalability of backend systems.","Open to B.Tech, BCA students (2026, 2028 batches)","[""Git"", ""REST APIs"", ""SQL""]","[""PostgreSQL"", ""Node.js"", ""Docker""]","[""BCA"", ""MCA""]",6 Months,"₹25,000 / Month",https://careers.wipro.com/apply/internship-839,Demo Dataset
Business Analyst Intern,VectorShift AI,EdTech,Mumbai,Hybrid,"Work with VectorShift AI's stakeholders to gather requirements and improve business processes. You'll create documentation, analyze workflows, and support project implementation.","Open to B.Tech, MCA students (2025, 2027, 2028 batches)","[""Business Analysis"", ""Documentation"", ""SQL""]","[""Requirements Gathering"", ""Process Mapping"", ""JIRA""]","[""MCA"", ""BCA""]",2 Months,"₹15,000 / Month",https://careers.vectorshift-ai.com/apply/internship-840,Demo Dataset
Frontend Developer Intern,Flipkart,E-commerce,Remote,On-site,Build responsive and interactive user interfaces for Flipkart's web applications using modern frameworks. You'll collaborate with designers and backend developers to deliver engaging user experiences.,"Open to B.Sc CS, B.Tech students (2026, 2027, 2028 batches)","[""React"", ""CSS"", ""JavaScript""]","[""Vue.js"", ""REST APIs"", ""Redux""]","[""MCA"", ""BCA"", ""B.Sc CS""]",6 Months,"₹10,000 / Month",https://careers.flipkart.com/apply/internship-841,Demo Dataset
Network Engineer Intern,Apple India,FinTech,Remote,Hybrid,"Support Apple India's network infrastructure by configuring and maintaining network systems. You'll work on network security, connectivity, and performance optimization.","Open to B.Tech, MCA students (2025, 2027 batches)","[""Linux"", ""Routing"", ""Networking""]","[""Network Security"", ""VPN"", ""Python""]","[""BCA"", ""B.Sc CS"", ""B.Tech""]",3 Months,"₹12,000 / Month",https://careers.apple-india.com/apply/internship-842,Demo Dataset
Solutions Architect Intern,Flipkart,Cybersecurity,Mumbai,Remote,"Design comprehensive IT solutions for Flipkart's clients and internal needs. You'll evaluate technologies, create architecture diagrams, and present recommendations.","Open to MCA, B.Sc CS students (2025, 2026, 2027 batches)","[""Documentation"", ""AWS"", ""SQL""]","[""Azure"", ""Docker"", ""GCP""]","[""BCA"", ""B.Sc CS"", ""B.Tech""]",3 Months,"₹10,000 / Month",https://careers.flipkart.com/apply/internship-843,Demo Dataset
Quality Assurance Intern,HCL Technologies,E-commerce,Hyderabad,On-site,"Ensure software quality at HCL Technologies by designing test cases and identifying bugs before release. You'll perform manual testing, create automation scripts, and maintain quality standards.","Open to BCA, B.Tech, MCA students (2026, 2027 batches)","[""Manual Testing"", ""SQL"", ""Python""]","[""LoadRunner"", ""Automation Testing"", ""Linux""]","[""BCA"", ""B.Sc CS""]",2 Months,"₹30,000 / Month",https://careers.hcl-technologies.com/apply/internship-844,Demo Dataset
Machine Learning Intern,Amazon India,Cybersecurity,Pune,Hybrid,Contribute to Amazon India's AI initiatives by developing and training machine learning models on real datasets. You'll work alongside ML engineers to solve complex problems and implement cutting-edge algorithms.,"Open to BCA, B.Tech students (2025, 2026, 2027 batches)","[""scikit-learn"", ""Statistics"", ""Machine Learning""]","[""Computer Vision"", ""AWS"", ""Deep Learning""]","[""B.Sc CS"", ""B.Tech""]",1 Month,"₹12,000 / Month",https://careers.amazon-india.com/apply/internship-845,Demo Dataset
Mobile App Developer Intern,CloudNine Dynamics,Cloud Computing,Mumbai,Hybrid,"Develop mobile applications for iOS or Android platforms at CloudNine Dynamics. You'll work on feature development, testing, and optimization to deliver high-quality mobile experiences.","Open to B.Tech, MCA, BCA students (2025, 2026, 2028 batches)","[""React Native"", ""Git"", ""Java""]","[""iOS"", ""SQLite"", ""Firebase""]","[""BCA"", ""MCA"", ""B.Tech""]",3 Months,"₹12,000 / Month",https://careers.cloudnine-dynamics.com/apply/internship-846,Demo Dataset
Backend Developer Intern,Infosys,Artificial Intelligence,Pune,Remote,"Design and develop server-side logic and APIs for Infosys's applications. You'll work with databases, optimize performance, and ensure scalability of backend systems.","Open to B.Sc CS, B.Tech students (2025, 2027 batches)","[""REST APIs"", ""Java"", ""Git""]","[""MongoDB"", ""PostgreSQL"", ""Docker""]","[""MCA"", ""BCA""]",2 Months,"₹18,000 / Month",https://careers.infosys.com/apply/internship-847,Demo Dataset
Cybersecurity Analyst Intern,Cognizant,Artificial Intelligence,Kolkata,On-site,"Help Cognizant protect its digital assets by analyzing security threats and implementing protective measures. You'll participate in security audits, vulnerability assessments, and incident response activities.","Open to MCA, B.Sc CS, B.Tech students (2025, 2026, 2028 batches)","[""Linux"", ""Python"", ""Firewall""]","[""Penetration Testing"", ""SIEM"", ""Metasploit""]","[""MCA"", ""B.Sc CS""]",3 Months,"₹25,000 / Month",https://careers.cognizant.com/apply/internship-848,Demo Dataset
Frontend Developer Intern,FutureCode Systems,EdTech,Mumbai,On-site,Build responsive and interactive user interfaces for FutureCode Systems's web applications using modern frameworks. You'll collaborate with designers and backend developers to deliver engaging user experiences.,"Open to MCA, BCA students (2025, 2026, 2028 batches)","[""HTML"", ""Git"", ""CSS""]","[""TypeScript"", ""REST APIs"", ""Figma""]","[""BCA"", ""MCA""]",6 Months,"₹30,000 / Month",https://careers.futurecode-systems.com/apply/internship-849,Demo Dataset
UI/UX Design Intern,Insight Analytics,IT & Software,Kolkata,Remote,"Create beautiful and intuitive user interfaces for Insight Analytics's digital products. You'll conduct user research, create prototypes, and collaborate with developers to bring designs to life.","Open to MCA, BCA, B.Sc CS students (2025, 2026 batches)","[""Wireframing"", ""Figma"", ""UI Design""]","[""User Testing"", ""Adobe XD"", ""Design Systems""]","[""B.Sc CS"", ""B.Tech""]",1 Month,"₹30,000 / Month",https://careers.insight-analytics.com/apply/internship-850,Demo Dataset
Network Engineer Intern,TechVision Labs,EdTech,Kolkata,On-site,"Support TechVision Labs's network infrastructure by configuring and maintaining network systems. You'll work on network security, connectivity, and performance optimization.","Open to B.Tech, BCA students (2025, 2026, 2027 batches)","[""Routing"", ""Networking"", ""Switching""]","[""Firewalls"", ""Cisco IOS"", ""Network Security""]","[""MCA"", ""B.Tech"", ""BCA""]",1 Month,"₹18,000 / Month",https://careers.techvision-labs.com/apply/internship-851,Demo Dataset
UI/UX Design Intern,InnovateTech,E-commerce,Delhi NCR,On-site,"Create beautiful and intuitive user interfaces for InnovateTech's digital products. You'll conduct user research, create prototypes, and collaborate with developers to bring designs to life.","Open to B.Sc CS, MCA students (2027, 2028 batches)","[""Wireframing"", ""UI Design"", ""UX Research""]","[""Adobe XD"", ""Design Systems"", ""CSS""]","[""B.Tech"", ""B.Sc CS""]",2 Months,"₹30,000 / Month",https://careers.innovatetech.com/apply/internship-852,Demo Dataset
Mobile App Developer Intern,Cognizant,Cybersecurity,Kolkata,Hybrid,"Develop mobile applications for iOS or Android platforms at Cognizant. You'll work on feature development, testing, and optimization to deliver high-quality mobile experiences.","Open to MCA, B.Sc CS, BCA students (2025, 2028 batches)","[""Android"", ""Java"", ""Git""]","[""Firebase"", ""REST APIs"", ""SQLite""]","[""BCA"", ""B.Sc CS""]",6 Months,"₹12,000 / Month",https://careers.cognizant.com/apply/internship-853,Demo Dataset
Frontend Developer Intern,DeepMind India,Data Analytics,Hyderabad,Remote,Build responsive and interactive user interfaces for DeepMind India's web applications using modern frameworks. You'll collaborate with designers and backend developers to deliver engaging user experiences.,"Open to MCA, B.Tech students (2025, 2026, 2028 batches)","[""Git"", ""CSS"", ""React""]","[""TypeScript"", ""Redux"", ""Vue.js""]","[""MCA"", ""B.Tech"", ""BCA""]",2 Months,"₹30,000 / Month",https://careers.deepmind-india.com/apply/internship-854,Demo Dataset
Frontend Developer Intern,Zomato,Artificial Intelligence,Mumbai,Remote,Build responsive and interactive user interfaces for Zomato's web applications using modern frameworks. You'll collaborate with designers and backend developers to deliver engaging user experiences.,"Open to B.Tech, B.Sc CS students (2026, 2027, 2028 batches)","[""React"", ""Git"", ""HTML""]","[""TypeScript"", ""Vue.js"", ""REST APIs""]","[""B.Sc CS"", ""BCA"", ""B.Tech""]",1 Month,"₹18,000 / Month",https://careers.zomato.com/apply/internship-855,Demo Dataset
Network Engineer Intern,SmartAI Innovations,Data Analytics,Pune,Hybrid,"Support SmartAI Innovations's network infrastructure by configuring and maintaining network systems. You'll work on network security, connectivity, and performance optimization.","Open to MCA, B.Sc CS students (2025, 2026, 2027 batches)","[""Networking"", ""Linux"", ""Routing""]","[""Network Security"", ""Firewalls"", ""Python""]","[""BCA"", ""B.Sc CS""]",1 Month,"₹15,000 / Month",https://careers.smartai-innovations.com/apply/internship-856,Demo Dataset
UI/UX Design Intern,CloudNine Dynamics,Cloud Computing,Pune,Remote,"Create beautiful and intuitive user interfaces for CloudNine Dynamics's digital products. You'll conduct user research, create prototypes, and collaborate with developers to bring designs to life.","Open to BCA, B.Tech, MCA students (2026, 2028 batches)","[""Prototyping"", ""UX Research"", ""Wireframing""]","[""Adobe XD"", ""User Testing"", ""CSS""]","[""B.Sc CS"", ""B.Tech""]",6 Months,"₹10,000 / Month",https://careers.cloudnine-dynamics.com/apply/internship-857,Demo Dataset
Full Stack Developer Intern,Tech Mahindra,FinTech,Kolkata,On-site,Build complete web applications at Tech Mahindra by working on both frontend and backend technologies. You'll gain experience across the entire development stack and learn best practices in web development.,"Open to BCA, B.Sc CS, B.Tech students (2025, 2027, 2028 batches)","[""React"", ""Node.js"", ""Git""]","[""REST APIs"", ""Docker"", ""Express.js""]","[""B.Tech"", ""MCA"", ""B.Sc CS""]",3 Months,"₹20,000 / Month",https://careers.tech-mahindra.com/apply/internship-858,Demo Dataset
AI/ML Engineer Intern,PixelCraft Studios,Cybersecurity,Chennai,Hybrid,"Advance PixelCraft Studios's AI capabilities by developing intelligent systems and algorithms. You'll experiment with new techniques, optimize models, and solve complex AI problems.","Open to B.Sc CS, MCA, BCA students (2026, 2027 batches)","[""Machine Learning"", ""TensorFlow"", ""Deep Learning""]","[""Reinforcement Learning"", ""NLP"", ""PyTorch""]","[""B.Sc CS"", ""BCA""]",3 Months,"₹30,000 / Month",https://careers.pixelcraft-studios.com/apply/internship-859,Demo Dataset
AI/ML Engineer Intern,Vedantu,Cloud Computing,Remote,On-site,"Advance Vedantu's AI capabilities by developing intelligent systems and algorithms. You'll experiment with new techniques, optimize models, and solve complex AI problems.","Open to B.Tech, B.Sc CS, MCA students (2025, 2028 batches)","[""Machine Learning"", ""TensorFlow"", ""Deep Learning""]","[""AWS"", ""NLP"", ""Reinforcement Learning""]","[""MCA"", ""B.Tech"", ""B.Sc CS""]",1 Month,"₹12,000 / Month",https://careers.vedantu.com/apply/internship-860,Demo Dataset
Python Developer Intern,CodeWave Analytics,Data Analytics,Chennai,Hybrid,Write clean and efficient Python code for CodeWave Analytics's projects and applications. You'll learn Python best practices and contribute to building robust software solutions.,"Open to BCA, B.Tech, B.Sc CS students (2025, 2028 batches)","[""Data Structures"", ""Git"", ""SQL""]","[""FastAPI"", ""Docker"", ""PostgreSQL""]","[""B.Tech"", ""MCA"", ""B.Sc CS""]",6 Months,"₹18,000 / Month",https://careers.codewave-analytics.com/apply/internship-861,Demo Dataset
Network Engineer Intern,Apple India,IT & Software,Hyderabad,Hybrid,"Support Apple India's network infrastructure by configuring and maintaining network systems. You'll work on network security, connectivity, and performance optimization.","Open to B.Sc CS, B.Tech students (2025, 2026, 2027 batches)","[""Linux"", ""Networking"", ""TCP/IP""]","[""Network Security"", ""VPN"", ""Python""]","[""BCA"", ""B.Sc CS"", ""B.Tech""]",2 Months,"₹10,000 / Month",https://careers.apple-india.com/apply/internship-862,Demo Dataset
Business Analyst Intern,Microsoft India,EdTech,Kolkata,Hybrid,"Work with Microsoft India's stakeholders to gather requirements and improve business processes. You'll create documentation, analyze workflows, and support project implementation.","Open to BCA, MCA students (2025, 2027, 2028 batches)","[""Excel"", ""Business Analysis"", ""Documentation""]","[""Python"", ""JIRA"", ""Requirements Gathering""]","[""B.Tech"", ""BCA""]",1 Month,"₹5,000 / Month",https://careers.microsoft-india.com/apply/internship-863,Demo Dataset
Python Developer Intern,SmartAI Innovations,Cloud Computing,Hyderabad,Hybrid,Write clean and efficient Python code for SmartAI Innovations's projects and applications. You'll learn Python best practices and contribute to building robust software solutions.,"Open to BCA, B.Sc CS, MCA students (2025, 2026, 2027 batches)","[""Python"", ""SQL"", ""OOP""]","[""PostgreSQL"", ""FastAPI"", ""Docker""]","[""B.Tech"", ""B.Sc CS""]",3 Months,"₹18,000 / Month",https://careers.smartai-innovations.com/apply/internship-864,Demo Dataset
UI/UX Design Intern,ByteForce Labs,Data Analytics,Pune,On-site,"Create beautiful and intuitive user interfaces for ByteForce Labs's digital products. You'll conduct user research, create prototypes, and collaborate with developers to bring designs to life.","Open to BCA, B.Sc CS students (2025, 2027 batches)","[""Prototyping"", ""UX Research"", ""UI Design""]","[""Sketch"", ""Adobe XD"", ""CSS""]","[""BCA"", ""MCA""]",6 Months,"₹18,000 / Month",https://careers.byteforce-labs.com/apply/internship-865,Demo Dataset
Business Analyst Intern,TCS (Tata Consultancy Services),FinTech,Hyderabad,On-site,"Work with TCS (Tata Consultancy Services)'s stakeholders to gather requirements and improve business processes. You'll create documentation, analyze workflows, and support project implementation.","Open to MCA, BCA, B.Sc CS students (2025, 2027 batches)","[""Communication"", ""Documentation"", ""SQL""]","[""Python"", ""Requirements Gathering"", ""Process Mapping""]","[""B.Tech"", ""BCA""]",2 Months,"₹15,000 / Month",https://careers.tcs-tata-consultancy-services.com/apply/internship-866,Demo Dataset
Software Development Intern,Cisco Systems India,E-commerce,Remote,Hybrid,"Join Cisco Systems India's development team and contribute to building scalable software solutions using modern technologies. You will work on real-world projects, collaborate with experienced engineers, and gain hands-on experience in the full software development lifecycle.","Open to B.Tech, BCA, B.Sc CS students (2026, 2027 batches)","[""Java"", ""Python"", ""C++""]","[""AWS"", ""REST APIs"", ""Docker""]","[""B.Sc CS"", ""B.Tech"", ""BCA""]",1 Month,"₹18,000 / Month",https://careers.cisco-systems-india.com/apply/internship-867,Demo Dataset
Data Analyst Intern,NeuroTech Solutions,EdTech,Hyderabad,Remote,"Work with NeuroTech Solutions's data team to analyze business metrics and create actionable insights. You'll develop data visualizations, write SQL queries, and support data-driven decision-making across the organization.","Open to B.Sc CS, B.Tech students (2025, 2027, 2028 batches)","[""Data Visualization"", ""Excel"", ""Statistics""]","[""R"", ""Apache Spark"", ""Python""]","[""B.Sc CS"", ""B.Tech"", ""MCA""]",6 Months,"₹25,000 / Month",https://careers.neurotech-solutions.com/apply/internship-868,Demo Dataset
Frontend Developer Intern,Flipkart,E-commerce,Mumbai,On-site,Build responsive and interactive user interfaces for Flipkart's web applications using modern frameworks. You'll collaborate with designers and backend developers to deliver engaging user experiences.,"Open to MCA, B.Tech students (2025, 2028 batches)","[""Git"", ""HTML"", ""CSS""]","[""REST APIs"", ""TypeScript"", ""Figma""]","[""MCA"", ""BCA""]",6 Months,"₹25,000 / Month",https://careers.flipkart.com/apply/internship-869,Demo Dataset
Database Administrator Intern,PolicyBazaar,Artificial Intelligence,Bengaluru,On-site,"Manage and optimize PolicyBazaar's databases to ensure performance and reliability. You'll handle backups, security, and database maintenance tasks.","Open to MCA, B.Sc CS students (2027, 2028 batches)","[""SQL"", ""MySQL"", ""PostgreSQL""]","[""Backup & Recovery"", ""Performance Tuning"", ""Oracle""]","[""BCA"", ""B.Sc CS""]",1 Month,"₹10,000 / Month",https://careers.policybazaar.com/apply/internship-870,Demo Dataset
Cloud & DevOps Intern,SmartAI Innovations,Artificial Intelligence,Kolkata,Hybrid,"Support SmartAI Innovations's cloud infrastructure and deployment pipelines using DevOps best practices. You'll work on containerization, CI/CD automation, and cloud platform management.","Open to B.Tech, MCA students (2025, 2026, 2028 batches)","[""Linux"", ""AWS"", ""Python""]","[""CI/CD"", ""Azure"", ""Jenkins""]","[""BCA"", ""B.Sc CS"", ""MCA""]",1 Month,"₹30,000 / Month",https://careers.smartai-innovations.com/apply/internship-871,Demo Dataset
Cloud Architect Intern,Accenture India,Artificial Intelligence,Chennai,Hybrid,"Design scalable and secure cloud solutions for Accenture India's applications and infrastructure. You'll work with cloud platforms, optimize costs, and ensure high availability.","Open to B.Tech, BCA students (2026, 2027, 2028 batches)","[""AWS"", ""Cloud Architecture"", ""Linux""]","[""Kubernetes"", ""Terraform"", ""Docker""]","[""BCA"", ""MCA""]",3 Months,"₹12,000 / Month",https://careers.accenture-india.com/apply/internship-872,Demo Dataset
Business Analyst Intern,FutureCode Systems,IT & Software,Delhi NCR,On-site,"Work with FutureCode Systems's stakeholders to gather requirements and improve business processes. You'll create documentation, analyze workflows, and support project implementation.","Open to B.Tech, B.Sc CS students (2025, 2026 batches)","[""Excel"", ""Documentation"", ""SQL""]","[""Process Mapping"", ""Tableau"", ""JIRA""]","[""B.Sc CS"", ""MCA""]",1 Month,"₹12,000 / Month",https://careers.futurecode-systems.com/apply/internship-873,Demo Dataset
Quality Assurance Intern,InnovateTech,EdTech,Chennai,Hybrid,"Ensure software quality at InnovateTech by designing test cases and identifying bugs before release. You'll perform manual testing, create automation scripts, and maintain quality standards.","Open to B.Sc CS, MCA students (2025, 2028 batches)","[""Manual Testing"", ""SQL"", ""Bug Tracking""]","[""Automation Testing"", ""Linux"", ""JIRA""]","[""BCA"", ""MCA""]",1 Month,"₹25,000 / Month",https://careers.innovatetech.com/apply/internship-874,Demo Dataset
Software Development Intern,TechVision Labs,E-commerce,Mumbai,Hybrid,"Join TechVision Labs's development team and contribute to building scalable software solutions using modern technologies. You will work on real-world projects, collaborate with experienced engineers, and gain hands-on experience in the full software development lifecycle.","Open to MCA, BCA students (2025, 2027, 2028 batches)","[""Python"", ""Data Structures"", ""Java""]","[""REST APIs"", ""SQL"", ""Docker""]","[""B.Tech"", ""MCA""]",6 Months,"₹25,000 / Month",https://careers.techvision-labs.com/apply/internship-875,Demo Dataset
Cybersecurity Analyst Intern,DeepMind India,Data Analytics,Bengaluru,Remote,"Help DeepMind India protect its digital assets by analyzing security threats and implementing protective measures. You'll participate in security audits, vulnerability assessments, and incident response activities.","Open to MCA, BCA students (2025, 2028 batches)","[""Encryption"", ""Linux"", ""Python""]","[""SIEM"", ""Metasploit"", ""AWS""]","[""B.Tech"", ""B.Sc CS""]",1 Month,"₹25,000 / Month",https://careers.deepmind-india.com/apply/internship-876,Demo Dataset
Cloud Architect Intern,Oracle India,Cloud Computing,Pune,Remote,"Design scalable and secure cloud solutions for Oracle India's applications and infrastructure. You'll work with cloud platforms, optimize costs, and ensure high availability.","Open to MCA, BCA, B.Sc CS students (2025, 2028 batches)","[""AWS"", ""Linux"", ""Cloud Architecture""]","[""Terraform"", ""Kubernetes"", ""GCP""]","[""MCA"", ""B.Sc CS""]",6 Months,"₹30,000 / Month",https://careers.oracle-india.com/apply/internship-877,Demo Dataset
Network Engineer Intern,Tech Mahindra,E-commerce,Mumbai,Hybrid,"Support Tech Mahindra's network infrastructure by configuring and maintaining network systems. You'll work on network security, connectivity, and performance optimization.","Open to MCA, B.Sc CS, BCA students (2025, 2026, 2028 batches)","[""Linux"", ""Networking"", ""Routing""]","[""VPN"", ""Python"", ""Cisco IOS""]","[""B.Sc CS"", ""MCA"", ""B.Tech""]",2 Months,"₹10,000 / Month",https://careers.tech-mahindra.com/apply/internship-878,Demo Dataset
Machine Learning Intern,Razorpay,E-commerce,Hyderabad,Remote,Contribute to Razorpay's AI initiatives by developing and training machine learning models on real datasets. You'll work alongside ML engineers to solve complex problems and implement cutting-edge algorithms.,"Open to BCA, MCA students (2025, 2026, 2028 batches)","[""Machine Learning"", ""Python"", ""Statistics""]","[""PyTorch"", ""NLP"", ""Deep Learning""]","[""MCA"", ""B.Sc CS""]",1 Month,"₹25,000 / Month",https://careers.razorpay.com/apply/internship-879,Demo Dataset
Cloud Architect Intern,PixelCraft Studios,E-commerce,Pune,On-site,"Design scalable and secure cloud solutions for PixelCraft Studios's applications and infrastructure. You'll work with cloud platforms, optimize costs, and ensure high availability.","Open to MCA, B.Tech students (2026, 2027, 2028 batches)","[""Linux"", ""AWS"", ""Networking""]","[""Docker"", ""Azure"", ""Terraform""]","[""B.Sc CS"", ""MCA""]",2 Months,"₹15,000 / Month",https://careers.pixelcraft-studios.com/apply/internship-880,Demo Dataset
Cloud & DevOps Intern,DeepMind India,Cybersecurity,Chennai,Remote,"Support DeepMind India's cloud infrastructure and deployment pipelines using DevOps best practices. You'll work on containerization, CI/CD automation, and cloud platform management.","Open to MCA, B.Tech students (2025, 2028 batches)","[""Python"", ""Git"", ""AWS""]","[""CI/CD"", ""Jenkins"", ""Kubernetes""]","[""BCA"", ""MCA""]",2 Months,"₹12,000 / Month",https://careers.deepmind-india.com/apply/internship-881,Demo Dataset
Frontend Developer Intern,Swiggy,Artificial Intelligence,Pune,Hybrid,Build responsive and interactive user interfaces for Swiggy's web applications using modern frameworks. You'll collaborate with designers and backend developers to deliver engaging user experiences.,"Open to B.Tech, BCA students (2026, 2027 batches)","[""HTML"", ""React"", ""CSS""]","[""Vue.js"", ""Redux"", ""Figma""]","[""B.Tech"", ""BCA""]",2 Months,"₹20,000 / Month",https://careers.swiggy.com/apply/internship-882,Demo Dataset
Cybersecurity Analyst Intern,HCL Technologies,Data Analytics,Hyderabad,Remote,"Help HCL Technologies protect its digital assets by analyzing security threats and implementing protective measures. You'll participate in security audits, vulnerability assessments, and incident response activities.","Open to B.Tech, MCA, B.Sc CS students (2026, 2027, 2028 batches)","[""Linux"", ""Python"", ""Encryption""]","[""Penetration Testing"", ""Metasploit"", ""SIEM""]","[""B.Sc CS"", ""MCA"", ""BCA""]",6 Months,"₹10,000 / Month",https://careers.hcl-technologies.com/apply/internship-883,Demo Dataset
Cloud & DevOps Intern,IBM India,Cloud Computing,Delhi NCR,Hybrid,"Support IBM India's cloud infrastructure and deployment pipelines using DevOps best practices. You'll work on containerization, CI/CD automation, and cloud platform management.","Open to B.Tech, MCA students (2026, 2028 batches)","[""AWS"", ""Python"", ""Git""]","[""CI/CD"", ""Jenkins"", ""Terraform""]","[""B.Tech"", ""B.Sc CS""]",3 Months,"₹12,000 / Month",https://careers.ibm-india.com/apply/internship-884,Demo Dataset
Python Developer Intern,Flipkart,Artificial Intelligence,Mumbai,On-site,Write clean and efficient Python code for Flipkart's projects and applications. You'll learn Python best practices and contribute to building robust software solutions.,"Open to B.Sc CS, MCA, B.Tech students (2026, 2027, 2028 batches)","[""Data Structures"", ""Git"", ""Python""]","[""Flask"", ""FastAPI"", ""Django""]","[""BCA"", ""MCA"", ""B.Sc CS""]",2 Months,"₹25,000 / Month",https://careers.flipkart.com/apply/internship-885,Demo Dataset
Network Engineer Intern,ABC Tech,EdTech,Pune,Remote,"Support ABC Tech's network infrastructure by configuring and maintaining network systems. You'll work on network security, connectivity, and performance optimization.","Open to B.Tech, B.Sc CS, MCA students (2026, 2027, 2028 batches)","[""Linux"", ""Switching"", ""TCP/IP""]","[""Firewalls"", ""Cisco IOS"", ""Python""]","[""MCA"", ""B.Tech""]",3 Months,"₹15,000 / Month",https://careers.abc-tech.com/apply/internship-886,Demo Dataset
Product Manager Intern,Wipro,E-commerce,Chennai,Remote,"Support Wipro's product team in developing and launching successful products. You'll conduct market research, analyze user feedback, and contribute to product strategy.","Open to B.Tech, B.Sc CS, BCA students (2026, 2027 batches)","[""Excel"", ""Product Strategy"", ""SQL""]","[""User Research"", ""A/B Testing"", ""Analytics""]","[""B.Tech"", ""B.Sc CS"", ""MCA""]",3 Months,"₹20,000 / Month",https://careers.wipro.com/apply/internship-887,Demo Dataset
Solutions Architect Intern,ProdigyTech Labs,Cloud Computing,Kolkata,Remote,"Design comprehensive IT solutions for ProdigyTech Labs's clients and internal needs. You'll evaluate technologies, create architecture diagrams, and present recommendations.","Open to MCA, B.Sc CS, BCA students (2025, 2027 batches)","[""Cloud Architecture"", ""AWS"", ""SQL""]","[""Docker"", ""Azure"", ""Kubernetes""]","[""BCA"", ""B.Sc CS"", ""MCA""]",3 Months,"₹10,000 / Month",https://careers.prodigytech-labs.com/apply/internship-888,Demo Dataset
Data Analyst Intern,InnovateTech,Data Analytics,Bengaluru,On-site,"Work with InnovateTech's data team to analyze business metrics and create actionable insights. You'll develop data visualizations, write SQL queries, and support data-driven decision-making across the organization.","Open to B.Sc CS, MCA, B.Tech students (2026, 2028 batches)","[""Excel"", ""Data Visualization"", ""Statistics""]","[""Python"", ""Tableau"", ""R""]","[""MCA"", ""BCA"", ""B.Sc CS""]",1 Month,"₹30,000 / Month",https://careers.innovatetech.com/apply/internship-889,Demo Dataset
Backend Developer Intern,Amazon India,Cloud Computing,Bengaluru,On-site,"Design and develop server-side logic and APIs for Amazon India's applications. You'll work with databases, optimize performance, and ensure scalability of backend systems.","Open to BCA, B.Sc CS, B.Tech students (2025, 2028 batches)","[""SQL"", ""Git"", ""Python""]","[""PostgreSQL"", ""Docker"", ""Express.js""]","[""BCA"", ""MCA""]",6 Months,"₹30,000 / Month",https://careers.amazon-india.com/apply/internship-890,Demo Dataset
AI/ML Engineer Intern,Oracle India,Artificial Intelligence,Bengaluru,Hybrid,"Advance Oracle India's AI capabilities by developing intelligent systems and algorithms. You'll experiment with new techniques, optimize models, and solve complex AI problems.","Open to B.Tech, BCA, MCA students (2025, 2026, 2027 batches)","[""Python"", ""Statistics"", ""Deep Learning""]","[""NLP"", ""Reinforcement Learning"", ""AWS""]","[""B.Tech"", ""B.Sc CS""]",6 Months,"₹15,000 / Month",https://careers.oracle-india.com/apply/internship-891,Demo Dataset
Cloud Architect Intern,ByteForce Labs,IT & Software,Hyderabad,Remote,"Design scalable and secure cloud solutions for ByteForce Labs's applications and infrastructure. You'll work with cloud platforms, optimize costs, and ensure high availability.","Open to MCA, B.Sc CS students (2025, 2026, 2027 batches)","[""System Design"", ""Networking"", ""AWS""]","[""Docker"", ""Kubernetes"", ""Terraform""]","[""B.Tech"", ""B.Sc CS""]",3 Months,"₹10,000 / Month",https://careers.byteforce-labs.com/apply/internship-892,Demo Dataset
Product Manager Intern,Google India,Cybersecurity,Pune,Remote,"Support Google India's product team in developing and launching successful products. You'll conduct market research, analyze user feedback, and contribute to product strategy.","Open to BCA, B.Tech students (2025, 2026, 2028 batches)","[""Excel"", ""SQL"", ""Product Strategy""]","[""Analytics"", ""Roadmapping"", ""Python""]","[""B.Tech"", ""BCA"", ""MCA""]",3 Months,"₹10,000 / Month",https://careers.google-india.com/apply/internship-893,Demo Dataset
AI/ML Engineer Intern,CodeWave Analytics,EdTech,Chennai,Hybrid,"Advance CodeWave Analytics's AI capabilities by developing intelligent systems and algorithms. You'll experiment with new techniques, optimize models, and solve complex AI problems.","Open to B.Sc CS, MCA, BCA students (2025, 2027 batches)","[""Deep Learning"", ""Machine Learning"", ""TensorFlow""]","[""PyTorch"", ""AWS"", ""NLP""]","[""MCA"", ""BCA"", ""B.Tech""]",2 Months,"₹10,000 / Month",https://careers.codewave-analytics.com/apply/internship-894,Demo Dataset
UI/UX Design Intern,NeuroTech Solutions,EdTech,Chennai,Remote,"Create beautiful and intuitive user interfaces for NeuroTech Solutions's digital products. You'll conduct user research, create prototypes, and collaborate with developers to bring designs to life.","Open to BCA, B.Sc CS students (2027, 2028 batches)","[""Prototyping"", ""UI Design"", ""Figma""]","[""Design Systems"", ""Adobe XD"", ""User Testing""]","[""B.Tech"", ""MCA"", ""B.Sc CS""]",2 Months,"₹25,000 / Month",https://careers.neurotech-solutions.com/apply/internship-895,Demo Dataset
Machine Learning Intern,Accenture India,Cybersecurity,Chennai,Hybrid,Contribute to Accenture India's AI initiatives by developing and training machine learning models on real datasets. You'll work alongside ML engineers to solve complex problems and implement cutting-edge algorithms.,"Open to BCA, B.Tech, MCA students (2025, 2028 batches)","[""Python"", ""Machine Learning"", ""TensorFlow""]","[""PyTorch"", ""Deep Learning"", ""AWS""]","[""B.Sc CS"", ""MCA"", ""B.Tech""]",6 Months,"₹12,000 / Month",https://careers.accenture-india.com/apply/internship-896,Demo Dataset
Product Manager Intern,QuantumLeap AI,E-commerce,Hyderabad,On-site,"Support QuantumLeap AI's product team in developing and launching successful products. You'll conduct market research, analyze user feedback, and contribute to product strategy.","Open to B.Tech, BCA students (2026, 2027, 2028 batches)","[""Excel"", ""Product Strategy"", ""Market Analysis""]","[""A/B Testing"", ""User Research"", ""Python""]","[""B.Tech"", ""B.Sc CS"", ""MCA""]",3 Months,"₹10,000 / Month",https://careers.quantumleap-ai.com/apply/internship-897,Demo Dataset
Network Engineer Intern,Microsoft India,FinTech,Kolkata,Hybrid,"Support Microsoft India's network infrastructure by configuring and maintaining network systems. You'll work on network security, connectivity, and performance optimization.","Open to MCA, BCA, B.Sc CS students (2025, 2028 batches)","[""Networking"", ""Switching"", ""Routing""]","[""Network Security"", ""Python"", ""Cisco IOS""]","[""B.Sc CS"", ""B.Tech""]",1 Month,"₹10,000 / Month",https://careers.microsoft-india.com/apply/internship-898,Demo Dataset
Quality Assurance Intern,Vedantu,IT & Software,Kolkata,Hybrid,"Ensure software quality at Vedantu by designing test cases and identifying bugs before release. You'll perform manual testing, create automation scripts, and maintain quality standards.","Open to MCA, B.Sc CS, BCA students (2025, 2027, 2028 batches)","[""Test Cases"", ""SQL"", ""Manual Testing""]","[""Linux"", ""Selenium"", ""LoadRunner""]","[""B.Tech"", ""MCA""]",2 Months,"₹25,000 / Month",https://careers.vedantu.com/apply/internship-899,Demo Dataset
Full Stack Developer Intern,VectorShift AI,Cybersecurity,Remote,Hybrid,Build complete web applications at VectorShift AI by working on both frontend and backend technologies. You'll gain experience across the entire development stack and learn best practices in web development.,"Open to B.Sc CS, B.Tech, BCA students (2026, 2027 batches)","[""Node.js"", ""React"", ""SQL""]","[""REST APIs"", ""MongoDB"", ""AWS""]","[""B.Tech"", ""B.Sc CS""]",6 Months,"₹10,000 / Month",https://careers.vectorshift-ai.com/apply/internship-900,Demo Dataset
Product Manager Intern,HCL Technologies,FinTech,Chennai,Hybrid,"Support HCL Technologies's product team in developing and launching successful products. You'll conduct market research, analyze user feedback, and contribute to product strategy.","Open to B.Tech, BCA, B.Sc CS students (2025, 2026, 2027 batches)","[""Product Strategy"", ""Market Analysis"", ""Communication""]","[""User Research"", ""A/B Testing"", ""Analytics""]","[""B.Tech"", ""B.Sc CS""]",2 Months,"₹12,000 / Month",https://careers.hcl-technologies.com/apply/internship-901,Demo Dataset
Solutions Architect Intern,Cognizant,Cybersecurity,Chennai,On-site,"Design comprehensive IT solutions for Cognizant's clients and internal needs. You'll evaluate technologies, create architecture diagrams, and present recommendations.","Open to B.Sc CS, B.Tech students (2025, 2028 batches)","[""Cloud Architecture"", ""Documentation"", ""System Design""]","[""GCP"", ""Docker"", ""Python""]","[""B.Sc CS"", ""MCA""]",6 Months,"₹18,000 / Month",https://careers.cognizant.com/apply/internship-902,Demo Dataset
Cloud & DevOps Intern,Freshworks,Data Analytics,Bengaluru,Remote,"Support Freshworks's cloud infrastructure and deployment pipelines using DevOps best practices. You'll work on containerization, CI/CD automation, and cloud platform management.","Open to BCA, B.Sc CS, MCA students (2025, 2027, 2028 batches)","[""Docker"", ""Linux"", ""Git""]","[""Jenkins"", ""Azure"", ""Terraform""]","[""B.Sc CS"", ""B.Tech"", ""BCA""]",3 Months,"₹5,000 / Month",https://careers.freshworks.com/apply/internship-903,Demo Dataset
Cloud & DevOps Intern,Insight Analytics,Artificial Intelligence,Pune,Hybrid,"Support Insight Analytics's cloud infrastructure and deployment pipelines using DevOps best practices. You'll work on containerization, CI/CD automation, and cloud platform management.","Open to MCA, B.Sc CS, B.Tech students (2025, 2028 batches)","[""Docker"", ""Python"", ""AWS""]","[""Kubernetes"", ""Azure"", ""Jenkins""]","[""MCA"", ""B.Tech""]",3 Months,"₹25,000 / Month",https://careers.insight-analytics.com/apply/internship-904,Demo Dataset
Cybersecurity Analyst Intern,Wipro,Cloud Computing,Delhi NCR,On-site,"Help Wipro protect its digital assets by analyzing security threats and implementing protective measures. You'll participate in security audits, vulnerability assessments, and incident response activities.","Open to B.Tech, BCA students (2027, 2028 batches)","[""Firewall"", ""Python"", ""Linux""]","[""Wireshark"", ""Penetration Testing"", ""Metasploit""]","[""MCA"", ""B.Sc CS""]",2 Months,"₹12,000 / Month",https://careers.wipro.com/apply/internship-905,Demo Dataset
Cloud & DevOps Intern,CloudStack Infra,Cloud Computing,Delhi NCR,On-site,"Support CloudStack Infra's cloud infrastructure and deployment pipelines using DevOps best practices. You'll work on containerization, CI/CD automation, and cloud platform management.","Open to B.Sc CS, B.Tech, BCA students (2025, 2027 batches)","[""Docker"", ""Git"", ""Linux""]","[""Azure"", ""Terraform"", ""Jenkins""]","[""B.Tech"", ""B.Sc CS"", ""MCA""]",2 Months,"₹25,000 / Month",https://careers.cloudstack-infra.com/apply/internship-906,Demo Dataset
Full Stack Developer Intern,CodeWave Analytics,IT & Software,Chennai,Hybrid,Build complete web applications at CodeWave Analytics by working on both frontend and backend technologies. You'll gain experience across the entire development stack and learn best practices in web development.,"Open to B.Tech, B.Sc CS, MCA students (2026, 2028 batches)","[""Git"", ""Node.js"", ""JavaScript""]","[""MongoDB"", ""REST APIs"", ""Express.js""]","[""BCA"", ""B.Tech"", ""B.Sc CS""]",3 Months,"₹5,000 / Month",https://careers.codewave-analytics.com/apply/internship-907,Demo Dataset
Mobile App Developer Intern,SmartAI Innovations,Cloud Computing,Chennai,Hybrid,"Develop mobile applications for iOS or Android platforms at SmartAI Innovations. You'll work on feature development, testing, and optimization to deliver high-quality mobile experiences.","Open to B.Tech, BCA students (2026, 2028 batches)","[""React Native"", ""Kotlin"", ""Android""]","[""Swift"", ""SQLite"", ""Firebase""]","[""MCA"", ""B.Tech""]",6 Months,"₹20,000 / Month",https://careers.smartai-innovations.com/apply/internship-908,Demo Dataset
Network Engineer Intern,PixelCraft Studios,Cloud Computing,Delhi NCR,Remote,"Support PixelCraft Studios's network infrastructure by configuring and maintaining network systems. You'll work on network security, connectivity, and performance optimization.","Open to MCA, B.Tech, BCA students (2025, 2027, 2028 batches)","[""TCP/IP"", ""Linux"", ""Routing""]","[""Python"", ""Firewalls"", ""VPN""]","[""B.Tech"", ""MCA"", ""BCA""]",1 Month,"₹25,000 / Month",https://careers.pixelcraft-studios.com/apply/internship-909,Demo Dataset
Product Manager Intern,SynergyAI Systems,Cybersecurity,Hyderabad,On-site,"Support SynergyAI Systems's product team in developing and launching successful products. You'll conduct market research, analyze user feedback, and contribute to product strategy.","Open to B.Sc CS, MCA, B.Tech students (2025, 2026 batches)","[""Communication"", ""Market Analysis"", ""Excel""]","[""A/B Testing"", ""User Research"", ""Roadmapping""]","[""B.Tech"", ""B.Sc CS"", ""BCA""]",3 Months,"₹18,000 / Month",https://careers.synergyai-systems.com/apply/internship-910,Demo Dataset
Data Science Intern,Tech Mahindra,Cloud Computing,Pune,Remote,"Apply statistical methods and machine learning techniques to solve business problems for Tech Mahindra. You'll work with large datasets, build predictive models, and communicate insights to stakeholders.","Open to MCA, B.Tech students (2026, 2027, 2028 batches)","[""Machine Learning"", ""Pandas"", ""Python""]","[""R"", ""TensorFlow"", ""scikit-learn""]","[""B.Tech"", ""B.Sc CS"", ""BCA""]",6 Months,"₹12,000 / Month",https://careers.tech-mahindra.com/apply/internship-911,Demo Dataset
Software Development Intern,InnovateTech,Cybersecurity,Kolkata,Hybrid,"Join InnovateTech's development team and contribute to building scalable software solutions using modern technologies. You will work on real-world projects, collaborate with experienced engineers, and gain hands-on experience in the full software development lifecycle.","Open to B.Sc CS, BCA students (2025, 2026, 2027 batches)","[""Python"", ""Git"", ""Data Structures""]","[""Linux"", ""SQL"", ""AWS""]","[""B.Sc CS"", ""BCA""]",6 Months,"₹12,000 / Month",https://careers.innovatetech.com/apply/internship-912,Demo Dataset
Cloud Architect Intern,Unacademy,EdTech,Remote,Hybrid,"Design scalable and secure cloud solutions for Unacademy's applications and infrastructure. You'll work with cloud platforms, optimize costs, and ensure high availability.","Open to B.Sc CS, B.Tech, BCA students (2025, 2026, 2027 batches)","[""System Design"", ""Linux"", ""Networking""]","[""Azure"", ""Kubernetes"", ""Terraform""]","[""B.Sc CS"", ""B.Tech""]",3 Months,"₹20,000 / Month",https://careers.unacademy.com/apply/internship-913,Demo Dataset
Product Manager Intern,Unacademy,Data Analytics,Bengaluru,Hybrid,"Support Unacademy's product team in developing and launching successful products. You'll conduct market research, analyze user feedback, and contribute to product strategy.","Open to MCA, BCA students (2025, 2027, 2028 batches)","[""Market Analysis"", ""Excel"", ""Product Strategy""]","[""Analytics"", ""User Research"", ""Python""]","[""MCA"", ""B.Sc CS""]",1 Month,"₹5,000 / Month",https://careers.unacademy.com/apply/internship-914,Demo Dataset
AI/ML Engineer Intern,ABC Tech,Data Analytics,Chennai,On-site,"Advance ABC Tech's AI capabilities by developing intelligent systems and algorithms. You'll experiment with new techniques, optimize models, and solve complex AI problems.","Open to B.Tech, MCA students (2025, 2027, 2028 batches)","[""Machine Learning"", ""Python"", ""TensorFlow""]","[""AWS"", ""Computer Vision"", ""NLP""]","[""B.Sc CS"", ""MCA""]",6 Months,"₹12,000 / Month",https://careers.abc-tech.com/apply/internship-915,Demo Dataset
Full Stack Developer Intern,InnovateTech,FinTech,Kolkata,Remote,Build complete web applications at InnovateTech by working on both frontend and backend technologies. You'll gain experience across the entire development stack and learn best practices in web development.,"Open to B.Tech, BCA, MCA students (2025, 2026, 2028 batches)","[""React"", ""Git"", ""Node.js""]","[""AWS"", ""Docker"", ""REST APIs""]","[""B.Tech"", ""B.Sc CS"", ""BCA""]",6 Months,"₹25,000 / Month",https://careers.innovatetech.com/apply/internship-916,Demo Dataset
Product Manager Intern,ProdigyTech Labs,IT & Software,Remote,Hybrid,"Support ProdigyTech Labs's product team in developing and launching successful products. You'll conduct market research, analyze user feedback, and contribute to product strategy.","Open to B.Tech, B.Sc CS students (2025, 2026, 2027 batches)","[""Excel"", ""Product Strategy"", ""Market Analysis""]","[""User Research"", ""Roadmapping"", ""Analytics""]","[""B.Sc CS"", ""BCA"", ""MCA""]",1 Month,"₹18,000 / Month",https://careers.prodigytech-labs.com/apply/internship-917,Demo Dataset
Product Manager Intern,Accenture India,Artificial Intelligence,Pune,Hybrid,"Support Accenture India's product team in developing and launching successful products. You'll conduct market research, analyze user feedback, and contribute to product strategy.","Open to B.Sc CS, BCA students (2025, 2026, 2028 batches)","[""Communication"", ""Excel"", ""SQL""]","[""A/B Testing"", ""Analytics"", ""Roadmapping""]","[""B.Tech"", ""BCA"", ""B.Sc CS""]",3 Months,"₹18,000 / Month",https://careers.accenture-india.com/apply/internship-918,Demo Dataset
Cloud Architect Intern,Paytm,IT & Software,Chennai,On-site,"Design scalable and secure cloud solutions for Paytm's applications and infrastructure. You'll work with cloud platforms, optimize costs, and ensure high availability.","Open to B.Sc CS, BCA students (2025, 2026, 2028 batches)","[""Linux"", ""Cloud Architecture"", ""System Design""]","[""GCP"", ""Docker"", ""Terraform""]","[""B.Sc CS"", ""B.Tech""]",2 Months,"₹18,000 / Month",https://careers.paytm.com/apply/internship-919,Demo Dataset
Mobile App Developer Intern,Razorpay,E-commerce,Kolkata,On-site,"Develop mobile applications for iOS or Android platforms at Razorpay. You'll work on feature development, testing, and optimization to deliver high-quality mobile experiences.","Open to B.Tech, B.Sc CS, MCA students (2025, 2026, 2028 batches)","[""Git"", ""React Native"", ""Kotlin""]","[""REST APIs"", ""Firebase"", ""Swift""]","[""BCA"", ""B.Sc CS"", ""MCA""]",2 Months,"₹25,000 / Month",https://careers.razorpay.com/apply/internship-920,Demo Dataset
AI/ML Engineer Intern,Freshworks,Cybersecurity,Hyderabad,On-site,"Advance Freshworks's AI capabilities by developing intelligent systems and algorithms. You'll experiment with new techniques, optimize models, and solve complex AI problems.","Open to B.Sc CS, BCA students (2025, 2028 batches)","[""Statistics"", ""Machine Learning"", ""TensorFlow""]","[""Reinforcement Learning"", ""PyTorch"", ""NLP""]","[""B.Tech"", ""BCA""]",1 Month,"₹20,000 / Month",https://careers.freshworks.com/apply/internship-921,Demo Dataset
Business Analyst Intern,DeepMind India,EdTech,Bengaluru,Remote,"Work with DeepMind India's stakeholders to gather requirements and improve business processes. You'll create documentation, analyze workflows, and support project implementation.","Open to B.Tech, BCA, B.Sc CS students (2025, 2028 batches)","[""Excel"", ""Communication"", ""SQL""]","[""Python"", ""JIRA"", ""Tableau""]","[""MCA"", ""BCA"", ""B.Tech""]",6 Months,"₹12,000 / Month",https://careers.deepmind-india.com/apply/internship-922,Demo Dataset
Cloud Architect Intern,Zomato,Data Analytics,Delhi NCR,Remote,"Design scalable and secure cloud solutions for Zomato's applications and infrastructure. You'll work with cloud platforms, optimize costs, and ensure high availability.","Open to BCA, MCA students (2025, 2026, 2028 batches)","[""AWS"", ""System Design"", ""Linux""]","[""Terraform"", ""GCP"", ""Docker""]","[""BCA"", ""MCA"", ""B.Tech""]",6 Months,"₹20,000 / Month",https://careers.zomato.com/apply/internship-923,Demo Dataset
Solutions Architect Intern,Cognizant,Artificial Intelligence,Hyderabad,Hybrid,"Design comprehensive IT solutions for Cognizant's clients and internal needs. You'll evaluate technologies, create architecture diagrams, and present recommendations.","Open to B.Tech, B.Sc CS, MCA students (2026, 2028 batches)","[""Documentation"", ""AWS"", ""Cloud Architecture""]","[""GCP"", ""Python"", ""Azure""]","[""B.Tech"", ""BCA"", ""B.Sc CS""]",3 Months,"₹18,000 / Month",https://careers.cognizant.com/apply/internship-924,Demo Dataset
AI/ML Engineer Intern,Google India,E-commerce,Mumbai,Remote,"Advance Google India's AI capabilities by developing intelligent systems and algorithms. You'll experiment with new techniques, optimize models, and solve complex AI problems.","Open to BCA, B.Tech students (2025, 2027, 2028 batches)","[""Statistics"", ""Machine Learning"", ""Deep Learning""]","[""Reinforcement Learning"", ""NLP"", ""Computer Vision""]","[""B.Sc CS"", ""B.Tech"", ""BCA""]",3 Months,"₹25,000 / Month",https://careers.google-india.com/apply/internship-925,Demo Dataset
UI/UX Design Intern,ProdigyTech Labs,E-commerce,Bengaluru,On-site,"Create beautiful and intuitive user interfaces for ProdigyTech Labs's digital products. You'll conduct user research, create prototypes, and collaborate with developers to bring designs to life.","Open to B.Sc CS, B.Tech, MCA students (2025, 2028 batches)","[""Prototyping"", ""Wireframing"", ""UI Design""]","[""User Testing"", ""CSS"", ""Design Systems""]","[""B.Sc CS"", ""MCA"", ""B.Tech""]",3 Months,"₹30,000 / Month",https://careers.prodigytech-labs.com/apply/internship-926,Demo Dataset
Database Administrator Intern,SynergyAI Systems,IT & Software,Delhi NCR,On-site,"Manage and optimize SynergyAI Systems's databases to ensure performance and reliability. You'll handle backups, security, and database maintenance tasks.","Open to MCA, B.Tech, B.Sc CS students (2025, 2027, 2028 batches)","[""Database Design"", ""PostgreSQL"", ""SQL""]","[""Performance Tuning"", ""MongoDB"", ""AWS""]","[""BCA"", ""B.Tech"", ""MCA""]",2 Months,"₹15,000 / Month",https://careers.synergyai-systems.com/apply/internship-927,Demo Dataset
Data Analyst Intern,SmartAI Innovations,E-commerce,Bengaluru,Remote,"Work with SmartAI Innovations's data team to analyze business metrics and create actionable insights. You'll develop data visualizations, write SQL queries, and support data-driven decision-making across the organization.","Open to BCA, MCA, B.Sc CS students (2026, 2027 batches)","[""Python"", ""Excel"", ""Statistics""]","[""Apache Spark"", ""Python"", ""Tableau""]","[""B.Sc CS"", ""BCA""]",1 Month,"₹12,000 / Month",https://careers.smartai-innovations.com/apply/internship-928,Demo Dataset
Quality Assurance Intern,Paytm,Cybersecurity,Bengaluru,Hybrid,"Ensure software quality at Paytm by designing test cases and identifying bugs before release. You'll perform manual testing, create automation scripts, and maintain quality standards.","Open to B.Sc CS, B.Tech students (2025, 2026 batches)","[""Python"", ""Test Cases"", ""SQL""]","[""Automation Testing"", ""Linux"", ""JIRA""]","[""B.Tech"", ""MCA"", ""B.Sc CS""]",6 Months,"₹18,000 / Month",https://careers.paytm.com/apply/internship-929,Demo Dataset
Data Analyst Intern,ProdigyTech Labs,IT & Software,Delhi NCR,Hybrid,"Work with ProdigyTech Labs's data team to analyze business metrics and create actionable insights. You'll develop data visualizations, write SQL queries, and support data-driven decision-making across the organization.","Open to MCA, BCA, B.Sc CS students (2026, 2027, 2028 batches)","[""Python"", ""Data Visualization"", ""Statistics""]","[""R"", ""Python"", ""Power BI""]","[""B.Sc CS"", ""B.Tech"", ""BCA""]",1 Month,"₹18,000 / Month",https://careers.prodigytech-labs.com/apply/internship-930,Demo Dataset
Cybersecurity Analyst Intern,InnovateTech,Data Analytics,Mumbai,Remote,"Help InnovateTech protect its digital assets by analyzing security threats and implementing protective measures. You'll participate in security audits, vulnerability assessments, and incident response activities.","Open to MCA, BCA students (2025, 2026, 2027 batches)","[""Encryption"", ""Python"", ""Firewall""]","[""Penetration Testing"", ""Metasploit"", ""SIEM""]","[""B.Sc CS"", ""BCA"", ""MCA""]",2 Months,"₹18,000 / Month",https://careers.innovatetech.com/apply/internship-931,Demo Dataset
AI/ML Engineer Intern,IBM India,FinTech,Kolkata,Remote,"Advance IBM India's AI capabilities by developing intelligent systems and algorithms. You'll experiment with new techniques, optimize models, and solve complex AI problems.","Open to MCA, B.Tech, B.Sc CS students (2025, 2027, 2028 batches)","[""Machine Learning"", ""Deep Learning"", ""Python""]","[""NLP"", ""AWS"", ""Reinforcement Learning""]","[""B.Tech"", ""BCA""]",2 Months,"₹10,000 / Month",https://careers.ibm-india.com/apply/internship-932,Demo Dataset
Cybersecurity Analyst Intern,CloudNine Dynamics,IT & Software,Mumbai,Hybrid,"Help CloudNine Dynamics protect its digital assets by analyzing security threats and implementing protective measures. You'll participate in security audits, vulnerability assessments, and incident response activities.","Open to B.Sc CS, BCA students (2026, 2027, 2028 batches)","[""Linux"", ""Encryption"", ""Python""]","[""Wireshark"", ""SIEM"", ""Penetration Testing""]","[""B.Sc CS"", ""MCA"", ""BCA""]",1 Month,"₹12,000 / Month",https://careers.cloudnine-dynamics.com/apply/internship-933,Demo Dataset
Database Administrator Intern,HCL Technologies,Data Analytics,Bengaluru,Hybrid,"Manage and optimize HCL Technologies's databases to ensure performance and reliability. You'll handle backups, security, and database maintenance tasks.","Open to B.Tech, BCA students (2025, 2026, 2028 batches)","[""Linux"", ""PostgreSQL"", ""Database Design""]","[""Oracle"", ""Performance Tuning"", ""MongoDB""]","[""B.Sc CS"", ""MCA"", ""B.Tech""]",6 Months,"₹20,000 / Month",https://careers.hcl-technologies.com/apply/internship-934,Demo Dataset
Cybersecurity Analyst Intern,PolicyBazaar,Artificial Intelligence,Hyderabad,On-site,"Help PolicyBazaar protect its digital assets by analyzing security threats and implementing protective measures. You'll participate in security audits, vulnerability assessments, and incident response activities.","Open to B.Tech, MCA, B.Sc CS students (2026, 2027 batches)","[""Firewall"", ""Linux"", ""Network Security""]","[""AWS"", ""Wireshark"", ""Metasploit""]","[""BCA"", ""B.Sc CS""]",6 Months,"₹30,000 / Month",https://careers.policybazaar.com/apply/internship-935,Demo Dataset
Quality Assurance Intern,QuantumLeap AI,Cybersecurity,Remote,Hybrid,"Ensure software quality at QuantumLeap AI by designing test cases and identifying bugs before release. You'll perform manual testing, create automation scripts, and maintain quality standards.","Open to BCA, B.Tech students (2027, 2028 batches)","[""Python"", ""Manual Testing"", ""Bug Tracking""]","[""Linux"", ""JIRA"", ""Automation Testing""]","[""B.Tech"", ""BCA""]",2 Months,"₹15,000 / Month",https://careers.quantumleap-ai.com/apply/internship-936,Demo Dataset
Machine Learning Intern,PolicyBazaar,E-commerce,Hyderabad,On-site,Contribute to PolicyBazaar's AI initiatives by developing and training machine learning models on real datasets. You'll work alongside ML engineers to solve complex problems and implement cutting-edge algorithms.,"Open to B.Tech, B.Sc CS, MCA students (2026, 2027, 2028 batches)","[""Statistics"", ""TensorFlow"", ""Python""]","[""NLP"", ""Deep Learning"", ""PyTorch""]","[""MCA"", ""B.Tech"", ""BCA""]",6 Months,"₹25,000 / Month",https://careers.policybazaar.com/apply/internship-937,Demo Dataset
Product Manager Intern,Cognizant,Cybersecurity,Mumbai,Hybrid,"Support Cognizant's product team in developing and launching successful products. You'll conduct market research, analyze user feedback, and contribute to product strategy.","Open to BCA, B.Sc CS, MCA students (2025, 2026, 2028 batches)","[""Excel"", ""Communication"", ""SQL""]","[""Analytics"", ""A/B Testing"", ""Roadmapping""]","[""MCA"", ""BCA"", ""B.Sc CS""]",2 Months,"₹5,000 / Month",https://careers.cognizant.com/apply/internship-938,Demo Dataset
Software Development Intern,Insight Analytics,Artificial Intelligence,Hyderabad,Hybrid,"Join Insight Analytics's development team and contribute to building scalable software solutions using modern technologies. You will work on real-world projects, collaborate with experienced engineers, and gain hands-on experience in the full software development lifecycle.","Open to B.Tech, B.Sc CS, MCA students (2025, 2027 batches)","[""C++"", ""Python"", ""Git""]","[""Linux"", ""Docker"", ""REST APIs""]","[""MCA"", ""B.Tech"", ""B.Sc CS""]",6 Months,"₹25,000 / Month",https://careers.insight-analytics.com/apply/internship-939,Demo Dataset
Quality Assurance Intern,Paytm,EdTech,Remote,Hybrid,"Ensure software quality at Paytm by designing test cases and identifying bugs before release. You'll perform manual testing, create automation scripts, and maintain quality standards.","Open to B.Sc CS, MCA students (2026, 2027, 2028 batches)","[""SQL"", ""Python"", ""Test Cases""]","[""Selenium"", ""JIRA"", ""LoadRunner""]","[""B.Sc CS"", ""B.Tech""]",2 Months,"₹15,000 / Month",https://careers.paytm.com/apply/internship-940,Demo Dataset
Solutions Architect Intern,Paytm,E-commerce,Kolkata,On-site,"Design comprehensive IT solutions for Paytm's clients and internal needs. You'll evaluate technologies, create architecture diagrams, and present recommendations.","Open to BCA, MCA students (2025, 2027, 2028 batches)","[""Documentation"", ""SQL"", ""AWS""]","[""Kubernetes"", ""GCP"", ""Azure""]","[""MCA"", ""BCA"", ""B.Tech""]",3 Months,"₹15,000 / Month",https://careers.paytm.com/apply/internship-941,Demo Dataset
Cloud Architect Intern,VectorShift AI,IT & Software,Mumbai,On-site,"Design scalable and secure cloud solutions for VectorShift AI's applications and infrastructure. You'll work with cloud platforms, optimize costs, and ensure high availability.","Open to MCA, B.Sc CS, BCA students (2026, 2027 batches)","[""AWS"", ""Linux"", ""Networking""]","[""Azure"", ""Terraform"", ""Kubernetes""]","[""MCA"", ""B.Sc CS"", ""BCA""]",1 Month,"₹15,000 / Month",https://careers.vectorshift-ai.com/apply/internship-942,Demo Dataset
Data Science Intern,SmartAI Innovations,Cloud Computing,Hyderabad,On-site,"Apply statistical methods and machine learning techniques to solve business problems for SmartAI Innovations. You'll work with large datasets, build predictive models, and communicate insights to stakeholders.","Open to MCA, B.Sc CS students (2026, 2027, 2028 batches)","[""SQL"", ""Statistics"", ""Pandas""]","[""AWS"", ""Tableau"", ""scikit-learn""]","[""B.Tech"", ""B.Sc CS"", ""MCA""]",6 Months,"₹25,000 / Month",https://careers.smartai-innovations.com/apply/internship-943,Demo Dataset
Database Administrator Intern,Flipkart,Cloud Computing,Bengaluru,On-site,"Manage and optimize Flipkart's databases to ensure performance and reliability. You'll handle backups, security, and database maintenance tasks.","Open to BCA, B.Tech students (2025, 2027, 2028 batches)","[""PostgreSQL"", ""Linux"", ""Database Design""]","[""Backup & Recovery"", ""MongoDB"", ""AWS""]","[""B.Sc CS"", ""BCA""]",2 Months,"₹15,000 / Month",https://careers.flipkart.com/apply/internship-944,Demo Dataset
Full Stack Developer Intern,Cisco Systems India,Artificial Intelligence,Remote,On-site,Build complete web applications at Cisco Systems India by working on both frontend and backend technologies. You'll gain experience across the entire development stack and learn best practices in web development.,"Open to BCA, B.Tech students (2026, 2027, 2028 batches)","[""SQL"", ""Git"", ""Node.js""]","[""AWS"", ""MongoDB"", ""Express.js""]","[""B.Tech"", ""BCA""]",6 Months,"₹15,000 / Month",https://careers.cisco-systems-india.com/apply/internship-945,Demo Dataset
Data Analyst Intern,QuantumLeap AI,Artificial Intelligence,Delhi NCR,Remote,"Work with QuantumLeap AI's data team to analyze business metrics and create actionable insights. You'll develop data visualizations, write SQL queries, and support data-driven decision-making across the organization.","Open to MCA, BCA, B.Sc CS students (2025, 2026, 2028 batches)","[""SQL"", ""Python"", ""Data Visualization""]","[""Python"", ""R"", ""Tableau""]","[""MCA"", ""B.Tech"", ""B.Sc CS""]",1 Month,"₹5,000 / Month",https://careers.quantumleap-ai.com/apply/internship-946,Demo Dataset
Product Manager Intern,Intel India,Artificial Intelligence,Mumbai,Remote,"Support Intel India's product team in developing and launching successful products. You'll conduct market research, analyze user feedback, and contribute to product strategy.","Open to MCA, BCA, B.Sc CS students (2025, 2028 batches)","[""SQL"", ""Communication"", ""Excel""]","[""Analytics"", ""User Research"", ""Roadmapping""]","[""MCA"", ""B.Tech""]",6 Months,"₹20,000 / Month",https://careers.intel-india.com/apply/internship-947,Demo Dataset
Full Stack Developer Intern,ProdigyTech Labs,IT & Software,Mumbai,Hybrid,Build complete web applications at ProdigyTech Labs by working on both frontend and backend technologies. You'll gain experience across the entire development stack and learn best practices in web development.,"Open to MCA, B.Tech, B.Sc CS students (2025, 2028 batches)","[""Node.js"", ""SQL"", ""React""]","[""REST APIs"", ""AWS"", ""Express.js""]","[""B.Tech"", ""MCA"", ""B.Sc CS""]",3 Months,"₹12,000 / Month",https://careers.prodigytech-labs.com/apply/internship-948,Demo Dataset
Solutions Architect Intern,SmartAI Innovations,Cybersecurity,Hyderabad,Remote,"Design comprehensive IT solutions for SmartAI Innovations's clients and internal needs. You'll evaluate technologies, create architecture diagrams, and present recommendations.","Open to MCA, BCA, B.Sc CS students (2025, 2027, 2028 batches)","[""SQL"", ""System Design"", ""Documentation""]","[""Python"", ""GCP"", ""Azure""]","[""BCA"", ""B.Sc CS"", ""MCA""]",1 Month,"₹30,000 / Month",https://careers.smartai-innovations.com/apply/internship-949,Demo Dataset
Data Analyst Intern,Razorpay,E-commerce,Mumbai,On-site,"Work with Razorpay's data team to analyze business metrics and create actionable insights. You'll develop data visualizations, write SQL queries, and support data-driven decision-making across the organization.","Open to B.Sc CS, BCA students (2026, 2027 batches)","[""Data Visualization"", ""SQL"", ""Statistics""]","[""Apache Spark"", ""Power BI"", ""Tableau""]","[""B.Sc CS"", ""BCA""]",3 Months,"₹12,000 / Month",https://careers.razorpay.com/apply/internship-950,Demo Dataset
Cloud & DevOps Intern,Oracle India,Cloud Computing,Remote,On-site,"Support Oracle India's cloud infrastructure and deployment pipelines using DevOps best practices. You'll work on containerization, CI/CD automation, and cloud platform management.","Open to BCA, B.Tech students (2027, 2028 batches)","[""Linux"", ""AWS"", ""Python""]","[""Kubernetes"", ""Azure"", ""CI/CD""]","[""B.Tech"", ""B.Sc CS""]",6 Months,"₹5,000 / Month",https://careers.oracle-india.com/apply/internship-951,Demo Dataset
Network Engineer Intern,NeuroByte AI,E-commerce,Remote,On-site,"Support NeuroByte AI's network infrastructure by configuring and maintaining network systems. You'll work on network security, connectivity, and performance optimization.","Open to B.Sc CS, MCA students (2026, 2027, 2028 batches)","[""Routing"", ""Linux"", ""Networking""]","[""VPN"", ""Python"", ""Firewalls""]","[""B.Sc CS"", ""BCA""]",2 Months,"₹18,000 / Month",https://careers.neurobyte-ai.com/apply/internship-952,Demo Dataset
AI/ML Engineer Intern,Flipkart,Data Analytics,Delhi NCR,On-site,"Advance Flipkart's AI capabilities by developing intelligent systems and algorithms. You'll experiment with new techniques, optimize models, and solve complex AI problems.","Open to B.Tech, B.Sc CS, MCA students (2026, 2027, 2028 batches)","[""Machine Learning"", ""Statistics"", ""Python""]","[""NLP"", ""AWS"", ""PyTorch""]","[""MCA"", ""BCA""]",3 Months,"₹25,000 / Month",https://careers.flipkart.com/apply/internship-953,Demo Dataset
Data Science Intern,Intel India,Artificial Intelligence,Mumbai,On-site,"Apply statistical methods and machine learning techniques to solve business problems for Intel India. You'll work with large datasets, build predictive models, and communicate insights to stakeholders.","Open to BCA, B.Tech students (2025, 2028 batches)","[""Pandas"", ""Python"", ""Statistics""]","[""R"", ""Tableau"", ""AWS""]","[""MCA"", ""B.Tech""]",6 Months,"₹25,000 / Month",https://careers.intel-india.com/apply/internship-954,Demo Dataset
Quality Assurance Intern,SecureNet India,Cloud Computing,Bengaluru,Hybrid,"Ensure software quality at SecureNet India by designing test cases and identifying bugs before release. You'll perform manual testing, create automation scripts, and maintain quality standards.","Open to B.Sc CS, B.Tech, MCA students (2025, 2026, 2027 batches)","[""Bug Tracking"", ""Python"", ""SQL""]","[""LoadRunner"", ""Linux"", ""JIRA""]","[""B.Tech"", ""MCA"", ""B.Sc CS""]",2 Months,"₹10,000 / Month",https://careers.securenet-india.com/apply/internship-955,Demo Dataset
Network Engineer Intern,ProdigyTech Labs,Data Analytics,Mumbai,Remote,"Support ProdigyTech Labs's network infrastructure by configuring and maintaining network systems. You'll work on network security, connectivity, and performance optimization.","Open to B.Tech, MCA, BCA students (2025, 2026 batches)","[""Linux"", ""Switching"", ""Networking""]","[""Network Security"", ""Cisco IOS"", ""Firewalls""]","[""MCA"", ""B.Sc CS"", ""BCA""]",3 Months,"₹20,000 / Month",https://careers.prodigytech-labs.com/apply/internship-956,Demo Dataset
UI/UX Design Intern,Wipro,Data Analytics,Delhi NCR,On-site,"Create beautiful and intuitive user interfaces for Wipro's digital products. You'll conduct user research, create prototypes, and collaborate with developers to bring designs to life.","Open to MCA, B.Sc CS students (2025, 2027, 2028 batches)","[""Prototyping"", ""UI Design"", ""Wireframing""]","[""Sketch"", ""CSS"", ""User Testing""]","[""MCA"", ""BCA"", ""B.Sc CS""]",3 Months,"₹25,000 / Month",https://careers.wipro.com/apply/internship-957,Demo Dataset
Cloud & DevOps Intern,CodeWave Analytics,Artificial Intelligence,Kolkata,Remote,"Support CodeWave Analytics's cloud infrastructure and deployment pipelines using DevOps best practices. You'll work on containerization, CI/CD automation, and cloud platform management.","Open to B.Tech, MCA students (2025, 2027, 2028 batches)","[""Git"", ""Docker"", ""Linux""]","[""Kubernetes"", ""Terraform"", ""CI/CD""]","[""BCA"", ""MCA"", ""B.Sc CS""]",6 Months,"₹18,000 / Month",https://careers.codewave-analytics.com/apply/internship-958,Demo Dataset
Cloud & DevOps Intern,DataDrive Solutions,EdTech,Hyderabad,Remote,"Support DataDrive Solutions's cloud infrastructure and deployment pipelines using DevOps best practices. You'll work on containerization, CI/CD automation, and cloud platform management.","Open to B.Sc CS, B.Tech students (2025, 2026 batches)","[""Docker"", ""AWS"", ""Linux""]","[""CI/CD"", ""Kubernetes"", ""Azure""]","[""BCA"", ""B.Tech"", ""B.Sc CS""]",6 Months,"₹18,000 / Month",https://careers.datadrive-solutions.com/apply/internship-959,Demo Dataset
Database Administrator Intern,Tech Mahindra,Artificial Intelligence,Chennai,On-site,"Manage and optimize Tech Mahindra's databases to ensure performance and reliability. You'll handle backups, security, and database maintenance tasks.","Open to MCA, B.Tech students (2027, 2028 batches)","[""SQL"", ""Database Design"", ""PostgreSQL""]","[""MongoDB"", ""AWS"", ""Backup & Recovery""]","[""B.Sc CS"", ""B.Tech""]",2 Months,"₹5,000 / Month",https://careers.tech-mahindra.com/apply/internship-960,Demo Dataset
Solutions Architect Intern,Accenture India,Data Analytics,Remote,Hybrid,"Design comprehensive IT solutions for Accenture India's clients and internal needs. You'll evaluate technologies, create architecture diagrams, and present recommendations.","Open to B.Sc CS, B.Tech, BCA students (2025, 2027, 2028 batches)","[""Cloud Architecture"", ""Documentation"", ""AWS""]","[""Kubernetes"", ""Docker"", ""Azure""]","[""BCA"", ""B.Sc CS"", ""MCA""]",2 Months,"₹30,000 / Month",https://careers.accenture-india.com/apply/internship-961,Demo Dataset
Quality Assurance Intern,DataDrive Solutions,Cloud Computing,Kolkata,Remote,"Ensure software quality at DataDrive Solutions by designing test cases and identifying bugs before release. You'll perform manual testing, create automation scripts, and maintain quality standards.","Open to MCA, B.Sc CS, BCA students (2025, 2026, 2028 batches)","[""Python"", ""Bug Tracking"", ""Test Cases""]","[""LoadRunner"", ""Linux"", ""Automation Testing""]","[""B.Sc CS"", ""BCA""]",2 Months,"₹30,000 / Month",https://careers.datadrive-solutions.com/apply/internship-962,Demo Dataset
Cloud & DevOps Intern,SmartAI Innovations,Artificial Intelligence,Remote,Remote,"Support SmartAI Innovations's cloud infrastructure and deployment pipelines using DevOps best practices. You'll work on containerization, CI/CD automation, and cloud platform management.","Open to B.Tech, BCA, MCA students (2025, 2026 batches)","[""Python"", ""Linux"", ""Git""]","[""Kubernetes"", ""Jenkins"", ""CI/CD""]","[""MCA"", ""B.Tech""]",1 Month,"₹12,000 / Month",https://careers.smartai-innovations.com/apply/internship-963,Demo Dataset
Cloud Architect Intern,VectorShift AI,Data Analytics,Delhi NCR,Remote,"Design scalable and secure cloud solutions for VectorShift AI's applications and infrastructure. You'll work with cloud platforms, optimize costs, and ensure high availability.","Open to BCA, MCA students (2025, 2026, 2028 batches)","[""Cloud Architecture"", ""AWS"", ""System Design""]","[""GCP"", ""Terraform"", ""Docker""]","[""B.Tech"", ""B.Sc CS""]",6 Months,"₹25,000 / Month",https://careers.vectorshift-ai.com/apply/internship-964,Demo Dataset
UI/UX Design Intern,ABC Tech,Data Analytics,Mumbai,Hybrid,"Create beautiful and intuitive user interfaces for ABC Tech's digital products. You'll conduct user research, create prototypes, and collaborate with developers to bring designs to life.","Open to B.Tech, BCA students (2025, 2028 batches)","[""UX Research"", ""Wireframing"", ""Figma""]","[""User Testing"", ""Design Systems"", ""Adobe XD""]","[""B.Tech"", ""BCA"", ""MCA""]",6 Months,"₹5,000 / Month",https://careers.abc-tech.com/apply/internship-965,Demo Dataset
Frontend Developer Intern,Insight Analytics,IT & Software,Bengaluru,On-site,Build responsive and interactive user interfaces for Insight Analytics's web applications using modern frameworks. You'll collaborate with designers and backend developers to deliver engaging user experiences.,"Open to B.Tech, B.Sc CS, BCA students (2025, 2028 batches)","[""HTML"", ""CSS"", ""Git""]","[""Vue.js"", ""Figma"", ""TypeScript""]","[""B.Tech"", ""MCA""]",3 Months,"₹18,000 / Month",https://careers.insight-analytics.com/apply/internship-966,Demo Dataset
Cloud & DevOps Intern,Amazon India,Artificial Intelligence,Bengaluru,On-site,"Support Amazon India's cloud infrastructure and deployment pipelines using DevOps best practices. You'll work on containerization, CI/CD automation, and cloud platform management.","Open to B.Tech, BCA students (2026, 2027 batches)","[""Docker"", ""AWS"", ""Linux""]","[""Azure"", ""Jenkins"", ""Kubernetes""]","[""MCA"", ""B.Sc CS""]",6 Months,"₹10,000 / Month",https://careers.amazon-india.com/apply/internship-967,Demo Dataset
Full Stack Developer Intern,Insight Analytics,Artificial Intelligence,Mumbai,On-site,Build complete web applications at Insight Analytics by working on both frontend and backend technologies. You'll gain experience across the entire development stack and learn best practices in web development.,"Open to BCA, B.Sc CS, MCA students (2026, 2027, 2028 batches)","[""React"", ""Git"", ""SQL""]","[""MongoDB"", ""Express.js"", ""Docker""]","[""B.Sc CS"", ""B.Tech"", ""MCA""]",3 Months,"₹18,000 / Month",https://careers.insight-analytics.com/apply/internship-968,Demo Dataset
Cybersecurity Analyst Intern,Insight Analytics,IT & Software,Hyderabad,On-site,"Help Insight Analytics protect its digital assets by analyzing security threats and implementing protective measures. You'll participate in security audits, vulnerability assessments, and incident response activities.","Open to BCA, B.Tech students (2025, 2026, 2028 batches)","[""Encryption"", ""Linux"", ""Python""]","[""Penetration Testing"", ""Wireshark"", ""Metasploit""]","[""BCA"", ""B.Tech""]",6 Months,"₹25,000 / Month",https://careers.insight-analytics.com/apply/internship-969,Demo Dataset
UI/UX Design Intern,TCS (Tata Consultancy Services),Cybersecurity,Bengaluru,Hybrid,"Create beautiful and intuitive user interfaces for TCS (Tata Consultancy Services)'s digital products. You'll conduct user research, create prototypes, and collaborate with developers to bring designs to life.","Open to B.Sc CS, B.Tech students (2025, 2027 batches)","[""Prototyping"", ""UX Research"", ""Wireframing""]","[""User Testing"", ""Sketch"", ""CSS""]","[""B.Sc CS"", ""BCA"", ""MCA""]",6 Months,"₹30,000 / Month",https://careers.tcs-tata-consultancy-services.com/apply/internship-970,Demo Dataset
Cloud Architect Intern,Apple India,IT & Software,Delhi NCR,On-site,"Design scalable and secure cloud solutions for Apple India's applications and infrastructure. You'll work with cloud platforms, optimize costs, and ensure high availability.","Open to B.Tech, MCA students (2025, 2026, 2027 batches)","[""Linux"", ""System Design"", ""AWS""]","[""Docker"", ""GCP"", ""Terraform""]","[""B.Sc CS"", ""B.Tech"", ""MCA""]",1 Month,"₹30,000 / Month",https://careers.apple-india.com/apply/internship-971,Demo Dataset
Cloud Architect Intern,Flipkart,Cloud Computing,Kolkata,Hybrid,"Design scalable and secure cloud solutions for Flipkart's applications and infrastructure. You'll work with cloud platforms, optimize costs, and ensure high availability.","Open to BCA, MCA, B.Sc CS students (2025, 2027, 2028 batches)","[""Linux"", ""Cloud Architecture"", ""Networking""]","[""Terraform"", ""GCP"", ""Kubernetes""]","[""BCA"", ""B.Tech""]",3 Months,"₹18,000 / Month",https://careers.flipkart.com/apply/internship-972,Demo Dataset
Python Developer Intern,Wipro,Artificial Intelligence,Kolkata,Hybrid,Write clean and efficient Python code for Wipro's projects and applications. You'll learn Python best practices and contribute to building robust software solutions.,"Open to MCA, BCA students (2025, 2027, 2028 batches)","[""Data Structures"", ""SQL"", ""Git""]","[""FastAPI"", ""Flask"", ""Django""]","[""BCA"", ""MCA""]",6 Months,"₹10,000 / Month",https://careers.wipro.com/apply/internship-973,Demo Dataset
Python Developer Intern,PixelCraft Studios,IT & Software,Delhi NCR,Remote,Write clean and efficient Python code for PixelCraft Studios's projects and applications. You'll learn Python best practices and contribute to building robust software solutions.,"Open to BCA, B.Tech, B.Sc CS students (2025, 2026, 2027 batches)","[""Git"", ""SQL"", ""Python""]","[""Django"", ""FastAPI"", ""Docker""]","[""B.Sc CS"", ""B.Tech""]",3 Months,"₹5,000 / Month",https://careers.pixelcraft-studios.com/apply/internship-974,Demo Dataset
AI/ML Engineer Intern,Infosys,Data Analytics,Kolkata,On-site,"Advance Infosys's AI capabilities by developing intelligent systems and algorithms. You'll experiment with new techniques, optimize models, and solve complex AI problems.","Open to MCA, B.Tech, BCA students (2025, 2026, 2028 batches)","[""TensorFlow"", ""Statistics"", ""Machine Learning""]","[""Reinforcement Learning"", ""Computer Vision"", ""NLP""]","[""B.Tech"", ""MCA""]",3 Months,"₹25,000 / Month",https://careers.infosys.com/apply/internship-975,Demo Dataset
Quality Assurance Intern,SecureNet India,E-commerce,Remote,Hybrid,"Ensure software quality at SecureNet India by designing test cases and identifying bugs before release. You'll perform manual testing, create automation scripts, and maintain quality standards.","Open to BCA, MCA students (2025, 2026, 2027 batches)","[""Test Cases"", ""Manual Testing"", ""Python""]","[""LoadRunner"", ""Automation Testing"", ""Selenium""]","[""MCA"", ""BCA""]",1 Month,"₹10,000 / Month",https://careers.securenet-india.com/apply/internship-976,Demo Dataset
Machine Learning Intern,CloudStack Infra,IT & Software,Pune,Remote,Contribute to CloudStack Infra's AI initiatives by developing and training machine learning models on real datasets. You'll work alongside ML engineers to solve complex problems and implement cutting-edge algorithms.,"Open to B.Tech, BCA students (2025, 2028 batches)","[""scikit-learn"", ""Python"", ""Statistics""]","[""AWS"", ""PyTorch"", ""Computer Vision""]","[""B.Tech"", ""BCA""]",2 Months,"₹20,000 / Month",https://careers.cloudstack-infra.com/apply/internship-977,Demo Dataset
Cloud & DevOps Intern,CloudStack Infra,Cybersecurity,Pune,On-site,"Support CloudStack Infra's cloud infrastructure and deployment pipelines using DevOps best practices. You'll work on containerization, CI/CD automation, and cloud platform management.","Open to BCA, B.Sc CS, MCA students (2026, 2028 batches)","[""Git"", ""Python"", ""AWS""]","[""Jenkins"", ""Kubernetes"", ""Terraform""]","[""MCA"", ""BCA""]",3 Months,"₹30,000 / Month",https://careers.cloudstack-infra.com/apply/internship-978,Demo Dataset
Cybersecurity Analyst Intern,TechVision Labs,FinTech,Pune,On-site,"Help TechVision Labs protect its digital assets by analyzing security threats and implementing protective measures. You'll participate in security audits, vulnerability assessments, and incident response activities.","Open to MCA, B.Sc CS students (2026, 2027, 2028 batches)","[""Network Security"", ""Encryption"", ""Linux""]","[""Metasploit"", ""AWS"", ""Wireshark""]","[""BCA"", ""B.Sc CS""]",2 Months,"₹10,000 / Month",https://careers.techvision-labs.com/apply/internship-979,Demo Dataset
Full Stack Developer Intern,CodeWave Analytics,Cybersecurity,Chennai,Hybrid,Build complete web applications at CodeWave Analytics by working on both frontend and backend technologies. You'll gain experience across the entire development stack and learn best practices in web development.,"Open to B.Tech, B.Sc CS, MCA students (2027, 2028 batches)","[""JavaScript"", ""Git"", ""React""]","[""MongoDB"", ""REST APIs"", ""Docker""]","[""BCA"", ""MCA"", ""B.Sc CS""]",1 Month,"₹20,000 / Month",https://careers.codewave-analytics.com/apply/internship-980,Demo Dataset
Python Developer Intern,SynergyAI Systems,IT & Software,Hyderabad,Hybrid,Write clean and efficient Python code for SynergyAI Systems's projects and applications. You'll learn Python best practices and contribute to building robust software solutions.,"Open to MCA, B.Tech, BCA students (2025, 2026, 2027 batches)","[""Git"", ""OOP"", ""SQL""]","[""Flask"", ""FastAPI"", ""Docker""]","[""BCA"", ""B.Tech""]",2 Months,"₹25,000 / Month",https://careers.synergyai-systems.com/apply/internship-981,Demo Dataset
UI/UX Design Intern,ABC Tech,Cybersecurity,Hyderabad,On-site,"Create beautiful and intuitive user interfaces for ABC Tech's digital products. You'll conduct user research, create prototypes, and collaborate with developers to bring designs to life.","Open to B.Tech, B.Sc CS students (2025, 2026, 2028 batches)","[""Prototyping"", ""Wireframing"", ""Figma""]","[""User Testing"", ""CSS"", ""Design Systems""]","[""B.Sc CS"", ""B.Tech"", ""MCA""]",1 Month,"₹12,000 / Month",https://careers.abc-tech.com/apply/internship-982,Demo Dataset
AI/ML Engineer Intern,SynergyAI Systems,IT & Software,Chennai,Hybrid,"Advance SynergyAI Systems's AI capabilities by developing intelligent systems and algorithms. You'll experiment with new techniques, optimize models, and solve complex AI problems.","Open to BCA, B.Tech students (2025, 2027 batches)","[""Machine Learning"", ""Deep Learning"", ""Python""]","[""Reinforcement Learning"", ""NLP"", ""AWS""]","[""BCA"", ""B.Tech""]",6 Months,"₹20,000 / Month",https://careers.synergyai-systems.com/apply/internship-983,Demo Dataset
UI/UX Design Intern,Accenture India,FinTech,Kolkata,On-site,"Create beautiful and intuitive user interfaces for Accenture India's digital products. You'll conduct user research, create prototypes, and collaborate with developers to bring designs to life.","Open to B.Sc CS, B.Tech students (2026, 2028 batches)","[""UI Design"", ""UX Research"", ""Wireframing""]","[""Sketch"", ""Adobe XD"", ""Design Systems""]","[""MCA"", ""B.Tech""]",1 Month,"₹18,000 / Month",https://careers.accenture-india.com/apply/internship-984,Demo Dataset
Product Manager Intern,CloudNine Dynamics,Data Analytics,Hyderabad,Hybrid,"Support CloudNine Dynamics's product team in developing and launching successful products. You'll conduct market research, analyze user feedback, and contribute to product strategy.","Open to MCA, B.Sc CS, BCA students (2026, 2028 batches)","[""SQL"", ""Excel"", ""Product Strategy""]","[""Roadmapping"", ""A/B Testing"", ""Python""]","[""BCA"", ""B.Sc CS""]",6 Months,"₹10,000 / Month",https://careers.cloudnine-dynamics.com/apply/internship-985,Demo Dataset
Quality Assurance Intern,ProdigyTech Labs,Cybersecurity,Kolkata,Remote,"Ensure software quality at ProdigyTech Labs by designing test cases and identifying bugs before release. You'll perform manual testing, create automation scripts, and maintain quality standards.","Open to B.Sc CS, BCA students (2025, 2027, 2028 batches)","[""SQL"", ""Python"", ""Manual Testing""]","[""Automation Testing"", ""JIRA"", ""Selenium""]","[""B.Sc CS"", ""B.Tech""]",3 Months,"₹20,000 / Month",https://careers.prodigytech-labs.com/apply/internship-986,Demo Dataset
Cloud & DevOps Intern,NeuroTech Solutions,Cloud Computing,Remote,Hybrid,"Support NeuroTech Solutions's cloud infrastructure and deployment pipelines using DevOps best practices. You'll work on containerization, CI/CD automation, and cloud platform management.","Open to B.Tech, B.Sc CS, BCA students (2027, 2028 batches)","[""Linux"", ""AWS"", ""Docker""]","[""Terraform"", ""Jenkins"", ""CI/CD""]","[""BCA"", ""B.Sc CS"", ""B.Tech""]",6 Months,"₹18,000 / Month",https://careers.neurotech-solutions.com/apply/internship-987,Demo Dataset
Data Analyst Intern,TCS (Tata Consultancy Services),E-commerce,Mumbai,On-site,"Work with TCS (Tata Consultancy Services)'s data team to analyze business metrics and create actionable insights. You'll develop data visualizations, write SQL queries, and support data-driven decision-making across the organization.","Open to B.Tech, BCA students (2025, 2027, 2028 batches)","[""Excel"", ""Statistics"", ""Data Visualization""]","[""Power BI"", ""Tableau"", ""R""]","[""B.Tech"", ""B.Sc CS""]",2 Months,"₹15,000 / Month",https://careers.tcs-tata-consultancy-services.com/apply/internship-988,Demo Dataset
Business Analyst Intern,SecureNet India,EdTech,Bengaluru,Hybrid,"Work with SecureNet India's stakeholders to gather requirements and improve business processes. You'll create documentation, analyze workflows, and support project implementation.","Open to BCA, MCA students (2025, 2027 batches)","[""Business Analysis"", ""SQL"", ""Documentation""]","[""Python"", ""Tableau"", ""Process Mapping""]","[""MCA"", ""B.Tech"", ""B.Sc CS""]",2 Months,"₹10,000 / Month",https://careers.securenet-india.com/apply/internship-989,Demo Dataset
Cloud & DevOps Intern,Amazon India,E-commerce,Pune,Hybrid,"Support Amazon India's cloud infrastructure and deployment pipelines using DevOps best practices. You'll work on containerization, CI/CD automation, and cloud platform management.","Open to B.Sc CS, B.Tech, BCA students (2025, 2026, 2028 batches)","[""Python"", ""AWS"", ""Linux""]","[""Terraform"", ""CI/CD"", ""Kubernetes""]","[""B.Tech"", ""B.Sc CS"", ""MCA""]",2 Months,"₹5,000 / Month",https://careers.amazon-india.com/apply/internship-990,Demo Dataset
Full Stack Developer Intern,Cisco Systems India,IT & Software,Mumbai,Remote,Build complete web applications at Cisco Systems India by working on both frontend and backend technologies. You'll gain experience across the entire development stack and learn best practices in web development.,"Open to MCA, B.Sc CS students (2025, 2027, 2028 batches)","[""Git"", ""Node.js"", ""JavaScript""]","[""MongoDB"", ""REST APIs"", ""Express.js""]","[""B.Sc CS"", ""B.Tech"", ""MCA""]",2 Months,"₹30,000 / Month",https://careers.cisco-systems-india.com/apply/internship-991,Demo Dataset
Frontend Developer Intern,Accenture India,EdTech,Chennai,Remote,Build responsive and interactive user interfaces for Accenture India's web applications using modern frameworks. You'll collaborate with designers and backend developers to deliver engaging user experiences.,"Open to MCA, B.Tech students (2025, 2026, 2028 batches)","[""JavaScript"", ""CSS"", ""HTML""]","[""Vue.js"", ""REST APIs"", ""Figma""]","[""B.Sc CS"", ""BCA"", ""B.Tech""]",6 Months,"₹15,000 / Month",https://careers.accenture-india.com/apply/internship-992,Demo Dataset
Product Manager Intern,ProdigyTech Labs,E-commerce,Kolkata,On-site,"Support ProdigyTech Labs's product team in developing and launching successful products. You'll conduct market research, analyze user feedback, and contribute to product strategy.","Open to B.Tech, BCA students (2026, 2028 batches)","[""Communication"", ""Product Strategy"", ""SQL""]","[""Analytics"", ""Python"", ""Roadmapping""]","[""B.Sc CS"", ""MCA"", ""B.Tech""]",2 Months,"₹25,000 / Month",https://careers.prodigytech-labs.com/apply/internship-993,Demo Dataset
Software Development Intern,CloudNine Dynamics,EdTech,Kolkata,On-site,"Join CloudNine Dynamics's development team and contribute to building scalable software solutions using modern technologies. You will work on real-world projects, collaborate with experienced engineers, and gain hands-on experience in the full software development lifecycle.","Open to B.Sc CS, B.Tech students (2026, 2027, 2028 batches)","[""Data Structures"", ""Git"", ""Java""]","[""Linux"", ""REST APIs"", ""Docker""]","[""B.Sc CS"", ""B.Tech"", ""MCA""]",6 Months,"₹18,000 / Month",https://careers.cloudnine-dynamics.com/apply/internship-994,Demo Dataset
Backend Developer Intern,Wipro,FinTech,Kolkata,Remote,"Design and develop server-side logic and APIs for Wipro's applications. You'll work with databases, optimize performance, and ensure scalability of backend systems.","Open to B.Sc CS, MCA, B.Tech students (2025, 2028 batches)","[""SQL"", ""Git"", ""Python""]","[""PostgreSQL"", ""MongoDB"", ""Express.js""]","[""MCA"", ""B.Sc CS"", ""B.Tech""]",2 Months,"₹20,000 / Month",https://careers.wipro.com/apply/internship-995,Demo Dataset
Mobile App Developer Intern,Cognizant,Artificial Intelligence,Bengaluru,Remote,"Develop mobile applications for iOS or Android platforms at Cognizant. You'll work on feature development, testing, and optimization to deliver high-quality mobile experiences.","Open to BCA, B.Tech, MCA students (2027, 2028 batches)","[""Git"", ""Java"", ""Android""]","[""REST APIs"", ""iOS"", ""SQLite""]","[""MCA"", ""B.Sc CS""]",6 Months,"₹10,000 / Month",https://careers.cognizant.com/apply/internship-996,Demo Dataset
UI/UX Design Intern,DataDrive Solutions,Artificial Intelligence,Chennai,Remote,"Create beautiful and intuitive user interfaces for DataDrive Solutions's digital products. You'll conduct user research, create prototypes, and collaborate with developers to bring designs to life.","Open to B.Sc CS, B.Tech students (2025, 2026, 2027 batches)","[""UI Design"", ""Wireframing"", ""Prototyping""]","[""CSS"", ""Adobe XD"", ""Design Systems""]","[""B.Sc CS"", ""BCA"", ""B.Tech""]",3 Months,"₹15,000 / Month",https://careers.datadrive-solutions.com/apply/internship-997,Demo Dataset
Mobile App Developer Intern,Freshworks,Cloud Computing,Delhi NCR,Hybrid,"Develop mobile applications for iOS or Android platforms at Freshworks. You'll work on feature development, testing, and optimization to deliver high-quality mobile experiences.","Open to MCA, B.Sc CS, B.Tech students (2025, 2028 batches)","[""Kotlin"", ""React Native"", ""Android""]","[""Firebase"", ""iOS"", ""REST APIs""]","[""B.Sc CS"", ""B.Tech"", ""MCA""]",1 Month,"₹15,000 / Month",https://careers.freshworks.com/apply/internship-998,Demo Dataset
AI/ML Engineer Intern,HCL Technologies,FinTech,Bengaluru,On-site,"Advance HCL Technologies's AI capabilities by developing intelligent systems and algorithms. You'll experiment with new techniques, optimize models, and solve complex AI problems.","Open to MCA, B.Sc CS students (2025, 2026, 2027 batches)","[""TensorFlow"", ""Machine Learning"", ""Deep Learning""]","[""Computer Vision"", ""PyTorch"", ""Reinforcement Learning""]","[""BCA"", ""MCA"", ""B.Sc CS""]",3 Months,"₹15,000 / Month",https://careers.hcl-technologies.com/apply/internship-999,Demo Dataset
Machine Learning Intern,Amazon India,E-commerce,Hyderabad,On-site,Contribute to Amazon India's AI initiatives by developing and training machine learning models on real datasets. You'll work alongside ML engineers to solve complex problems and implement cutting-edge algorithms.,"Open to B.Tech, BCA, B.Sc CS students (2025, 2027 batches)","[""Statistics"", ""TensorFlow"", ""Python""]","[""AWS"", ""Deep Learning"", ""Computer Vision""]","[""B.Sc CS"", ""BCA"", ""MCA""]",2 Months,"₹18,000 / Month",https://careers.amazon-india.com/apply/internship-1000,Demo Dataset
